{
    "total_frames": 600,
    "frame_counts": {
        "I": 3,
        "B": 230,
        "P": 367
    },
    "frame_percentages": {
        "I": 0.5,
        "B": 38.333333333333336,
        "P": 61.16666666666667
    }
}