{
    "total_frames": 300,
    "frame_counts": {
        "I": 2,
        "B": 91,
        "P": 207
    },
    "frame_percentages": {
        "I": 0.6666666666666667,
        "B": 30.333333333333336,
        "P": 69.0
    }
}