{
    "total_frames": 300,
    "frame_counts": {
        "I": 2,
        "B": 207,
        "P": 91
    },
    "frame_percentages": {
        "I": 0.6666666666666667,
        "B": 69.0,
        "P": 30.333333333333336
    }
}