{
    "total_frames": 150,
    "frame_counts": {
        "I": 3,
        "P": 70,
        "B": 77
    },
    "frame_percentages": {
        "I": 2.0,
        "P": 46.666666666666664,
        "B": 51.33333333333333
    }
}