{
    "total_frames": 600,
    "frame_counts": {
        "I": 3,
        "B": 479,
        "P": 118
    },
    "frame_percentages": {
        "I": 0.5,
        "B": 79.83333333333333,
        "P": 19.666666666666664
    }
}