{
    "total_frames": 600,
    "frame_counts": {
        "I": 3,
        "B": 451,
        "P": 146
    },
    "frame_percentages": {
        "I": 0.5,
        "B": 75.16666666666667,
        "P": 24.333333333333336
    }
}