{
    "total_frames": 600,
    "frame_counts": {
        "I": 5,
        "P": 595
    },
    "frame_percentages": {
        "I": 0.8333333333333334,
        "P": 99.16666666666667
    }
}