{
    "2": 2.445781962250989,
    "4": 2.4423981000273907,
    "3": 2.4402596854810756,
    "1": 2.448601841893408
}