{
    "videos\\HEVC_CLASS_B\\BasketballDrive_1920x1080_50.y4m": 2.4575314936709995,
    "videos\\HEVC_CLASS_B\\BQTerrace_1920x1080_60.y4m": 2.459176427672953,
    "videos\\HEVC_CLASS_B\\Cactus_1920x1080_50.y4m": 2.4575314934983012,
    "videos\\HEVC_CLASS_B\\Kimono_1920x1080_24.y4m": 2.4468394221287686,
    "videos\\HEVC_CLASS_B\\ParkScene_1920x1080_24.y4m": 2.4468394221893766
}