{
    "3": 1.1442350334160795e-09,
    "2": 2.8236277703166914e-09
}