{
    "videos\\HEVC_CLASS_B\\BasketballDrive_1920x1080_50.y4m": 1.3665818999624003e-09,
    "videos\\HEVC_CLASS_B\\BQTerrace_1920x1080_60.y4m": 9.218881668697587e-10,
    "videos\\HEVC_CLASS_B\\Cactus_1920x1080_50.y4m": 1.2148125617404326e-09,
    "videos\\HEVC_CLASS_B\\Kimono_1920x1080_24.y4m": 3.7444461352435365e-09,
    "videos\\HEVC_CLASS_B\\ParkScene_1920x1080_24.y4m": 3.511624613966105e-09
}