{
    "videos\\UVG\\Beauty_1920x1080_120fps_420_8bit_YUV.y4m": 2.459176427842371,
    "videos\\UVG\\Bosphorus_1920x1080_120fps_420_8bit_YUV.y4m": 2.459176427592709,
    "videos\\UVG\\HoneyBee_1920x1080_120fps_420_8bit_YUV.y4m": 2.4591764276089307,
    "videos\\UVG\\Jockey_1920x1080_120fps_420_8bit_YUV.y4m": 2.4591764276468173,
    "videos\\UVG\\ReadySteadyGo_1920x1080_120fps_420_8bit_YUV.y4m": 2.4591764274974257,
    "videos\\UVG\\ShakeNDry_1920x1080_120fps_420_8bit_YUV.y4m": 2.4509517574153197,
    "videos\\UVG\\YachtRide_1920x1080_120fps_420_8bit_YUV.y4m": 2.4591764275797336
}