{
    "1": 2.4571202601148325,
    "3": 2.4591764276468173,
    "4": 2.4591764274974257,
    "2": 2.4591764275797336
}