{
    "total_frames": 300,
    "frame_counts": {
        "I": 2,
        "B": 232,
        "P": 66
    },
    "frame_percentages": {
        "I": 0.6666666666666667,
        "B": 77.33333333333333,
        "P": 22.0
    }
}