{
    "total_frames": 300,
    "frame_counts": {
        "I": 2,
        "B": 221,
        "P": 77
    },
    "frame_percentages": {
        "I": 0.6666666666666667,
        "B": 73.66666666666667,
        "P": 25.666666666666664
    }
}