{
    "total_frames": 600,
    "frame_counts": {
        "I": 3,
        "B": 443,
        "P": 154
    },
    "frame_percentages": {
        "I": 0.5,
        "B": 73.83333333333333,
        "P": 25.666666666666664
    }
}