{
    "total_frames": 300,
    "frame_counts": {
        "I": 2,
        "B": 239,
        "P": 59
    },
    "frame_percentages": {
        "I": 0.6666666666666667,
        "B": 79.66666666666666,
        "P": 19.666666666666664
    }
}