{
    "total_frames": 300,
    "frame_counts": {
        "I": 1,
        "P": 299
    },
    "frame_percentages": {
        "I": 0.33333333333333337,
        "P": 99.66666666666667
    }
}