{
    "total_frames": 150,
    "frame_counts": {
        "I": 1,
        "P": 149
    },
    "frame_percentages": {
        "I": 0.6666666666666667,
        "P": 99.33333333333333
    }
}