{
    "total_frames": 150,
    "frame_counts": {
        "I": 1,
        "B": 107,
        "P": 42
    },
    "frame_percentages": {
        "I": 0.6666666666666667,
        "B": 71.33333333333334,
        "P": 28.000000000000004
    }
}