{
    "total_frames": 150,
    "frame_counts": {
        "I": 3,
        "P": 44,
        "B": 103
    },
    "frame_percentages": {
        "I": 2.0,
        "P": 29.333333333333332,
        "B": 68.66666666666667
    }
}