{
    "total_frames": 150,
    "frame_counts": {
        "I": 1,
        "B": 112,
        "P": 37
    },
    "frame_percentages": {
        "I": 0.6666666666666667,
        "B": 74.66666666666667,
        "P": 24.666666666666668
    }
}