{
    "total_frames": 300,
    "frame_counts": {
        "I": 2,
        "B": 236,
        "P": 62
    },
    "frame_percentages": {
        "I": 0.6666666666666667,
        "B": 78.66666666666666,
        "P": 20.666666666666668
    }
}