{
    "2": 1.0866926479427947e-08,
    "4": 1.6737246647160683e-09,
    "3": 2.3672933850562682e-09,
    "1": 3.310924076258903e-08
}