{
    "videos\\BVI-HD\\BallUnderWater_1920x1080_60fps.mp4": 1.5188546585704723e-09,
    "videos\\BVI-HD\\Bookcase_1920x1080_60fps.mp4": 1.6142494999814372e-09,
    "videos\\BVI-HD\\Boxing_1920x1080_30fps.mp4": 1.8042416921588494e-09,
    "videos\\BVI-HD\\BricksLeaves_1920x1080_60fps.mp4": 9.141353704909757e-10,
    "videos\\BVI-HD\\BridgeRiver_1920x1080_30fps.mp4": 1.8180802011745843e-09,
    "videos\\BVI-HD\\BubblesPitcher_1920x1080_60fps.mp4": 4.3065029365765615e-09,
    "videos\\BVI-HD\\CalmingWater_1920x1080_60fps.mp4": 2.0849750544206336e-09,
    "videos\\BVI-HD\\CarpetCircleFast_1920x1080_60fps.mp4": 2.7627118172660205e-09,
    "videos\\BVI-HD\\CloudsZoom_1920x1080_60fps.mp4": 8.086960645091398e-10,
    "videos\\BVI-HD\\DiverFishAndRock_1920x1080_30fps.mp4": 1.4440740075245926e-09,
    "videos\\BVI-HD\\Diver_1920x1080_30fps.mp4": 2.5090211639391684e-09,
    "videos\\BVI-HD\\FishAndRock_1920x1080_30fps.mp4": 2.3791480460654598e-09,
    "videos\\BVI-HD\\Fountain_1920x1080_50fps.mp4": 3.1633648232078462e-09,
    "videos\\BVI-HD\\Grass_1920x1080_60fps.mp4": 8.910380315172477e-10,
    "videos\\BVI-HD\\Hamster_1920x1080_60fps.mp4": 2.502800855968707e-09,
    "videos\\BVI-HD\\KineticFastPainting_1920x1080_60fps.mp4": 8.966883421877985e-10,
    "videos\\BVI-HD\\Lightreef_1920x1080_30fps.mp4": 1.7307007729344912e-09,
    "videos\\BVI-HD\\MartialArts_1920x1080_60fps.mp4": 9.660367452764464e-10,
    "videos\\BVI-HD\\Music_1920x1080_30fps.mp4": 4.475184271498999e-09,
    "videos\\BVI-HD\\PaintingTilting_1920x1080_60fps.mp4": 8.391826168963305e-10,
    "videos\\BVI-HD\\ParkPlay_1920x1080_50fps.mp4": 4.668180437328403e-09,
    "videos\\BVI-HD\\PlasmaAveragePan_1920x1080_60fps.mp4": 5.951559939374669e-08,
    "videos\\BVI-HD\\PlasmaSlowRandom_1920x1080_60fps.mp4": 2.2371518268067373e-07,
    "videos\\BVI-HD\\RockWater_1920x1080_30fps.mp4": 3.1621995351887107e-09,
    "videos\\BVI-HD\\RockWave_1920x1080_30fps.mp4": 1.3158585661696125e-09,
    "videos\\BVI-HD\\Rowing_1920x1080_30fps.mp4": 1.2716469071430182e-09,
    "videos\\BVI-HD\\SmokeGuns_1920x1080_60fps.mp4": 1.6125690700107953e-09,
    "videos\\BVI-HD\\Surfers_1920x1080_30fps.mp4": 1.083926395330014e-09,
    "videos\\BVI-HD\\Toys_1920x1080_30fps.mp4": 2.0319655411338673e-09,
    "videos\\BVI-HD\\TreeGrassFamily_1920x1080_30fps.mp4": 2.4223036805625734e-09,
    "videos\\BVI-HD\\TreeTrunk_1920x1080_50fps.mp4": 2.0175036600798e-09,
    "videos\\BVI-HD\\Typing_1920x1080_60fps.mp4": 1.2621415821966864e-09
}