{
    "1": 2.2080714702918086e-09,
    "3": 2.10539949309167e-09,
    "4": 1.028218390711422e-09,
    "2": 6.409788050966945e-10
}