{
    "videos\\UVG\\Beauty_1920x1080_120fps_420_8bit_YUV.y4m": 3.321784685688087e-09,
    "videos\\UVG\\Bosphorus_1920x1080_120fps_420_8bit_YUV.y4m": 7.1345759489299e-10,
    "videos\\UVG\\HoneyBee_1920x1080_120fps_420_8bit_YUV.y4m": 2.1689106061702242e-09,
    "videos\\UVG\\Jockey_1920x1080_120fps_420_8bit_YUV.y4m": 2.10539949309167e-09,
    "videos\\UVG\\ReadySteadyGo_1920x1080_120fps_420_8bit_YUV.y4m": 1.028218390711422e-09,
    "videos\\UVG\\ShakeNDry_1920x1080_120fps_420_8bit_YUV.y4m": 2.6281329944159343e-09,
    "videos\\UVG\\YachtRide_1920x1080_120fps_420_8bit_YUV.y4m": 6.409788050966945e-10
}