{
    "total_frames": 600,
    "frame_counts": {
        "I": 2,
        "P": 598
    },
    "frame_percentages": {
        "I": 0.33333333333333337,
        "P": 99.66666666666667
    }
}