{
    "total_frames": 240,
    "frame_counts": {
        "I": 1,
        "B": 179,
        "P": 60
    },
    "frame_percentages": {
        "I": 0.4166666666666667,
        "B": 74.58333333333333,
        "P": 25.0
    }
}