{
    "total_frames": 600,
    "frame_counts": {
        "I": 3,
        "B": 470,
        "P": 127
    },
    "frame_percentages": {
        "I": 0.5,
        "B": 78.33333333333333,
        "P": 21.166666666666668
    }
}