{
    "total_frames": 600,
    "frame_counts": {
        "I": 3,
        "B": 409,
        "P": 188
    },
    "frame_percentages": {
        "I": 0.5,
        "B": 68.16666666666666,
        "P": 31.333333333333336
    }
}