{
    "total_frames": 240,
    "frame_counts": {
        "I": 1,
        "B": 185,
        "P": 54
    },
    "frame_percentages": {
        "I": 0.4166666666666667,
        "B": 77.08333333333334,
        "P": 22.5
    }
}