{
    "total_frames": 150,
    "frame_counts": {
        "I": 1,
        "B": 111,
        "P": 38
    },
    "frame_percentages": {
        "I": 0.6666666666666667,
        "B": 74.0,
        "P": 25.333333333333336
    }
}