{
    "total_frames": 300,
    "frame_counts": {
        "I": 3,
        "B": 221,
        "P": 76
    },
    "frame_percentages": {
        "I": 1.0,
        "B": 73.66666666666667,
        "P": 25.333333333333336
    }
}