{
    "total_frames": 150,
    "frame_counts": {
        "I": 2,
        "B": 107,
        "P": 41
    },
    "frame_percentages": {
        "I": 1.3333333333333335,
        "B": 71.33333333333334,
        "P": 27.333333333333332
    }
}