{
    "Beauty_1920x1080_120fps_420_8bit_YUV_h264.mp4": {
        "psnr": 12.978733333333333,
        "ssim": 0.6658833333333333,
        "vmaf": 4.402888241666667
    },
    "Bosphorus_1920x1080_120fps_420_8bit_YUV_h264.mp4": {
        "psnr": 12.4684,
        "ssim": 0.6521983333333333,
        "vmaf": 8.123206913333334
    },
    "HoneyBee_1920x1080_120fps_420_8bit_YUV_h264.mp4": {
        "psnr": 15.4018,
        "ssim": 0.615585,
        "vmaf": 6.313878306666666
    },
    "Jockey_1920x1080_120fps_420_8bit_YUV_h264.mp4": {
        "psnr": 35.44121666666667,
        "ssim": 0.9142983333333334,
        "vmaf": 53.55306950166667
    },
    "ReadySteadyGo_1920x1080_120fps_420_8bit_YUV_h264.mp4": {
        "psnr": 12.692066666666665,
        "ssim": 0.58869,
        "vmaf": 16.712875238333332
    },
    "ShakeNDry_1920x1080_120fps_420_8bit_YUV_h264.mp4": {
        "psnr": 14.874533333333332,
        "ssim": 0.577,
        "vmaf": 7.450729131666667
    },
    "YachtRide_1920x1080_120fps_420_8bit_YUV_h264.mp4": {
        "psnr": 11.31995,
        "ssim": 0.6323333333333333,
        "vmaf": 8.838584691666666
    },
    "Beauty_1920x1080_120fps_420_8bit_YUV_hevc.mp4": {
        "psnr": 12.959,
        "ssim": 0.6611083333333334,
        "vmaf": 4.423355645
    },
    "Bosphorus_1920x1080_120fps_420_8bit_YUV_hevc.mp4": {
        "psnr": 12.4949,
        "ssim": 0.6386833333333333,
        "vmaf": 8.562682796666666
    },
    "HoneyBee_1920x1080_120fps_420_8bit_YUV_hevc.mp4": {
        "psnr": 15.380466666666667,
        "ssim": 0.6099066666666667,
        "vmaf": 6.3849887
    },
    "Jockey_1920x1080_120fps_420_8bit_YUV_hevc.mp4": {
        "psnr": 39.71123333333333,
        "ssim": 0.9410983333333334,
        "vmaf": 85.08743928
    },
    "ReadySteadyGo_1920x1080_120fps_420_8bit_YUV_hevc.mp4": {
        "psnr": 12.66945,
        "ssim": 0.5685566666666667,
        "vmaf": 18.015296331666665
    },
    "ShakeNDry_1920x1080_120fps_420_8bit_YUV_hevc.mp4": {
        "psnr": 14.853066666666667,
        "ssim": 0.56337,
        "vmaf": 7.708266671666667
    },
    "YachtRide_1920x1080_120fps_420_8bit_YUV_hevc.mp4": {
        "psnr": 11.308466666666666,
        "ssim": 0.6112966666666667,
        "vmaf": 9.704145611666666
    },
    "Beauty_1920x1080_120fps_420_8bit_YUV_vp9.webm": {
        "psnr": 12.95985,
        "ssim": 0.6673316666666667,
        "vmaf": 4.373221628333333
    },
    "Bosphorus_1920x1080_120fps_420_8bit_YUV_vp9.webm": {
        "psnr": 12.494633333333333,
        "ssim": 0.6564433333333333,
        "vmaf": 7.907214621666667
    },
    "HoneyBee_1920x1080_120fps_420_8bit_YUV_vp9.webm": {
        "psnr": 15.389050000000001,
        "ssim": 0.612135,
        "vmaf": 6.239536668333334
    },
    "Jockey_1920x1080_120fps_420_8bit_YUV_vp9.webm": {
        "psnr": 36.50431666666667,
        "ssim": 0.9202316666666667,
        "vmaf": 58.41115459166667
    },
    "ReadySteadyGo_1920x1080_120fps_420_8bit_YUV_vp9.webm": {
        "psnr": 12.686416666666668,
        "ssim": 0.5892866666666666,
        "vmaf": 17.409661456666665
    },
    "ShakeNDry_1920x1080_120fps_420_8bit_YUV_vp9.webm": {
        "psnr": 14.883549999999998,
        "ssim": 0.5845033333333334,
        "vmaf": 7.255873515
    },
    "YachtRide_1920x1080_120fps_420_8bit_YUV_vp9.webm": {
        "psnr": 11.325133333333333,
        "ssim": 0.633125,
        "vmaf": 9.442232441666667
    }
}