{
    "Beauty_1920x1080_120fps_420_8bit_YUV_h264.mp4": {
        "psnr": 12.978733333333333,
        "ssim": 0.6658833333333333,
        "vmaf": 4.402888241666667
    },
    "Bosphorus_1920x1080_120fps_420_8bit_YUV_h264.mp4": {
        "psnr": 12.4684,
        "ssim": 0.6521983333333333,
        "vmaf": 8.123206913333334
    },
    "HoneyBee_1920x1080_120fps_420_8bit_YUV_h264.mp4": {
        "psnr": 15.4018,
        "ssim": 0.615585,
        "vmaf": 6.313878306666666
    },
    "Jockey_1920x1080_120fps_420_8bit_YUV_h264.mp4": {
        "psnr": 35.44121666666667,
        "ssim": 0.9142983333333334,
        "vmaf": 53.55306950166667
    },
    "ReadySteadyGo_1920x1080_120fps_420_8bit_YUV_h264.mp4": {
        "psnr": 12.692066666666665,
        "ssim": 0.58869,
        "vmaf": 16.712875238333332
    },
    "ShakeNDry_1920x1080_120fps_420_8bit_YUV_h264.mp4": {
        "psnr": 14.874533333333332,
        "ssim": 0.577,
        "vmaf": 7.450729131666667
    },
    "YachtRide_1920x1080_120fps_420_8bit_YUV_h264.mp4": {
        "psnr": 11.31995,
        "ssim": 0.6323333333333333,
        "vmaf": 8.838584691666666
    },
    "Beauty_1920x1080_120fps_420_8bit_YUV_hevc.mp4": {
        "psnr": 12.973833333333333,
        "ssim": 0.6660149999999999,
        "vmaf": 4.338404443333333
    },
    "Bosphorus_1920x1080_120fps_420_8bit_YUV_hevc.mp4": {
        "psnr": 12.500733333333333,
        "ssim": 0.64815,
        "vmaf": 8.272570368333334
    },
    "HoneyBee_1920x1080_120fps_420_8bit_YUV_hevc.mp4": {
        "psnr": 15.387416666666669,
        "ssim": 0.6137216666666667,
        "vmaf": 6.2346905999999995
    },
    "Jockey_1920x1080_120fps_420_8bit_YUV_hevc.mp4": {
        "psnr": 35.29383333333333,
        "ssim": 0.9093566666666667,
        "vmaf": 52.90863705666666
    },
    "ReadySteadyGo_1920x1080_120fps_420_8bit_YUV_hevc.mp4": {
        "psnr": 12.746616666666666,
        "ssim": 0.5982616666666667,
        "vmaf": 15.454316768333335
    },
    "ShakeNDry_1920x1080_120fps_420_8bit_YUV_hevc.mp4": {
        "psnr": 14.863916666666666,
        "ssim": 0.5787183333333333,
        "vmaf": 7.578282208333333
    },
    "YachtRide_1920x1080_120fps_420_8bit_YUV_hevc.mp4": {
        "psnr": 11.3444,
        "ssim": 0.63621,
        "vmaf": 8.73817759
    }
}