{
    "Beauty_1920x1080_120fps_420_8bit_YUV_h264.mp4": {
        "psnr": 12.997633333333333,
        "ssim": 0.6674283333333333,
        "vmaf": 4.380516191666667
    },
    "Bosphorus_1920x1080_120fps_420_8bit_YUV_h264.mp4": {
        "psnr": 12.46525,
        "ssim": 0.6564883333333333,
        "vmaf": 8.105591541666666
    },
    "HoneyBee_1920x1080_120fps_420_8bit_YUV_h264.mp4": {
        "psnr": 15.409133333333333,
        "ssim": 0.6177166666666667,
        "vmaf": 6.232122820000001
    },
    "Jockey_1920x1080_120fps_420_8bit_YUV_h264.mp4": {
        "psnr": 34.260266666666666,
        "ssim": 0.9046783333333334,
        "vmaf": 46.925116958333334
    },
    "ReadySteadyGo_1920x1080_120fps_420_8bit_YUV_h264.mp4": {
        "psnr": 12.709783333333332,
        "ssim": 0.59424,
        "vmaf": 16.467702665
    },
    "ShakeNDry_1920x1080_120fps_420_8bit_YUV_h264.mp4": {
        "psnr": 14.883149999999999,
        "ssim": 0.581485,
        "vmaf": 7.335382296666666
    },
    "YachtRide_1920x1080_120fps_420_8bit_YUV_h264.mp4": {
        "psnr": 11.326516666666667,
        "ssim": 0.636745,
        "vmaf": 8.597290334999999
    }
}