{
    "Beauty_1920x1080_120fps_420_8bit_YUV_vp9.webm": {
        "psnr": 12.95795,
        "ssim": 0.66265,
        "vmaf": 4.339596413333334
    },
    "Bosphorus_1920x1080_120fps_420_8bit_YUV_vp9.webm": {
        "psnr": 12.493883333333333,
        "ssim": 0.6514366666666667,
        "vmaf": 8.176864521666666
    },
    "HoneyBee_1920x1080_120fps_420_8bit_YUV_vp9.webm": {
        "psnr": 15.387483333333334,
        "ssim": 0.6111483333333334,
        "vmaf": 6.3173041733333335
    },
    "Jockey_1920x1080_120fps_420_8bit_YUV_vp9.webm": {
        "psnr": 37.957166666666666,
        "ssim": 0.9318083333333333,
        "vmaf": 69.23417481833333
    },
    "ReadySteadyGo_1920x1080_120fps_420_8bit_YUV_vp9.webm": {
        "psnr": 12.680616666666667,
        "ssim": 0.587215,
        "vmaf": 17.623049801666667
    },
    "ShakeNDry_1920x1080_120fps_420_8bit_YUV_vp9.webm": {
        "psnr": 14.874633333333334,
        "ssim": 0.576955,
        "vmaf": 7.37453448
    },
    "YachtRide_1920x1080_120fps_420_8bit_YUV_vp9.webm": {
        "psnr": 11.320799999999998,
        "ssim": 0.6298316666666667,
        "vmaf": 9.592456235
    }
}