{
    "Beauty_1920x1080_120fps_420_8bit_YUV_hevc.mp4": {
        "psnr": 12.963133333333333,
        "ssim": 0.6630533333333333,
        "vmaf": 4.35964599
    },
    "Bosphorus_1920x1080_120fps_420_8bit_YUV_hevc.mp4": {
        "psnr": 12.497616666666666,
        "ssim": 0.64497,
        "vmaf": 8.420503211666668
    },
    "HoneyBee_1920x1080_120fps_420_8bit_YUV_hevc.mp4": {
        "psnr": 15.383816666666668,
        "ssim": 0.612315,
        "vmaf": 6.30003223
    },
    "Jockey_1920x1080_120fps_420_8bit_YUV_hevc.mp4": {
        "psnr": 37.10458333333333,
        "ssim": 0.9227033333333334,
        "vmaf": 66.88797696166667
    },
    "ReadySteadyGo_1920x1080_120fps_420_8bit_YUV_hevc.mp4": {
        "psnr": 12.710866666666668,
        "ssim": 0.5880366666666667,
        "vmaf": 16.064938570000002
    },
    "ShakeNDry_1920x1080_120fps_420_8bit_YUV_hevc.mp4": {
        "psnr": 14.85805,
        "ssim": 0.5716433333333333,
        "vmaf": 7.645121088333334
    },
    "YachtRide_1920x1080_120fps_420_8bit_YUV_hevc.mp4": {
        "psnr": 11.323983333333334,
        "ssim": 0.6236716666666666,
        "vmaf": 9.237037876666667
    }
}