{
    "total_frames": 240,
    "frame_counts": {
        "I": 2,
        "B": 178,
        "P": 60
    },
    "frame_percentages": {
        "I": 0.8333333333333334,
        "B": 74.16666666666667,
        "P": 25.0
    }
}