{
    "total_frames": 150,
    "frame_counts": {
        "I": 1,
        "B": 113,
        "P": 36
    },
    "frame_percentages": {
        "I": 0.6666666666666667,
        "B": 75.33333333333333,
        "P": 24.0
    }
}