{
    "total_frames": 300,
    "frame_counts": {
        "I": 2,
        "B": 213,
        "P": 85
    },
    "frame_percentages": {
        "I": 0.6666666666666667,
        "B": 71.0,
        "P": 28.333333333333332
    }
}