{
    "total_frames": 240,
    "frame_counts": {
        "I": 2,
        "B": 183,
        "P": 55
    },
    "frame_percentages": {
        "I": 0.8333333333333334,
        "B": 76.25,
        "P": 22.916666666666664
    }
}