{
    "h264": {
        "BallUnderWater_1920x1080_60fps": {
            "psnr": 106.78187992706594,
            "ssim": 109.84493034528371,
            "vmaf": 115.03777150056015,
            "fvd": 88.64600089055936
        },
        "Bookcase_1920x1080_60fps": {
            "psnr": 205.94816831968637,
            "ssim": 176.37551376142483,
            "vmaf": 208.08760277032778,
            "fvd": Infinity
        },
        "Boxing_1920x1080_30fps": {
            "psnr": 60.393205709077804,
            "ssim": 62.40169578776287,
            "vmaf": 54.50426784892195,
            "fvd": 48.72162160419664
        },
        "BricksLeaves_1920x1080_60fps": {
            "psnr": 72.52172883098795,
            "ssim": 64.87638597207541,
            "vmaf": 46.70542029650815,
            "fvd": -100.0
        },
        "BridgeRiver_1920x1080_30fps": {
            "psnr": 21.78809983454424,
            "ssim": 29.798623769950616,
            "vmaf": 8.183321835768442,
            "fvd": 63.082580426464396
        },
        "BubblesPitcher_1920x1080_60fps": {
            "psnr": 83.09277162490163,
            "ssim": 57.98153856006864,
            "vmaf": 82.09323175207777,
            "fvd": 25.48964882093805
        },
        "CalmingWater_1920x1080_60fps": {
            "psnr": 159.0930633538958,
            "ssim": 114.09212019271094,
            "vmaf": 253.65466474663032,
            "fvd": Infinity
        },
        "CarpetCircleFast_1920x1080_60fps": {
            "psnr": 284.91641967537413,
            "ssim": 281.92969266535374,
            "vmaf": 272.94280709254866,
            "fvd": Infinity
        },
        "CloudsZoom_1920x1080_60fps": {
            "psnr": 0.8781818178957179,
            "ssim": 25.121204810939357,
            "vmaf": 104.62848215944413,
            "fvd": 337.6947660763825
        },
        "DiverFishAndRock_1920x1080_30fps": {
            "psnr": 67.94524496461804,
            "ssim": 62.151685666546605,
            "vmaf": 56.4067439615622,
            "fvd": 45.12634551269781
        },
        "Diver_1920x1080_30fps": {
            "psnr": 103.08967182465652,
            "ssim": 120.83307857329446,
            "vmaf": 89.30984057475544,
            "fvd": 99.68618404927089
        },
        "FishAndRock_1920x1080_30fps": {
            "psnr": 90.54133862806748,
            "ssim": 83.2419406497877,
            "vmaf": 64.88796348243204,
            "fvd": 43.14573103280199
        },
        "Fountain_1920x1080_50fps": {
            "psnr": 113.39744075487164,
            "ssim": 100.168154670498,
            "vmaf": 102.98447637369219,
            "fvd": 45.24406836268311
        },
        "Grass_1920x1080_60fps": {
            "psnr": 105.02367031041958,
            "ssim": 105.34932647073983,
            "vmaf": 75.09220431611716,
            "fvd": Infinity
        },
        "Hamster_1920x1080_60fps": {
            "psnr": 57.742466023455584,
            "ssim": 37.55564028909812,
            "vmaf": 79.08913687976703,
            "fvd": 50.91572797126347
        },
        "KineticFastPainting_1920x1080_60fps": {
            "psnr": 96.60395251052707,
            "ssim": 76.52172083088587,
            "vmaf": 122.99804101257381,
            "fvd": 80.61765950826343
        },
        "Lightreef_1920x1080_30fps": {
            "psnr": 89.3462031826634,
            "ssim": 65.86735895880305,
            "vmaf": 69.19129257569203,
            "fvd": 114.38229009049081
        },
        "MartialArts_1920x1080_60fps": {
            "psnr": 92.17835443455145,
            "ssim": 68.46563167211697,
            "vmaf": 119.96937655169022,
            "fvd": 66.17471565502862
        },
        "Music_1920x1080_30fps": {
            "psnr": 51.24501838871425,
            "ssim": 44.65068039155125,
            "vmaf": 47.85733007372235,
            "fvd": 27.44676787657734
        },
        "PaintingTilting_1920x1080_60fps": {
            "psnr": 297.0493281659904,
            "ssim": 207.63862881929737,
            "vmaf": 913.1071947645123,
            "fvd": 253.14349301662332
        },
        "ParkPlay_1920x1080_50fps": {
            "psnr": 73.48036267742457,
            "ssim": 55.87867098360269,
            "vmaf": 72.84430286743391,
            "fvd": 51.65854200289262
        },
        "PlasmaAveragePan_1920x1080_60fps": {
            "psnr": 5.068337999326711,
            "ssim": -4.020590232008159,
            "vmaf": 15.823593890954935,
            "fvd": 19.0049355677802
        },
        "PlasmaSlowRandom_1920x1080_60fps": {
            "psnr": -6.239274565136754,
            "ssim": -10.16671845995878,
            "vmaf": -4.979965212276127,
            "fvd": -13.285322091036422
        },
        "RockWater_1920x1080_30fps": {
            "psnr": 68.06407287662344,
            "ssim": 58.220935547417675,
            "vmaf": 44.86388152504111,
            "fvd": 52.149882035720665
        },
        "RockWave_1920x1080_30fps": {
            "psnr": 58.91926300921704,
            "ssim": 25.947280356848744,
            "vmaf": 23.366529449478325,
            "fvd": -100.0
        },
        "Rowing_1920x1080_30fps": {
            "psnr": 77.51194418891727,
            "ssim": 44.982317724131974,
            "vmaf": 42.90683977687242,
            "fvd": 61.51680368613488
        },
        "SmokeGuns_1920x1080_60fps": {
            "psnr": 78.4864341210503,
            "ssim": 79.06842677311481,
            "vmaf": 80.25603954443613,
            "fvd": 156.37781826403418
        },
        "Surfers_1920x1080_30fps": {
            "psnr": 35.71697480001825,
            "ssim": 31.571752621397597,
            "vmaf": 30.09276299759187,
            "fvd": 69.75895178173819
        },
        "Toys_1920x1080_30fps": {
            "psnr": 80.43228120729647,
            "ssim": 63.85420144085834,
            "vmaf": 73.55147183271274,
            "fvd": 53.8402830269999
        },
        "TreeGrassFamily_1920x1080_30fps": {
            "psnr": 32.421693885158746,
            "ssim": 40.44866868041834,
            "vmaf": 14.219823177553348,
            "fvd": 102.4440280123418
        },
        "TreeTrunk_1920x1080_50fps": {
            "psnr": NaN,
            "ssim": NaN,
            "vmaf": NaN,
            "fvd": NaN
        },
        "Typing_1920x1080_60fps": {
            "psnr": 105.21910050773529,
            "ssim": 98.21393904862535,
            "vmaf": 92.81701126287729,
            "fvd": 122.71344233517856
        }
    },
    "hevc": {
        "BallUnderWater_1920x1080_60fps": {
            "psnr": -7.119527079785448,
            "ssim": 9.196411570628404,
            "vmaf": -21.631525330838997,
            "fvd": -9.906607590927353
        },
        "Bookcase_1920x1080_60fps": {
            "psnr": 1.5501223843610523,
            "ssim": 13.376225209445568,
            "vmaf": 15.339403726760036,
            "fvd": 127.6234345818691
        },
        "Boxing_1920x1080_30fps": {
            "psnr": -9.09676764167907,
            "ssim": 10.15866323315462,
            "vmaf": -22.801261010284236,
            "fvd": -12.317054957505091
        },
        "BricksLeaves_1920x1080_60fps": {
            "psnr": 41.0217137690057,
            "ssim": 49.30984608543789,
            "vmaf": 19.68052043830366,
            "fvd": -100.0
        },
        "BridgeRiver_1920x1080_30fps": {
            "psnr": -11.792059014391953,
            "ssim": 2.791911414057102,
            "vmaf": -13.382325534806638,
            "fvd": 68.510418009275
        },
        "BubblesPitcher_1920x1080_60fps": {
            "psnr": 10.565736892743804,
            "ssim": 14.61226782367049,
            "vmaf": -14.270691933679725,
            "fvd": 63.68637819617771
        },
        "CalmingWater_1920x1080_60fps": {
            "psnr": 10.899435960025826,
            "ssim": 14.123105032118533,
            "vmaf": -0.08650703776552637,
            "fvd": Infinity
        },