{
    "h264": {
        "BasketballDrive_1920x1080_50": {
            "psnr": 85.5785951187576,
            "ssim": 70.71618062933828,
            "vmaf": 96.70494019763764,
            "fvd": 54.689348366762246,
            "tssim": 85.43814794362363,
            "tpsnr": 79.57955109403288,
            "movie_index": -13.294976852306217,
            "st_rred": 94.47267117934778
        },
        "BQTerrace_1920x1080_60": {
            "psnr": 154.37937069772468,
            "ssim": 118.33321923944871,
            "vmaf": 151.99232756298912,
            "fvd": 29.56074890994962,
            "tssim": 139.0246364764352,
            "tpsnr": 162.84529229826384,
            "movie_index": -51.33726637536247,
            "st_rred": 32.9594977516316
        },
        "Cactus_1920x1080_50": {
            "psnr": 60.127929640161845,
            "ssim": 45.0394937291021,
            "vmaf": 66.8471591470143,
            "fvd": 18.719496728905803,
            "tssim": 66.61589795382956,
            "tpsnr": 68.86538524707521,
            "movie_index": 63.80330065448716,
            "st_rred": 28.648092476558528
        },
        "Kimono_1920x1080_24": {
            "psnr": 88.67082747593106,
            "ssim": 68.56079341744825,
            "vmaf": 113.93024180083917,
            "fvd": 20.902266016018523,
            "tssim": 98.78609182042337,
            "tpsnr": 95.22982133611808,
            "movie_index": 745.4800208519464,
            "st_rred": 44.53332280751496
        },
        "ParkScene_1920x1080_24": {
            "psnr": 79.54771519433027,
            "ssim": 66.8803921220444,
            "vmaf": 88.92276298130054,
            "fvd": 37.29654460268441,
            "tssim": 89.16420217151936,
            "tpsnr": 87.65779217364258,
            "movie_index": 721.7447629551748,
            "st_rred": 14.800038818509353
        }
    },
    "av1": {
        "BasketballDrive_1920x1080_50": {
            "psnr": -39.76549724005437,
            "ssim": -51.47337658509494,
            "vmaf": -26.09856006214889,
            "fvd": 4.246267518754654,
            "tssim": -27.874548367075914,
            "tpsnr": -2.9651760727665732,
            "movie_index": 43.90968093663221,
            "st_rred": 183.03314636636796
        },
        "BQTerrace_1920x1080_60": {
            "psnr": -52.01722169385776,
            "ssim": -59.876185330376885,
            "vmaf": -55.4775658057651,
            "fvd": 1.1644788459069355,
            "tssim": -53.04377771353781,
            "tpsnr": -49.919015846445056,
            "movie_index": 75.89111486204155,
            "st_rred": 52.693383519889124
        },
        "Cactus_1920x1080_50": {
            "psnr": -45.654779224888934,
            "ssim": -53.92952002769451,
            "vmaf": -35.734444422055375,
            "fvd": -25.336485632625326,
            "tssim": -43.7763865102774,
            "tpsnr": -33.96776358250821,
            "movie_index": -60.716578562785564,
            "st_rred": 46.34732773277792
        },
        "Kimono_1920x1080_24": {
            "psnr": -24.10958399515404,
            "ssim": -33.03661987486913,
            "vmaf": -7.358857580650291,
            "fvd": -9.55927289301326,
            "tssim": -16.736041727545604,
            "tpsnr": -11.992950380909262,
            "movie_index": 103.97830346412782,
            "st_rred": 488.5819547652261
        },
        "ParkScene_1920x1080_24": {
            "psnr": -29.982745611926386,
            "ssim": -39.60381634407993,
            "vmaf": -25.850169887042174,
            "fvd": 34.330945451117856,
            "tssim": -30.015811686974924,
            "tpsnr": -24.90141733072949,
            "movie_index": -8.17918347149046,
            "st_rred": 30.013520314793162
        }
    },
    "vp9": {
        "BasketballDrive_1920x1080_50": {
            "psnr": 1.9158056429894543,
            "ssim": -8.29656608043765,
            "vmaf": 15.887458400143672,
            "fvd": -0.9195573394844669,
            "tssim": 7.429479876906431,
            "tpsnr": 8.86125094112884,
            "movie_index": -31.982923885812674,
            "st_rred": 50.46266471373399
        },
        "BQTerrace_1920x1080_60": {
            "psnr": -6.3996712958376945,
            "ssim": -16.54200451177823,
            "vmaf": 1.2200455908356833,
            "fvd": -33.158114556715226,
            "tssim": -15.34913570270502,
            "tpsnr": -15.522090214209516,
            "movie_index": 21.518761941309062,
            "st_rred": 3.0069478199985955
        },
        "Cactus_1920x1080_50": {
            "psnr": -5.105114896263507,
            "ssim": -16.908809236886146,
            "vmaf": 8.06318678092104,
            "fvd": -36.381042553548724,
            "tssim": -3.5227712526528787,
            "tpsnr": 4.673380194389809,
            "movie_index": -63.133585827396324,
            "st_rred": -4.231864956864184
        },
        "Kimono_1920x1080_24": {
            "psnr": 12.108223128401164,
            "ssim": 5.61133038088415,
            "vmaf": 34.073318194901205,
            "fvd": -3.7662792989534233,
            "tssim": 25.998770866125476,
            "tpsnr": 14.643361781977138,
            "movie_index": -67.52560155939368,
            "st_rred": 95.26194231581333
        },
        "ParkScene_1920x1080_24": {
            "psnr": 7.651875732835878,
            "ssim": 1.553100892804915,
            "vmaf": 26.623915940622943,
            "fvd": -13.727080715345362,
            "tssim": 19.19900258393654,
            "tpsnr": 10.581579358530302,
            "movie_index": -50.79850115999547,
            "st_rred": 6.303841175999714
        }
    }
}