{
    "h264": {
        "BasketballDrive_1920x1080_50": {
            "psnr": 201.528557264425,
            "ssim": 236.98364878403936,
            "vmaf": 165.8689954778248,
            "fvd": 67.26225216726442,
            "st_rred": 18.552818616854072,
            "movie_index": Infinity
        },
        "BQTerrace_1920x1080_60": {
            "psnr": 360.3124886157172,
            "ssim": 349.51205307811523,
            "vmaf": 428.9545188759282,
            "fvd": 38.69494504243445,
            "st_rred": 9.107659066398078,
            "movie_index": 167.66198880294166
        },
        "Cactus_1920x1080_50": {
            "psnr": 184.36665350840715,
            "ssim": 197.85922369780766,
            "vmaf": 154.23499265536583,
            "fvd": 67.10017446261891,
            "st_rred": 7.0638617490344835,
            "movie_index": 355.9180938763408
        },
        "Kimono_1920x1080_24": {
            "psnr": 152.32416366010503,
            "ssim": 155.43412528782287,
            "vmaf": 135.2770721411972,
            "fvd": 57.67526725256218,
            "st_rred": -16.911303464056747,
            "movie_index": NaN
        },
        "ParkScene_1920x1080_24": {
            "psnr": 160.8149411080909,
            "ssim": 178.21391723714063,
            "vmaf": 153.3390647238047,
            "fvd": 36.17143849949207,
            "st_rred": -1.7758474997966567,
            "movie_index": 387.64597283500484
        }
    },
    "hevc": {
        "BasketballDrive_1920x1080_50": {
            "psnr": 65.78762878939773,
            "ssim": 106.01773453025274,
            "vmaf": 36.98804848097832,
            "fvd": Infinity,
            "st_rred": -64.65048116174988,
            "movie_index": NaN
        },
        "BQTerrace_1920x1080_60": {
            "psnr": 108.81930468989962,
            "ssim": 149.94413819678704,
            "vmaf": 138.46066690649548,
            "fvd": 38.11789845540518,
            "st_rred": -34.86127750372505,
            "movie_index": -45.73507586176733
        },
        "Cactus_1920x1080_50": {
            "psnr": 84.55523656943869,
            "ssim": 118.53584450813281,
            "vmaf": 57.27714534672954,
            "fvd": 40.480942862892746,
            "st_rred": -31.586244418598685,
            "movie_index": 199.03659827702393
        },
        "Kimono_1920x1080_24": {
            "psnr": 32.12895987116555,
            "ssim": 50.395979384357844,
            "vmaf": 8.099108878395667,
            "fvd": 17.002313030554017,
            "st_rred": -82.80568132010777,
            "movie_index": -48.64679086415678
        },
        "ParkScene_1920x1080_24": {
            "psnr": 42.8378289165771,
            "ssim": 66.78781706708801,
            "vmaf": 36.458975114844684,
            "fvd": -2.632945551374688,
            "st_rred": -22.951284557208563,
            "movie_index": -6.286066093008824
        }
    },
    "vp9": {
        "BasketballDrive_1920x1080_50": {
            "psnr": 73.61786456075359,
            "ssim": 95.85972323750278,
            "vmaf": 65.98181976604684,
            "fvd": Infinity,
            "st_rred": -43.7308739543456,
            "movie_index": NaN
        },
        "BQTerrace_1920x1080_60": {
            "psnr": 99.68713549044783,
            "ssim": 114.34075743389856,
            "vmaf": 158.81326095030738,
            "fvd": -32.646972664871456,
            "st_rred": -35.12876214804771,
            "movie_index": -46.06496265163975
        },
        "Cactus_1920x1080_50": {
            "psnr": 81.14931349578589,
            "ssim": 88.23611553211077,
            "vmaf": 84.81928280613096,
            "fvd": -14.308804048136569,
            "st_rred": -37.66472936393303,
            "movie_index": -6.260745492435415
        },
        "Kimono_1920x1080_24": {
            "psnr": 53.36267940805488,
            "ssim": 67.78906092198503,
            "vmaf": 51.454784092005326,
            "fvd": 38.38255324793776,
            "st_rred": -61.51368565512496,
            "movie_index": NaN
        },
        "ParkScene_1920x1080_24": {
            "psnr": 61.511342971449935,
            "ssim": 79.20407072368117,
            "vmaf": 81.3079557150209,
            "fvd": -7.489727800587643,
            "st_rred": -14.860886000244111,
            "movie_index": -19.570293766266634
        }
    }
}