{
    "hevc": {
        "BasketballDrive_1920x1080_50": {
            "psnr": -46.30235959788699,
            "ssim": -41.647336060223175,
            "vmaf": -49.57384417323618,
            "fvd": Infinity,
            "st_rred": -48.25427693759641,
            "tssim": -46.21258936550483,
            "tpsnr": -44.590693809417026,
            "movie_index": NaN
        },
        "BQTerrace_1920x1080_60": {
            "psnr": -60.24876746681134,
            "ssim": -53.554786982137315,
            "vmaf": -60.07868401007415,
            "fvd": 2.461318636479537,
            "st_rred": -24.98433167718718,
            "tssim": -57.12675551101669,
            "tpsnr": -61.475476114312436,
            "movie_index": -74.07915663642251
        },
        "Cactus_1920x1080_50": {
            "psnr": -37.61997178660293,
            "ssim": -31.326564199925066,
            "vmaf": -40.65993537035902,
            "fvd": -27.364362973250866,
            "st_rred": -21.976295607238537,
            "tssim": -40.2646223859509,
            "tpsnr": -40.84620531232104,
            "movie_index": -30.198093955096173
        },
        "Kimono_1920x1080_24": {
            "psnr": -47.12924532515015,
            "ssim": -40.98325048774982,
            "vmaf": -53.820882273750705,
            "fvd": -33.454922959638935,
            "st_rred": -32.67494209018752,
            "tssim": -50.034094468302115,
            "tpsnr": -48.916894973770155,
            "movie_index": NaN
        },
        "ParkScene_1920x1080_24": {
            "psnr": -44.2219939100803,
            "ssim": -40.186687880008954,
            "vmaf": -47.25690517895155,
            "fvd": -29.065507488499996,
            "st_rred": -13.019111302454235,
            "tssim": -47.18752419915695,
            "tpsnr": -46.6148625722985,
            "movie_index": -74.96372616125633
        }
    },
    "av1": {
        "BasketballDrive_1920x1080_50": {
            "psnr": -66.8356453838947,
            "ssim": -70.32496966519393,
            "vmaf": -62.38749094444876,
            "fvd": -40.21364730877909,
            "st_rred": -15.649411657443723,
            "tssim": -61.16569828764189,
            "tpsnr": -46.79512300763948,
            "movie_index": -100.0
        },
        "BQTerrace_1920x1080_60": {
            "psnr": -78.27562743284963,
            "ssim": -77.75365547703741,
            "vmaf": -81.09478292906766,
            "fvd": -27.89931891937052,
            "st_rred": -8.347405804807483,
            "tssim": -76.10526141744714,
            "tpsnr": -77.89351624840118,
            "movie_index": -62.6394466964743
        },
        "Cactus_1920x1080_50": {
            "psnr": -64.83413270640625,
            "ssim": -66.42709305471945,
            "vmaf": -60.66631152716364,
            "fvd": -40.155657932978116,
            "st_rred": -6.59780212822203,
            "tssim": -65.51693842583602,
            "tpsnr": -59.93589486249628,
            "movie_index": -78.06623572454154
        },
        "Kimono_1920x1080_24": {
            "psnr": -60.36844091765001,
            "ssim": -60.8509630859541,
            "vmaf": -57.49692093244562,
            "fvd": -36.578512443666064,
            "st_rred": 20.35331419207076,
            "tssim": -59.44268127477559,
            "tpsnr": -55.20238922543056,
            "movie_index": NaN
        },
        "ParkScene_1920x1080_24": {
            "psnr": -61.658638276188135,
            "ssim": -64.05643506512178,
            "vmaf": -60.527208818339176,
            "fvd": -26.563161040284513,
            "st_rred": 1.8079540058062449,
            "tssim": -63.042623024439195,
            "tpsnr": -59.67500867762491,
            "movie_index": -79.49331983228845
        }
    },
    "vp9": {
        "BasketballDrive_1920x1080_50": {
            "psnr": -45.96532186149693,
            "ssim": -46.609643660759225,
            "vmaf": -42.21045833635374,
            "fvd": Infinity,
            "st_rred": -31.28279834801766,
            "tssim": -42.875982942500826,
            "tpsnr": -40.43417116731878,
            "movie_index": -5.179556648488138
        },
        "BQTerrace_1920x1080_60": {
            "psnr": -63.24742522059097,
            "ssim": -60.41638960494624,
            "vmaf": -59.73463045665912,
            "fvd": -44.04073476711331,
            "st_rred": -24.819349292440506,
            "tssim": -62.64132469375796,
            "tpsnr": -66.11079461324758,
            "movie_index": -79.58679073155285
        },
        "Cactus_1920x1080_50": {
            "psnr": -41.164436662107605,
            "ssim": -42.389643253769115,
            "vmaf": -35.25153473401499,
            "fvd": -46.34984920080891,
            "st_rred": -23.2512691552344,
            "tssim": -42.40840666787904,
            "tpsnr": -38.70991668050048,
            "movie_index": -82.85030097374619
        },
        "Kimono_1920x1080_24": {
            "psnr": -41.642588612892574,
            "ssim": -37.98276150763067,
            "vmaf": -39.58549502563476,
            "fvd": -22.019564026278328,
            "st_rred": -18.722857800573177,
            "tssim": -38.41626467200773,
            "tpsnr": -42.253062063169686,
            "movie_index": NaN
        },
        "ParkScene_1920x1080_24": {
            "psnr": -40.98980432005914,
            "ssim": -39.78515180194676,
            "vmaf": -34.802646841361664,
            "fvd": -30.686210677677806,
            "st_rred": -9.526359844327237,
            "tssim": -38.24884806825237,
            "tpsnr": -41.93959152516701,
            "movie_index": -79.28176985720435
        }
    }
}