{
    "hevc": {
        "Beauty_1920x1080_120fps_420_8bit_YUV": {
            "psnr": -52.390682184009776,
            "ssim": -50.09803384923717,
            "vmaf": -57.223719060089415,
            "fvd": -50.60082097291454,
            "st_rred": -48.76422376575707
        },
        "Bosphorus_1920x1080_120fps_420_8bit_YUV": {
            "psnr": -51.433992406359664,
            "ssim": -49.18060464655471,
            "vmaf": -57.47393451089712,
            "fvd": -41.0366889982646,
            "st_rred": -42.42331601347793
        },
        "HoneyBee_1920x1080_120fps_420_8bit_YUV": {
            "psnr": -67.74829130415382,
            "ssim": -64.47129167062057,
            "vmaf": -68.51683931417027,
            "fvd": -42.714830924918104,
            "st_rred": -12.18485916076606
        },
        "Jockey_1920x1080_120fps_420_8bit_YUV": {
            "psnr": -58.35326726061131,
            "ssim": -53.68177503995793,
            "vmaf": -63.831562691896714,
            "fvd": -72.99939017060088,
            "st_rred": -75.99558362635042
        },
        "ReadySteadyGo_1920x1080_120fps_420_8bit_YUV": {
            "psnr": -42.979146343314724,
            "ssim": -35.58938265734828,
            "vmaf": -45.685866272436016,
            "fvd": -23.639047616859234,
            "st_rred": -57.736802306199856
        },
        "ShakeNDry_1920x1080_120fps_420_8bit_YUV": {
            "psnr": -45.00481874454901,
            "ssim": -40.35708723543734,
            "vmaf": -51.36555591981264,
            "fvd": -37.372800192405506,
            "st_rred": -59.16020378099711
        },
        "YachtRide_1920x1080_120fps_420_8bit_YUV": {
            "psnr": -48.77857733482399,
            "ssim": -45.175519376974606,
            "vmaf": -52.001099898946215,
            "fvd": -36.525984129404506,
            "st_rred": -59.4195062977091
        }
    },
    "av1": {
        "Beauty_1920x1080_120fps_420_8bit_YUV": {
            "psnr": -73.90603129672138,
            "ssim": -77.63996964175817,
            "vmaf": -64.05436223370849,
            "fvd": -43.73661960988624,
            "st_rred": 48.74958917035344
        },
        "Bosphorus_1920x1080_120fps_420_8bit_YUV": {
            "psnr": -73.237725883716,
            "ssim": -75.85174040068287,
            "vmaf": -68.69540526404079,
            "fvd": -30.433403532718163,
            "st_rred": -19.192374039164694
        },
        "HoneyBee_1920x1080_120fps_420_8bit_YUV": {
            "psnr": -84.26343673280184,
            "ssim": -85.2276012372113,
            "vmaf": -82.58247495116294,
            "fvd": -33.310019907451974,
            "st_rred": 15.500572748263197
        },
        "Jockey_1920x1080_120fps_420_8bit_YUV": {
            "psnr": -73.11362644237165,
            "ssim": -77.48779021165933,
            "vmaf": -69.1081582765275,
            "fvd": -62.046506445592364,
            "st_rred": -50.41276682090186
        },
        "ReadySteadyGo_1920x1080_120fps_420_8bit_YUV": {
            "psnr": -61.44768927370454,
            "ssim": -60.74531804610053,
            "vmaf": -60.260465394821814,
            "fvd": -41.26628849406326,
            "st_rred": -41.332998497596876
        },
        "ShakeNDry_1920x1080_120fps_420_8bit_YUV": {
            "psnr": -83.01957315639545,
            "ssim": -84.01536204736583,
            "vmaf": -79.37639537919551,
            "fvd": -40.50336387774615,
            "st_rred": -36.2846625278601
        },
        "YachtRide_1920x1080_120fps_420_8bit_YUV": {
            "psnr": -66.88171658343487,
            "ssim": -67.71663249107846,
            "vmaf": -63.2367537522917,
            "fvd": -23.169013444616027,
            "st_rred": -27.197397029664128
        }
    },
    "vp9": {
        "Beauty_1920x1080_120fps_420_8bit_YUV": {
            "psnr": -57.019102542624054,
            "ssim": -60.364968239455365,
            "vmaf": -50.28431205492894,
            "fvd": -65.58910617724827,
            "st_rred": -21.806637482560063
        },
        "Bosphorus_1920x1080_120fps_420_8bit_YUV": {
            "psnr": -49.64976734365854,
            "ssim": -48.39885952417931,
            "vmaf": -48.42936180414965,
            "fvd": -44.80963225951634,
            "st_rred": -28.813463101997105
        },
        "HoneyBee_1920x1080_120fps_420_8bit_YUV": {
            "psnr": -86.82621816680542,
            "ssim": -86.6973140225625,
            "vmaf": -77.75007962935095,
            "fvd": -76.27321093912632,
            "st_rred": -40.10461029052117
        },
        "Jockey_1920x1080_120fps_420_8bit_YUV": {
            "psnr": -64.23779970649255,
            "ssim": -64.24630346360118,
            "vmaf": -65.18034247767443,
            "fvd": -76.70411811816444,
            "st_rred": -60.33195983730112
        },
        "ReadySteadyGo_1920x1080_120fps_420_8bit_YUV": {
            "psnr": -39.26670085433327,
            "ssim": -32.70929550511368,
            "vmaf": -40.495499963742496,
            "fvd": -43.92859548946696,
            "st_rred": -52.56749933814604
        },
        "ShakeNDry_1920x1080_120fps_420_8bit_YUV": {
            "psnr": -52.66732462003018,
            "ssim": -52.27116316989646,
            "vmaf": -46.782901238590426,
            "fvd": -33.03939147263301,
            "st_rred": -51.263247156939414
        },
        "YachtRide_1920x1080_120fps_420_8bit_YUV": {
            "psnr": -43.00768513822722,
            "ssim": -37.153228502603,
            "vmaf": -44.235501608119954,
            "fvd": -38.44690822384174,
            "st_rred": -47.36950947508098
        }
    }
}