{
    "hevc": {
        "BallUnderWater_1920x1080_60fps": {
            "psnr": -54.19952724702768,
            "ssim": -48.556626100633736,
            "vmaf": -61.89252340590602,
            "fvd": -51.97118374807677
        },
        "Bookcase_1920x1080_60fps": {
            "psnr": -64.45331099734415,
            "ssim": -57.898178423803806,
            "vmaf": -64.19050315967425,
            "fvd": -100.0
        },
        "Boxing_1920x1080_30fps": {
            "psnr": -42.8337697531103,
            "ssim": -32.377062237879095,
            "vmaf": -48.91203255248755,
            "fvd": -39.11568321145909
        },
        "BricksLeaves_1920x1080_60fps": {
            "psnr": -20.230371359637942,
            "ssim": -14.505946319733798,
            "vmaf": -20.276380844538444,
            "fvd": -5.827798582126642
        },
        "BridgeRiver_1920x1080_30fps": {
            "psnr": -29.077316351266656,
            "ssim": -24.072647512375045,
            "vmaf": -21.57727448058877,
            "fvd": -0.6071760348044242
        },
        "BubblesPitcher_1920x1080_60fps": {
            "psnr": -40.54949568888806,
            "ssim": -31.09096962057267,
            "vmaf": -52.71450618633741,
            "fvd": 15.404197635203221
        },
        "CalmingWater_1920x1080_60fps": {
            "psnr": -52.08178507914006,
            "ssim": -41.4564793602348,
            "vmaf": -100.0,
            "fvd": -43.941195120312535
        },
        "CarpetCircleFast_1920x1080_60fps": {
            "psnr": -70.42350028548687,
            "ssim": -71.31061737880329,
            "vmaf": -72.76001995981929,
            "fvd": -85.69535231307522
        },
        "CloudsZoom_1920x1080_60fps": {
            "psnr": 18.616994763224692,
            "ssim": 51.84839869131128,
            "vmaf": -53.07265045115521,
            "fvd": 74.02116737876013
        },
        "DiverFishAndRock_1920x1080_30fps": {
            "psnr": -44.351876512946355,
            "ssim": -36.45542768313834,
            "vmaf": -49.3314058897934,
            "fvd": Infinity
        },
        "Diver_1920x1080_30fps": {
            "psnr": -48.80820021843139,
            "ssim": -34.86658000290751,
            "vmaf": -59.19364252692824,
            "fvd": Infinity
        },
        "FishAndRock_1920x1080_30fps": {
            "psnr": -46.244367647147165,
            "ssim": -42.77884121167786,
            "vmaf": -47.61491964400989,
            "fvd": -38.83883951455326
        },
        "Fountain_1920x1080_50fps": {
            "psnr": -46.95820355834704,
            "ssim": -43.930691401066746,
            "vmaf": -58.700044044484386,
            "fvd": -48.96087709174155
        },
        "Grass_1920x1080_60fps": {
            "psnr": -29.594541176831314,
            "ssim": -26.994654676612782,
            "vmaf": -28.57998185017917,
            "fvd": 2.460898224591057
        },
        "Hamster_1920x1080_60fps": {
            "psnr": -40.50534351287616,
            "ssim": -30.188501274146486,
            "vmaf": -47.081221959261754,
            "fvd": -32.1652560886359
        },
        "KineticFastPainting_1920x1080_60fps": {
            "psnr": -56.42416753843289,
            "ssim": -54.78158087665504,
            "vmaf": -60.09988040636009,
            "fvd": -57.7219910977145
        },
        "Lightreef_1920x1080_30fps": {
            "psnr": -42.21622589029259,
            "ssim": -34.536284490096,
            "vmaf": -43.02563708318618,
            "fvd": -48.044345078813336
        },
        "MartialArts_1920x1080_60fps": {
            "psnr": -49.70668056500751,
            "ssim": -35.09567370037866,
            "vmaf": -60.898868585231135,
            "fvd": -34.237463551372635
        },
        "Music_1920x1080_30fps": {
            "psnr": -39.70644777881264,
            "ssim": -31.097217788099407,
            "vmaf": -48.82947181867904,
            "fvd": -37.695444648233725
        },
        "PaintingTilting_1920x1080_60fps": {
            "psnr": -48.43269186697139,
            "ssim": -28.026388921194865,
            "vmaf": -35.01885749411669,
            "fvd": -20.053558839753517
        },
        "ParkPlay_1920x1080_50fps": {
            "psnr": -43.123764857537985,
            "ssim": -36.8800225845559,
            "vmaf": -46.63721779279668,
            "fvd": -45.38176539560871
        },
        "PlasmaAveragePan_1920x1080_60fps": {
            "psnr": -29.523669162239617,
            "ssim": -17.427105970993694,
            "vmaf": -41.11214723467956,
            "fvd": -28.922626548853014
        },
        "PlasmaSlowRandom_1920x1080_60fps": {
            "psnr": -25.15595187168399,
            "ssim": -11.798888157038101,
            "vmaf": -37.54627736204713,
            "fvd": -0.4373715034075798
        },
        "RockWater_1920x1080_30fps": {
            "psnr": -41.275272549430895,
            "ssim": -35.02758792213516,
            "vmaf": -42.879609074071354,
            "fvd": -29.586471112935996
        },
        "RockWave_1920x1080_30fps": {
            "psnr": -40.86536515292506,
            "ssim": -33.65622934553896,
            "vmaf": -35.39876745321835,
            "fvd": -23.584260169026262
        },
        "Rowing_1920x1080_30fps": {
            "psnr": -39.47933803468342,
            "ssim": -31.231969411399906,
            "vmaf": -42.59291109671226,
            "fvd": -40.397208086823696
        },
        "SmokeGuns_1920x1080_60fps": {
            "psnr": -52.81135116329195,
            "ssim": -49.2742609586008,
            "vmaf": -59.21418301338435,
            "fvd": -50.54678525895788
        },
        "Surfers_1920x1080_30fps": {
            "psnr": -43.54226922713044,
            "ssim": -42.53753333067682,
            "vmaf": -46.38482703728122,
            "fvd": -60.66304577767128
        },
        "Toys_1920x1080_30fps": {
            "psnr": -46.13898485290265,
            "ssim": -40.66184165454476,
            "vmaf": -47.60794342354411,
            "fvd": -29.316443650801393
        },
        "TreeGrassFamily_1920x1080_30fps": {
            "psnr": -33.523986819209675,
            "ssim": -31.605616429211857,
            "vmaf": -32.54660820815162,
            "fvd": -10.312237181618766
        },
        "TreeTrunk_1920x1080_50fps": {
            "psnr": -85.89004042361302,
            "ssim": -85.72548120600129,
            "vmaf": -85.53440294438617,
            "fvd": -82.79370408085408
        },
        "Typing_1920x1080_60fps": {
            "psnr": -54.1633395613442,
            "ssim": -50.117898632627835,
            "vmaf": -57.926630888880396,
            "fvd": -44.362017778661944
        }
    },
    "av1": {
        "BallUnderWater_1920x1080_60fps": {
            "psnr": -70.20195137436784,
            "ssim": -72.92894389420621,
            "vmaf": -69.20129704037774,
            "fvd": -32.22463426488661
        },
        "Bookcase_1920x1080_60fps": {
            "psnr": -80.00840156768363,
            "ssim": -78.81499002279402,
            "vmaf": -90.48043063487566,
            "fvd": -100.0
        },
        "Boxing_1920x1080_30fps": {
            "psnr": -64.94110165846689,
            "ssim": -69.27271082050291,
            "vmaf": -63.14887300273936,
            "fvd": -41.48891980151295
        },
        "BricksLeaves_1920x1080_60fps": {
            "psnr": -66.53649072251599,
            "ssim": -69.96644470390486,
            "vmaf": -57.314716823715116,
            "fvd": -100.0
        },
        "BridgeRiver_1920x1080_30fps": {
            "psnr": -51.03178832189674,
            "ssim": -54.134051446009,
            "vmaf": -46.42319202738078,
            "fvd": 1.1624917107482258
        },
        "BubblesPitcher_1920x1080_60fps": {
            "psnr": -64.80042282396869,
            "ssim": -64.98430443015445,
            "vmaf": -64.67724987061331,
            "fvd": -30.11879359905365
        },