{
    "h264": {
        "BallUnderWater_1920x1080_60fps": {
            "psnr": 235.59244518441525,
            "ssim": 269.39822225331585,
            "vmaf": 224.6889978811838,
            "fvd": 47.5462344103464
        },
        "Bookcase_1920x1080_60fps": {
            "psnr": 400.2101274620954,
            "ssim": 372.03187587636285,
            "vmaf": 950.4676857165158,
            "fvd": Infinity
        },
        "Boxing_1920x1080_30fps": {
            "psnr": 185.2342906666104,
            "ssim": 225.44361273081458,
            "vmaf": 171.3621214554268,
            "fvd": 70.907800130796
        },
        "BricksLeaves_1920x1080_60fps": {
            "psnr": 198.832974063737,
            "ssim": 232.96091326557544,
            "vmaf": 134.2727810590186,
            "fvd": Infinity
        },
        "BridgeRiver_1920x1080_30fps": {
            "psnr": 104.21411477584397,
            "ssim": 118.02666935424924,
            "vmaf": 86.64792432409496,
            "fvd": -1.1491331333278398
        },
        "BubblesPitcher_1920x1080_60fps": {
            "psnr": 184.09432164456146,
            "ssim": 185.58621604568935,
            "vmaf": 183.10366444770446,
            "fvd": 43.09999089919228
        },
        "CalmingWater_1920x1080_60fps": {
            "psnr": 218.38992231693362,
            "ssim": 195.51525430994704,
            "vmaf": 158.19037751993,
            "fvd": 146.90525691457438
        },
        "CarpetCircleFast_1920x1080_60fps": {
            "psnr": 426.0624804582994,
            "ssim": 459.6125880822104,
            "vmaf": 303.80761442672286,
            "fvd": 321.1687669253569
        },
        "CloudsZoom_1920x1080_60fps": {
            "psnr": 47.96394542898235,
            "ssim": 48.82337553997365,
            "vmaf": 102.1158069535454,
            "fvd": Infinity
        },
        "DiverFishAndRock_1920x1080_30fps": {
            "psnr": 174.07328390581367,
            "ssim": 170.50113341453545,
            "vmaf": 165.8124025402826,
            "fvd": 50.334331346661365
        },
        "Diver_1920x1080_30fps": {
            "psnr": 179.78403413303204,
            "ssim": 266.33553356997595,
            "vmaf": 147.72695922538537,
            "fvd": 47.75953393322154
        },
        "FishAndRock_1920x1080_30fps": {
            "psnr": 181.8986824673964,
            "ssim": 181.21717830037133,
            "vmaf": 154.6058758961397,
            "fvd": 124.38776848252941
        },
        "Fountain_1920x1080_50fps": {
            "psnr": 304.2007490806365,
            "ssim": 305.52731250598197,
            "vmaf": 228.41783281128903,
            "fvd": 27.974986560484982
        },
        "Grass_1920x1080_60fps": {
            "psnr": 277.49278793909696,
            "ssim": 265.94414253193173,
            "vmaf": 231.21246293931054,
            "fvd": -49.62252664309194
        },
        "Hamster_1920x1080_60fps": {
            "psnr": 214.6582644358004,
            "ssim": 215.29745352653978,
            "vmaf": 229.83613663168586,
            "fvd": 72.93764308923345
        },
        "KineticFastPainting_1920x1080_60fps": {
            "psnr": 230.94213231073036,
            "ssim": 225.37778212736205,
            "vmaf": 232.2302012414155,
            "fvd": 152.7406967648453
        },
        "Lightreef_1920x1080_30fps": {
            "psnr": 184.31002243934552,
            "ssim": 172.26388135973409,
            "vmaf": 153.73476293215646,
            "fvd": 107.70632123648353
        },
        "MartialArts_1920x1080_60fps": {
            "psnr": 236.47504777052495,
            "ssim": 267.95530022568187,
            "vmaf": 227.14398797730547,
            "fvd": 81.84309836483233
        },
        "Music_1920x1080_30fps": {
            "psnr": 159.8079315868545,
            "ssim": 192.96241489866568,
            "vmaf": 133.5378160785814,
            "fvd": 35.454590426926515
        },
        "PaintingTilting_1920x1080_60fps": {
            "psnr": 386.1921453800685,
            "ssim": 289.2026679960209,
            "vmaf": 576.00522900803,
            "fvd": 484.7940243310113
        },
        "ParkPlay_1920x1080_50fps": {
            "psnr": 184.31799867956968,
            "ssim": 178.56600078967952,
            "vmaf": 144.97291218075458,
            "fvd": 58.38504397165438
        },
        "PlasmaAveragePan_1920x1080_60fps": {
            "psnr": 118.0314068373959,
            "ssim": 99.10167774592881,
            "vmaf": 131.69270651082533,
            "fvd": 54.25752645854676
        },
        "PlasmaSlowRandom_1920x1080_60fps": {
            "psnr": 62.35784420734775,
            "ssim": 62.97426534588671,
            "vmaf": 79.52070923426926,
            "fvd": -100.0
        },
        "RockWater_1920x1080_30fps": {
            "psnr": 180.60623271045978,
            "ssim": 159.6771780917294,
            "vmaf": 157.16460947299024,
            "fvd": 48.580463868921896
        },
        "RockWave_1920x1080_30fps": {
            "psnr": 98.24474948001406,
            "ssim": 70.91384110913559,
            "vmaf": 55.666497203167076,
            "fvd": 5.050669471667191
        },
        "Rowing_1920x1080_30fps": {
            "psnr": 139.96350752362167,
            "ssim": 128.5383174442489,
            "vmaf": 104.40078509441406,
            "fvd": 96.05917227486513
        },
        "SmokeGuns_1920x1080_60fps": {
            "psnr": 266.32708868899033,
            "ssim": 309.2308380406547,
            "vmaf": 236.76711028533109,
            "fvd": 99.50387996635095
        },
        "Surfers_1920x1080_30fps": {
            "psnr": 146.28908117911826,
            "ssim": 145.1080267107109,
            "vmaf": 127.41083368790144,
            "fvd": 212.70782772395518
        },
        "Toys_1920x1080_30fps": {
            "psnr": 161.52470568558974,
            "ssim": 157.2056945702681,
            "vmaf": 169.31706637974546,
            "fvd": 74.99912885767115
        },
        "TreeGrassFamily_1920x1080_30fps": {
            "psnr": 117.60609243070958,
            "ssim": 126.7036361738627,
            "vmaf": 89.36233129919937,
            "fvd": 34.811257016751625
        },
        "TreeTrunk_1920x1080_50fps": {
            "psnr": NaN,
            "ssim": NaN,
            "vmaf": NaN,
            "fvd": 640.491723780079
        },
        "Typing_1920x1080_60fps": {
            "psnr": 424.0618971427032,
            "ssim": 496.85461601041555,
            "vmaf": 336.36481763502024,
            "fvd": 93.83242310802902
        }
    },
    "hevc": {
        "BallUnderWater_1920x1080_60fps": {
            "psnr": 50.50012620688891,
            "ssim": 101.81330638218746,
            "vmaf": 15.662888178365053,
            "fvd": -29.493290407654282
        },
        "Bookcase_1920x1080_60fps": {
            "psnr": 82.38049982153855,
            "ssim": 107.47044314224831,
            "vmaf": 346.4665157912896,
            "fvd": 91.30658266047959
        },
        "Boxing_1920x1080_30fps": {
            "psnr": 62.06125063096633,
            "ssim": 123.1212041553369,
            "vmaf": 40.329003254847784,
            "fvd": 6.404806513267292
        },
        "BricksLeaves_1920x1080_60fps": {
            "psnr": 148.81032777861085,
            "ssim": 210.16391111227998,
            "vmaf": 89.0381528975715,
            "fvd": Infinity
        },
        "BridgeRiver_1920x1080_30fps": {
            "psnr": 47.95110031006351,
            "ssim": 72.46879832184345,
            "vmaf": 50.19464777341636,
            "fvd": -1.1102017356083405
        },
        "BubblesPitcher_1920x1080_60fps": {
            "psnr": 78.90117514819231,
            "ssim": 115.56856624396433,
            "vmaf": 41.65182648973489,
            "fvd": 80.6375517600419
        },
        "CalmingWater_1920x1080_60fps": {
            "psnr": 58.5739170770772,
            "ssim": 75.01116319098284,
            "vmaf": -100.0,