{
    "h264": {
        "BasketballDrive_1920x1080_50": {
            "psnr": 85.06633785007,
            "ssim": 87.29974260632932,
            "vmaf": 73.04169079940483,
            "fvd": -100.0
        },
        "BQTerrace_1920x1080_60": {
            "psnr": 172.0897803764919,
            "ssim": 152.62981067663216,
            "vmaf": 148.35237111722495,
            "fvd": 78.70141715376032
        },
        "Cactus_1920x1080_50": {
            "psnr": 69.96522906681528,
            "ssim": 73.57990064267817,
            "vmaf": 54.44381513786094,
            "fvd": 86.39276592957452
        },
        "Kimono_1920x1080_24": {
            "psnr": 71.3578406291209,
            "ssim": 61.24548985247724,
            "vmaf": 65.52316375418697,
            "fvd": 28.237292791872328
        },
        "ParkScene_1920x1080_24": {
            "psnr": 69.46224096998321,
            "ssim": 66.0719955169347,
            "vmaf": 53.38045972001315,
            "fvd": 44.27143715225428
        }
    },
    "hevc": {
        "BasketballDrive_1920x1080_50": {
            "psnr": -1.8984536225261084,
            "ssim": 8.769381337184544,
            "vmaf": -14.152816452350159,
            "fvd": -100.0
        },
        "BQTerrace_1920x1080_60": {
            "psnr": 6.501197402782921,
            "ssim": 19.760934542095377,
            "vmaf": -2.3464274024591947,
            "fvd": 145.64053192079461
        },
        "Cactus_1920x1080_50": {
            "psnr": 5.307663372473725,
            "ssim": 20.681539554089177,
            "vmaf": -8.054676130021655,
            "fvd": 67.00970170231548
        },
        "Kimono_1920x1080_24": {
            "psnr": -11.263951911817704,
            "ssim": -5.8845971354746895,
            "vmaf": -26.770881863187313,
            "fvd": -10.804657204899382
        },
        "ParkScene_1920x1080_24": {
            "psnr": -7.282605916812502,
            "ssim": -1.6098487771681103,
            "vmaf": -21.645172564048654,
            "fvd": 2.8917882224513525
        }
    },
    "av1": {
        "BasketballDrive_1920x1080_50": {
            "psnr": -42.40224054535167,
            "ssim": -48.9430504919389,
            "vmaf": -39.75243786280264,
            "fvd": -100.0
        },
        "BQTerrace_1920x1080_60": {
            "psnr": -49.92166132565732,
            "ssim": -53.34531742949569,
            "vmaf": -61.36210345914223,
            "fvd": 48.471425794166414
        },
        "Cactus_1920x1080_50": {
            "psnr": -44.79692024760209,
            "ssim": -46.87523182396885,
            "vmaf": -45.89309162892026,
            "fvd": 16.698102867153896
        },
        "Kimono_1920x1080_24": {
            "psnr": -34.79508809706684,
            "ssim": -40.40135903347366,
            "vmaf": -33.97369346929822,
            "fvd": -27.73655518493604
        },
        "ParkScene_1920x1080_24": {
            "psnr": -38.084843974285555,
            "ssim": -44.19769618169429,
            "vmaf": -44.84522225975588,
            "fvd": 8.096103948805823
        }
    }
}