{
    "h264": {
        "Beauty_1920x1080_120fps_420_8bit_YUV": {
            "psnr": 110.29792573102353,
            "ssim": 100.97907444173435,
            "vmaf": 132.82247945427684,
            "fvd": 107.28012355936384,
            "tssim": 142.55233911843504,
            "tpsnr": 116.39635764289129,
            "movie_index": -98.85140710525052,
            "st_rred": 98.79149525507245
        },
        "Bosphorus_1920x1080_120fps_420_8bit_YUV": {
            "psnr": 106.17361532364752,
            "ssim": 97.168847847161,
            "vmaf": 135.3956558511231,
            "fvd": 74.64476535332238,
            "tssim": 135.7747738448405,
            "tpsnr": 132.78364679981456,
            "movie_index": 1504786135.567693,
            "st_rred": 75.14050082530576
        },
        "HoneyBee_1920x1080_120fps_420_8bit_YUV": {
            "psnr": 205.02003416290887,
            "ssim": 175.46260642796247,
            "vmaf": 207.8744231563737,
            "fvd": 92.80046258216427,
            "tssim": 274.72632150024543,
            "tpsnr": 247.4710511774457,
            "movie_index": 1000000000.0,
            "st_rred": 17.819541273683548
        },
        "Jockey_1920x1080_120fps_420_8bit_YUV": {
            "psnr": 141.38180631910143,
            "ssim": 116.22411287688612,
            "vmaf": 170.56838814987088,
            "fvd": 107.83870735550116,
            "tssim": 150.20033984894204,
            "tpsnr": 159.05526782237897,
            "movie_index": 592.045817083203,
            "st_rred": 200.2492490914501
        },
        "ReadySteadyGo_1920x1080_120fps_420_8bit_YUV": {
            "psnr": 76.6654333461418,
            "ssim": 56.27781540360706,
            "vmaf": 83.8114524822287,
            "fvd": 23.210720382828608,
            "tssim": 77.75130594253427,
            "tpsnr": 81.09092837061134,
            "movie_index": 355.2813970591102,
            "st_rred": 140.16812061894245
        },
        "ShakeNDry_1920x1080_120fps_420_8bit_YUV": {
            "psnr": 79.55142979455371,
            "ssim": 66.15679847212523,
            "vmaf": 104.32727794115037,
            "fvd": 48.69754267492428,
            "tssim": 100.52493654314043,
            "tpsnr": 95.13890973144757,
            "movie_index": -100.0,
            "st_rred": 146.60006016203417
        },
        "YachtRide_1920x1080_120fps_420_8bit_YUV": {
            "psnr": 94.01171711524721,
            "ssim": 81.43018743963076,
            "vmaf": 107.34265919619533,
            "fvd": 51.0214988379144,
            "tssim": 115.65702419240242,
            "tpsnr": 116.95004804608202,
            "movie_index": 1646.1268082291876,
            "st_rred": 146.65658648504674
        }
    },
    "av1": {
        "Beauty_1920x1080_120fps_420_8bit_YUV": {
            "psnr": -47.4741711444202,
            "ssim": -58.31358684182393,
            "vmaf": -13.289728369188103,
            "fvd": 24.41844658463319,
            "tssim": -32.0275329461005,
            "tpsnr": 14.076517567699899,
            "movie_index": 79.91367144837172,
            "st_rred": 665.793293962158
        },
        "Bosphorus_1920x1080_120fps_420_8bit_YUV": {
            "psnr": -47.437840435191525,
            "ssim": -57.14948328494462,
            "vmaf": -27.029391841509685,
            "fvd": 22.211703354170176,
            "tssim": -41.10607179264753,
            "tpsnr": -39.0426377358164,
            "movie_index": -23.07358551831358,
            "st_rred": 123.15621683358384
        },
        "HoneyBee_1920x1080_120fps_420_8bit_YUV": {
            "psnr": -57.03702166868363,
            "ssim": -63.81561734664955,
            "vmaf": -47.098646312231594,
            "fvd": 25.674280691949836,
            "tssim": -54.277297906925185,
            "tpsnr": -56.44500136032205,
            "movie_index": 6.896157940465342,
            "st_rred": 442.7171822611325
        },
        "Jockey_1920x1080_120fps_420_8bit_YUV": {
            "psnr": -38.6228919610443,
            "ssim": -56.48141885248044,
            "vmaf": -10.381259209718074,
            "fvd": -15.18546456521479,
            "tssim": -28.269788497357418,
            "tpsnr": 7.968191911634159,
            "movie_index": 12.043398674850557,
            "st_rred": 41.72535019589119
        },
        "ReadySteadyGo_1920x1080_120fps_420_8bit_YUV": {
            "psnr": -35.27548166354075,
            "ssim": -41.31551473464648,
            "vmaf": -27.541778815750316,
            "fvd": -24.9807340610673,
            "tssim": -29.908149580181664,
            "tpsnr": -23.93477306685877,
            "movie_index": 5.242052000796726,
            "st_rred": 38.089928039674106
        },
        "ShakeNDry_1920x1080_120fps_420_8bit_YUV": {
            "psnr": -72.71676925446226,
            "ssim": -77.26591596907838,
            "vmaf": -60.451767190393625,
            "fvd": -9.889279104600512,
            "tssim": -73.91113327039525,
            "tpsnr": -65.57212448987201,
            "movie_index": 12.86168909991645,
            "st_rred": 57.86104765895019
        },
        "YachtRide_1920x1080_120fps_420_8bit_YUV": {
            "psnr": -39.534228551459826,
            "ssim": -46.78056602475937,
            "vmaf": -26.072901179015627,
            "fvd": 22.139161450271615,
            "tssim": -38.265212315389064,
            "tpsnr": -36.32791383792785,
            "movie_index": 43.85454972047433,
            "st_rred": 99.85077147655754
        }
    },
    "vp9": {
        "Beauty_1920x1080_120fps_420_8bit_YUV": {
            "psnr": -9.120551005740774,
            "ssim": -21.56280582534832,
            "vmaf": 19.941479641439862,
            "fvd": -12.471583513800233,
            "tssim": 0.37759514074831024,
            "tpsnr": 11.871535808069478,
            "movie_index": 885.5172773311276,
            "st_rred": 167.283651096565
        },
        "Bosphorus_1920x1080_120fps_420_8bit_YUV": {
            "psnr": 5.004390780938306,
            "ssim": 2.2695216461170675,
            "vmaf": 26.253178367239947,
            "fvd": -7.046109872878525,
            "tssim": 23.413509995180526,
            "tpsnr": 16.81761265584363,
            "movie_index": 1299.3219414423916,
            "st_rred": 61.97949691296829
        },
        "HoneyBee_1920x1080_120fps_420_8bit_YUV": {
            "psnr": -55.43931967171122,
            "ssim": -61.34502039516192,
            "vmaf": -22.19333835772048,
            "fvd": -79.86931561859865,
            "tssim": -23.856200697789088,
            "tpsnr": -51.158664509344476,
            "movie_index": 42793106.54680597,
            "st_rred": -34.154127692415614
        },
        "Jockey_1920x1080_120fps_420_8bit_YUV": {
            "psnr": -14.998528911174846,
            "ssim": -26.181735176881592,
            "vmaf": -1.5771858827796081,
            "fvd": -7.186639615486379,
            "tssim": -5.480546271941089,
            "tpsnr": 6.849749768086411,
            "movie_index": 264.00766899187647,
            "st_rred": 8.229724073815836
        },
        "ReadySteadyGo_1920x1080_120fps_420_8bit_YUV": {
            "psnr": 1.6236222391087018,
            "ssim": 1.2647376414969935,
            "vmaf": 7.564985447655714,
            "fvd": -34.612001084321655,
            "tssim": 9.282232247851008,
            "tpsnr": 4.010406331047345,
            "movie_index": 9066.64080911788,
            "st_rred": 15.39487652313085
        },
        "ShakeNDry_1920x1080_120fps_420_8bit_YUV": {
            "psnr": -16.419571295619996,
            "ssim": -23.09178762901243,
            "vmaf": 11.493541932769613,
            "fvd": 0.24601049648032003,
            "tssim": -12.926845226777528,
            "tpsnr": -11.55280095105029,
            "movie_index": 1.767588682560569e+76,
            "st_rred": 25.120338520161887
        },
        "YachtRide_1920x1080_120fps_420_8bit_YUV": {
            "psnr": 8.664444076249755,
            "ssim": 9.70227234146952,