{
    "hevc": {
        "Beauty_1920x1080_120fps_420_8bit_YUV": {
            "psnr": -52.44841352933619,
            "ssim": -50.24357621420388,
            "vmaf": -57.048820958184734,
            "fvd": -51.75610749220701,
            "tssim": -58.77178494198263,
            "tpsnr": -53.78850129953421,
            "movie_index": 8606.304945566577,
            "st_rred": -49.6960371107987
        },
        "Bosphorus_1920x1080_120fps_420_8bit_YUV": {
            "psnr": -51.49718850153457,
            "ssim": -49.28204881659764,
            "vmaf": -57.518332426981836,
            "fvd": -42.74091193189168,
            "tssim": -57.586641535362745,
            "tpsnr": -57.04165590034065,
            "movie_index": -99.99999335453784,
            "st_rred": -42.90298387364714
        },
        "HoneyBee_1920x1080_120fps_420_8bit_YUV": {
            "psnr": -67.21526824477675,
            "ssim": -63.69743200474962,
            "vmaf": -67.5192245673462,
            "fvd": -48.132904526936095,
            "tssim": -73.31385753751101,
            "tpsnr": -71.22062408907492,
            "movie_index": -100.0,
            "st_rred": -15.12443613431702
        },
        "Jockey_1920x1080_120fps_420_8bit_YUV": {
            "psnr": -58.571856957685455,
            "ssim": -53.751689083382615,
            "vmaf": -63.04076736983446,
            "fvd": -51.8857669620927,
            "tssim": -60.03202870932357,
            "tpsnr": -61.3981986003987,
            "movie_index": -85.55008967159507,
            "st_rred": -66.69433801996223
        },
        "ReadySteadyGo_1920x1080_120fps_420_8bit_YUV": {
            "psnr": -43.39583125802018,
            "ssim": -36.011391161479025,
            "vmaf": -45.59642576695909,
            "fvd": -18.838231211302446,
            "tssim": -43.74162289849545,
            "tpsnr": -44.77912234491108,
            "movie_index": -78.03556204010313,
            "st_rred": -58.36250050910677
        },
        "ShakeNDry_1920x1080_120fps_420_8bit_YUV": {
            "psnr": -44.30565096896083,
            "ssim": -39.815884201225636,
            "vmaf": -51.05890852771912,
            "fvd": -32.749393028898,
            "tssim": -50.13089058951715,
            "tpsnr": -48.75445387205393,
            "movie_index": 2.6238917036930263e+21,
            "st_rred": -59.44850948767297
        },
        "YachtRide_1920x1080_120fps_420_8bit_YUV": {
            "psnr": -48.456721332661665,
            "ssim": -44.88238070454836,
            "vmaf": -51.77065810399573,
            "fvd": -33.78426199615051,
            "tssim": -53.63007517400261,
            "tpsnr": -53.90644026095852,
            "movie_index": -94.27303907547163,
            "st_rred": -59.457802678193474
        }
    },
    "av1": {
        "Beauty_1920x1080_120fps_420_8bit_YUV": {
            "psnr": -74.32379824669461,
            "ssim": -78.12320891212026,
            "vmaf": -64.2543786859884,
            "fvd": -42.027561121849836,
            "tssim": -74.95837921759654,
            "tpsnr": -47.64462132985982,
            "movie_index": 692.5002442623633,
            "st_rred": 49.2657662822167
        },
        "Bosphorus_1920x1080_120fps_420_8bit_YUV": {
            "psnr": -73.2997039808389,
            "ssim": -75.97205244404473,
            "vmaf": -69.04245365950223,
            "fvd": -33.057475220872725,
            "tssim": -74.55748475846174,
            "tpsnr": -73.49839226489104,
            "movie_index": -99.99999992734165,
            "st_rred": -19.268275701770065
        },
        "HoneyBee_1920x1080_120fps_420_8bit_YUV": {
            "psnr": -82.3912893192597,
            "ssim": -83.47356293304281,
            "vmaf": -79.40074234997336,
            "fvd": -50.58083798762723,
            "tssim": -88.15276677992063,
            "tpsnr": -84.2927203196171,
            "movie_index": -100.0,
            "st_rred": 15.482386609618448
        },
        "Jockey_1920x1080_120fps_420_8bit_YUV": {
            "psnr": -73.47538612675578,
            "ssim": -77.63497059599058,
            "vmaf": -68.34204780859928,
            "fvd": -64.92994338746003,
            "tssim": -73.14803117857724,
            "tpsnr": -59.607293083965615,
            "movie_index": -87.76437124232991,
            "st_rred": -53.317770625931594
        },
        "ReadySteadyGo_1920x1080_120fps_420_8bit_YUV": {
            "psnr": -61.291836300977835,
            "ssim": -60.87636606692056,
            "vmaf": -60.000678064072545,
            "fvd": -47.182820156539385,
            "tssim": -60.15336061577942,
            "tpsnr": -56.617064939206244,
            "movie_index": -91.53180356662222,
            "st_rred": -43.974480391079126
        },
        "ShakeNDry_1920x1080_120fps_420_8bit_YUV": {
            "psnr": -83.27288523327246,
            "ssim": -84.24212941260615,
            "vmaf": -79.76238875300147,
            "fvd": -42.912461275356826,
            "tssim": -86.48409978515075,
            "tpsnr": -82.36437972741304,
            "movie_index": 3.587632246399865e+35,
            "st_rred": -37.214667585238395
        },
        "YachtRide_1920x1080_120fps_420_8bit_YUV": {
            "psnr": -66.72397234300898,
            "ssim": -67.69499768730631,
            "vmaf": -63.068170093672016,
            "fvd": -21.78806664689614,
            "tssim": -69.5382611185269,
            "tpsnr": -68.81953938620141,
            "movie_index": -95.1945984728294,
            "st_rred": -27.72341518963315
        }
    },
    "vp9": {
        "Beauty_1920x1080_120fps_420_8bit_YUV": {
            "psnr": -57.313441834830556,
            "ssim": -60.70585213313543,
            "vmaf": -50.08269978579345,
            "fvd": -57.161786513813404,
            "tssim": -60.631073683952394,
            "tpsnr": -49.76061936330037,
            "movie_index": -48.00005215869562,
            "st_rred": -8.280251528519123
        },
        "Bosphorus_1920x1080_120fps_420_8bit_YUV": {
            "psnr": -49.81770500636572,
            "ssim": -48.502294606697205,
            "vmaf": -48.47698575925391,
            "fvd": -45.93152765876213,
            "tssim": -49.590031113632236,
            "tpsnr": -51.28136379705444,
            "movie_index": -99.62965687604046,
            "st_rred": -29.05872739613381
        },
        "HoneyBee_1920x1080_120fps_420_8bit_YUV": {
            "psnr": -86.8273513675545,
            "ssim": -86.62420001015668,
            "vmaf": -77.71492755613998,
            "fvd": -76.4548632284341,
            "tssim": -89.04439314420664,
            "tpsnr": -88.00970891546243,
            "movie_index": -100.0,
            "st_rred": -36.94323631435644
        },
        "Jockey_1920x1080_120fps_420_8bit_YUV": {
            "psnr": -64.62114576688927,
            "ssim": -64.55589680572187,
            "vmaf": -64.60160478328747,
            "fvd": -73.24348722032954,
            "tssim": -63.27196104922537,
            "tpsnr": -60.84204100372914,
            "movie_index": -66.63416819945743,
            "st_rred": -62.509724245331476
        },
        "ReadySteadyGo_1920x1080_120fps_420_8bit_YUV": {
            "psnr": -40.71944343057194,
            "ssim": -33.91933038012368,
            "vmaf": -41.1305706495803,
            "fvd": -50.4687886266443,
            "tssim": -38.19261789732731,
            "tpsnr": -40.723418314557726,
            "movie_index": -37.55516229547925,
            "st_rred": -54.284779171880274
        },
        "ShakeNDry_1920x1080_120fps_420_8bit_YUV": {
            "psnr": -52.048566164912124,
            "ssim": -51.789885819834424,
            "vmaf": -46.51122269141332,
            "fvd": -36.41904411516248,
            "tssim": -55.94546654269617,
            "tpsnr": -53.924496653514865,
            "movie_index": 160.42691960191257,
            "st_rred": -51.75305589097236
        },