{
    "h264": {
        "Beauty_1920x1080_120fps_420_8bit_YUV": {
            "psnr": 132.66149828344038,
            "ssim": 152.30205592908516,
            "vmaf": 101.14375186859755,
            "fvd": 190.60564516310876,
            "tssim": 149.44666619082656,
            "tpsnr": 98.04955001198871,
            "movie_index": NaN,
            "st_rred": 27.888092774749772
        },
        "Bosphorus_1920x1080_120fps_420_8bit_YUV": {
            "psnr": 98.60881414895566,
            "ssim": 93.79416632633941,
            "vmaf": 93.90878899002368,
            "fvd": 81.19103766479752,
            "tssim": 97.82074468292821,
            "tpsnr": 104.64146023404197,
            "movie_index": NaN,
            "st_rred": 40.476000600059336
        },
        "HoneyBee_1920x1080_120fps_420_8bit_YUV": {
            "psnr": 659.0834679531844,
            "ssim": 651.7278854030567,
            "vmaf": 349.43981072361413,
            "fvd": 321.46453000209584,
            "tssim": NaN,
            "tpsnr": NaN,
            "movie_index": NaN,
            "st_rred": 66.95775832672204
        },
        "Jockey_1920x1080_120fps_420_8bit_YUV": {
            "psnr": 179.62485299920093,
            "ssim": 179.69135974009194,
            "vmaf": 187.19409412881868,
            "fvd": 329.2604182457362,
            "tssim": 171.5850875811444,
            "tpsnr": 154.3304445756098,
            "movie_index": 209.807829588945,
            "st_rred": 152.09211140719066
        },
        "ReadySteadyGo_1920x1080_120fps_420_8bit_YUV": {
            "psnr": 64.65431881142078,
            "ssim": 48.60893603454453,
            "vmaf": 68.05451678287797,
            "fvd": 78.34402557406057,
            "tssim": 59.37383026199057,
            "tpsnr": 64.78112022342641,
            "movie_index": -100.0,
            "st_rred": 110.82590756262141
        },
        "ShakeNDry_1920x1080_120fps_420_8bit_YUV": {
            "psnr": 111.27054238374589,
            "ssim": 109.51694330193274,
            "vmaf": 87.90952969520968,
            "fvd": 49.34153407391708,
            "tssim": 130.30144307018494,
            "tpsnr": 120.51277628571188,
            "movie_index": NaN,
            "st_rred": 105.18396111044677
        },
        "YachtRide_1920x1080_120fps_420_8bit_YUV": {
            "psnr": 75.462253538107,
            "ssim": 59.1171632486194,
            "vmaf": 79.32556175303309,
            "fvd": 62.4613762110543,
            "tssim": 68.44059443442477,
            "tpsnr": 79.87586296545395,
            "movie_index": Infinity,
            "st_rred": 90.00392928630012
        }
    },
    "hevc": {
        "Beauty_1920x1080_120fps_420_8bit_YUV": {
            "psnr": 9.551682163168284,
            "ssim": 26.93842134876312,
            "vmaf": -16.83003306972015,
            "fvd": 45.40975993475016,
            "tssim": -1.150239274851761,
            "tpsnr": -10.997755188463131,
            "movie_index": NaN,
            "st_rred": -56.677536131081105
        },
        "Bosphorus_1920x1080_120fps_420_8bit_YUV": {
            "psnr": -5.069641414761062,
            "ssim": -2.2432863468495157,
            "vmaf": -21.111854708689883,
            "fvd": 9.816456374270043,
            "tssim": -19.119155689345256,
            "tpsnr": -14.717970378472279,
            "movie_index": NaN,
            "st_rred": -38.231662452806056
        },
        "HoneyBee_1920x1080_120fps_420_8bit_YUV": {
            "psnr": 121.33102829162188,
            "ssim": 151.1725351720088,
            "vmaf": 27.44499181801976,
            "fvd": 421.1532017967257,
            "tssim": 28.459939723640137,
            "tpsnr": 101.7263689182966,
            "movie_index": NaN,
            "st_rred": 64.49677483840799
        },
        "Jockey_1920x1080_120fps_420_8bit_YUV": {
            "psnr": 17.584055894881946,
            "ssim": 35.6379323538085,
            "vmaf": 0.6230823160021437,
            "fvd": 15.3192870187707,
            "tssim": 5.500662151179947,
            "tpsnr": -7.086301808352113,
            "movie_index": -72.22656323484671,
            "st_rred": -40.5081865410024
        },
        "ReadySteadyGo_1920x1080_120fps_420_8bit_YUV": {
            "psnr": -5.545428752621017,
            "ssim": -3.409401195003936,
            "vmaf": -9.511199483489596,
            "fvd": 47.88280270404142,
            "tssim": -10.622449228977382,
            "tpsnr": -7.284473760988474,
            "movie_index": NaN,
            "st_rred": -13.52087451348083
        },
        "ShakeNDry_1920x1080_120fps_420_8bit_YUV": {
            "psnr": 19.122767194182046,
            "ssim": 29.875223034861186,
            "vmaf": -10.49228508785417,
            "fvd": 4.82446824161975,
            "tssim": 14.659273530504668,
            "tpsnr": 12.464588498304273,
            "movie_index": NaN,
            "st_rred": -20.148158501812784
        },
        "YachtRide_1920x1080_120fps_420_8bit_YUV": {
            "psnr": -9.706255389362994,
            "ssim": -10.942888534329064,
            "vmaf": -13.22252994525095,
            "fvd": -0.4997951525040234,
            "tssim": -22.304638973264424,
            "tpsnr": -17.446767516759575,
            "movie_index": NaN,
            "st_rred": -22.10348464951838
        }
    },
    "av1": {
        "Beauty_1920x1080_120fps_420_8bit_YUV": {
            "psnr": -45.04703049741718,
            "ssim": -48.683834427309556,
            "vmaf": -33.21255704549488,
            "fvd": 67.36082741160064,
            "tssim": -38.372801329229965,
            "tpsnr": 1.4866095682448455,
            "movie_index": -81.82918786052706,
            "st_rred": 557.8132231143182
        },
        "Bosphorus_1920x1080_120fps_420_8bit_YUV": {
            "psnr": -52.09591447860239,
            "ssim": -59.340363669412554,
            "vmaf": -45.478890092793186,
            "fvd": 37.907143855598925,
            "tssim": -56.843762043537104,
            "tpsnr": -51.232694654909714,
            "movie_index": NaN,
            "st_rred": 30.09768807065307
        },
        "HoneyBee_1920x1080_120fps_420_8bit_YUV": {
            "psnr": -28.818350238992153,
            "ssim": -32.696758955233065,
            "vmaf": -36.604390348007186,
            "fvd": NaN,
            "tssim": -43.31423282314715,
            "tpsnr": -33.281064421996916,
            "movie_index": NaN,
            "st_rred": NaN
        },
        "Jockey_1920x1080_120fps_420_8bit_YUV": {
            "psnr": -28.445291530546747,
            "ssim": -41.318202181201016,
            "vmaf": -10.050923729561257,
            "fvd": 108.30785387134658,
            "tssim": -27.657720570757817,
            "tpsnr": 5.470312664269206,
            "movie_index": -75.84553286853854,
            "st_rred": 97.41672075241401
        },
        "ReadySteadyGo_1920x1080_120fps_420_8bit_YUV": {
            "psnr": -41.188173124652785,
            "ssim": -47.37926133124073,
            "vmaf": -39.11878655064391,
            "fvd": 17.563238089600297,
            "tssim": -42.828424858815694,
            "tpsnr": -31.97493843012339,
            "movie_index": NaN,
            "st_rred": 40.05271638260426
        },
        "ShakeNDry_1920x1080_120fps_420_8bit_YUV": {
            "psnr": -65.27220657904375,
            "ssim": -67.79225086455018,
            "vmaf": -65.72122421120442,
            "fvd": -3.8783370607272882,
            "tssim": -69.5435537013726,
            "tpsnr": -59.3533418613845,
            "movie_index": NaN,
            "st_rred": 29.186636146205714
        },
        "YachtRide_1920x1080_120fps_420_8bit_YUV": {
            "psnr": -46.80270864076046,
            "ssim": -54.99354204275442,
            "vmaf": -37.43714764939511,
            "fvd": 46.723617965164685,
            "tssim": -55.80233385278528,
            "tpsnr": -49.158565413188526,
            "movie_index": NaN,
            "st_rred": 85.46710800577605
        }
    }
}