{
    "h264": {
        "BasketballDrive_1920x1080_50": {
            "psnr": 200.31016268073242,
            "ssim": 236.86858997168173,
            "vmaf": 162.68756201089815,
            "fvd": 48.84545528689341,
            "tssim": 157.8507919708263,
            "tpsnr": 87.42366589144194,
            "movie_index": -40.667936746719135,
            "st_rred": 19.24943646217261
        },
        "BQTerrace_1920x1080_60": {
            "psnr": 364.5085657441955,
            "ssim": 359.9173797174051,
            "vmaf": 360.1715044414865,
            "fvd": 30.99515899758327,
            "tssim": 330.6745439491178,
            "tpsnr": 356.13394448795185,
            "movie_index": -68.49738382422395,
            "st_rred": 9.963070478106228
        },
        "Cactus_1920x1080_50": {
            "psnr": 184.7678892422206,
            "ssim": 200.40392300554893,
            "vmaf": 156.01638465182305,
            "fvd": 57.873842229975935,
            "tssim": 193.86060126251436,
            "tpsnr": 149.68252583802206,
            "movie_index": 422.9163201949044,
            "st_rred": 7.282010728673272
        },
        "Kimono_1920x1080_24": {
            "psnr": 151.24348411688655,
            "ssim": 155.70093262622103,
            "vmaf": 133.56286690614053,
            "fvd": 46.61620307644072,
            "tssim": 147.66117925567687,
            "tpsnr": 122.37329921211825,
            "movie_index": 1283.1752185117912,
            "st_rred": -16.350266225322805
        },
        "ParkScene_1920x1080_24": {
            "psnr": 160.5085543091603,
            "ssim": 178.66658213073663,
            "vmaf": 156.19136275565086,
            "fvd": 1.911593959815483,
            "tssim": 174.64287926378609,
            "tpsnr": 148.3684320335363,
            "movie_index": 804.1165902693967,
            "st_rred": -2.1957497310898466
        }
    },
    "hevc": {
        "BasketballDrive_1920x1080_50": {
            "psnr": 66.01780610447304,
            "ssim": 106.07244634557614,
            "vmaf": 35.31536068051852,
            "fvd": -4.073304128601752,
            "tssim": 38.64731205974401,
            "tpsnr": 3.0557854930413075,
            "movie_index": -30.511971571924313,
            "st_rred": -64.66844916087796
        },
        "BQTerrace_1920x1080_60": {
            "psnr": 108.40810709620592,
            "ssim": 149.228546247144,
            "vmaf": 124.60586850156719,
            "fvd": -1.1510748230914691,
            "tssim": 112.96432108600594,
            "tpsnr": 99.67658721199793,
            "movie_index": -43.146644969284544,
            "st_rred": -34.509277550343576
        },
        "Cactus_1920x1080_50": {
            "psnr": 84.00882096664115,
            "ssim": 117.05873275058858,
            "vmaf": 55.60434995184129,
            "fvd": 33.934225903109215,
            "tssim": 77.86121131876288,
            "tpsnr": 51.441183012105625,
            "movie_index": 154.5603115549065,
            "st_rred": -31.669404867716867
        },
        "Kimono_1920x1080_24": {
            "psnr": 31.768944307295044,
            "ssim": 49.33535286470811,
            "vmaf": 7.943401159000896,
            "fvd": 10.56965506447678,
            "tssim": 20.09998332385583,
            "tpsnr": 13.627261035129301,
            "movie_index": -50.97517809408279,
            "st_rred": -83.01001259206323
        },
        "ParkScene_1920x1080_24": {
            "psnr": 42.82193849782476,
            "ssim": 65.57337557900142,
            "vmaf": 34.86207567524124,
            "fvd": -25.556989371157712,
            "tssim": 42.88941889662317,
            "tpsnr": 33.158305317683286,
            "movie_index": 8.907765995471074,
            "st_rred": -23.084922431238997
        }
    },
    "vp9": {
        "BasketballDrive_1920x1080_50": {
            "psnr": 73.51852227192293,
            "ssim": 94.33418468110668,
            "vmaf": 63.36511075905897,
            "fvd": -3.4242082266513707,
            "tssim": 58.58535085092762,
            "tpsnr": 12.379237158371637,
            "movie_index": -59.324030022444816,
            "st_rred": -43.37645498655299
        },
        "BQTerrace_1920x1080_60": {
            "psnr": 99.18676123813488,
            "ssim": 113.54296042395569,
            "vmaf": 141.33968906013084,
            "fvd": -32.54015836144434,
            "tssim": 80.29534826262304,
            "tpsnr": 64.85950249375392,
            "movie_index": -43.32504301170415,
            "st_rred": -34.85804012601961
        },
        "Cactus_1920x1080_50": {
            "psnr": 80.349434848453,
            "ssim": 86.49448461949657,
            "vmaf": 83.1648524053697,
            "fvd": -13.852660613429912,
            "tssim": 84.13857796176147,
            "tpsnr": 63.94503800209439,
            "movie_index": -7.256478663867261,
            "st_rred": -37.418276828129436
        },
        "Kimono_1920x1080_24": {
            "psnr": 52.22793178897387,
            "ssim": 66.03071466508625,
            "vmaf": 48.5104643931628,
            "fvd": 14.61329539806886,
            "tssim": 61.16101884235567,
            "tpsnr": 32.5323791438743,
            "movie_index": -87.97136830868178,
            "st_rred": -61.394697441341584
        },
        "ParkScene_1920x1080_24": {
            "psnr": 60.780710890442414,
            "ssim": 77.03531933206582,
            "vmaf": 78.99407276088348,
            "fvd": -36.50779630948284,
            "tssim": 85.52103115411941,
            "tpsnr": 51.21906004828436,
            "movie_index": -46.3320211483941,
            "st_rred": -15.0196101759418
        }
    }
}