{
    "h264": {
        "BasketballDrive_1920x1080_50": {
            "psnr": 84.30018898172385,
            "ssim": 86.80531150106718,
            "vmaf": 72.21573603685722,
            "fvd": 61.44670288561371,
            "tssim": 74.52710271999432,
            "tpsnr": 66.55095589560072,
            "movie_index": 14.25801804950475,
            "st_rred": 45.845616253479626
        },
        "BQTerrace_1920x1080_60": {
            "psnr": 176.48628837642525,
            "ssim": 159.26009053296673,
            "vmaf": 153.17466895105758,
            "fvd": 78.56554717448714,
            "tssim": 176.81984030976076,
            "tpsnr": 200.06442361388176,
            "movie_index": -69.57929156046852,
            "st_rred": 32.94645795551716
        },
        "Cactus_1920x1080_50": {
            "psnr": 69.79697738890995,
            "ssim": 72.8959031825565,
            "vmaf": 53.91530156993267,
            "fvd": 83.70066790366128,
            "tssim": 73.16227955864034,
            "tpsnr": 62.978257516315935,
            "movie_index": 554.7913320471206,
            "st_rred": 29.46552472308268
        },
        "Kimono_1920x1080_24": {
            "psnr": 71.52595568863096,
            "ssim": 61.2127812827536,
            "vmaf": 65.0894117379148,
            "fvd": 27.890561222259702,
            "tssim": 62.24831490125353,
            "tpsnr": 73.3757000637927,
            "movie_index": 687.0681406620135,
            "st_rred": 22.33489782830329
        },
        "ParkScene_1920x1080_24": {
            "psnr": 69.91306635534056,
            "ssim": 65.81022908137768,
            "vmaf": 53.076770040827185,
            "fvd": 58.4243247677289,
            "tssim": 61.95547309568141,
            "tpsnr": 72.75576981974052,
            "movie_index": 641.2648508353551,
            "st_rred": 10.344410782792245
        }
    },
    "hevc": {
        "BasketballDrive_1920x1080_50": {
            "psnr": -1.8797924727205761,
            "ssim": 9.047170564752216,
            "vmaf": -13.709385484395064,
            "fvd": 0.9280916745953549,
            "tssim": -6.915680766042243,
            "tpsnr": -8.139949582171269,
            "movie_index": 47.02190348805884,
            "st_rred": -33.538329797456946
        },
        "BQTerrace_1920x1080_60": {
            "psnr": 6.837231646979358,
            "ssim": 19.82075463831714,
            "vmaf": -1.2053398945970795,
            "fvd": 49.606791216040456,
            "tssim": 18.132284685007626,
            "tpsnr": 18.374140948288954,
            "movie_index": -17.70818069369581,
            "st_rred": -2.9191699042021457
        },
        "Cactus_1920x1080_50": {
            "psnr": 5.379757708418875,
            "ssim": 20.349701432359744,
            "vmaf": -7.461548211851021,
            "fvd": 57.185851535167046,
            "tssim": 3.6514017850556746,
            "tpsnr": -4.464726548154696,
            "movie_index": 171.24959734845172,
            "st_rred": 4.4188653720343085
        },
        "Kimono_1920x1080_24": {
            "psnr": -10.800477244682781,
            "ssim": -5.3131897502351695,
            "vmaf": -25.413944141644297,
            "fvd": 3.9136793958673977,
            "tssim": -20.634146418578435,
            "tpsnr": -12.7729696289133,
            "movie_index": 207.9348804040015,
            "st_rred": -48.786743174836545
        },
        "ParkScene_1920x1080_24": {
            "psnr": -7.107981798501917,
            "ssim": -1.5293485665635265,
            "vmaf": -21.025977393644613,
            "fvd": 15.911227797976002,
            "tssim": -16.106680565902508,
            "tpsnr": -9.569025347542237,
            "movie_index": 103.24584079274524,
            "st_rred": -5.930022006977998
        }
    },
    "av1": {
        "BasketballDrive_1920x1080_50": {
            "psnr": -42.369264853876054,
            "ssim": -48.54224944309446,
            "vmaf": -38.787419458561004,
            "fvd": 3.5456175546430435,
            "tssim": -36.942473271694965,
            "tpsnr": -11.015591021432247,
            "movie_index": 145.84539730750015,
            "st_rred": 76.60497938843625
        },
        "BQTerrace_1920x1080_60": {
            "psnr": -49.795860237696,
            "ssim": -53.17101542403184,
            "vmaf": -58.56462714879667,
            "fvd": 48.23633968160177,
            "tssim": -44.53545198829127,
            "tpsnr": -39.34228935102559,
            "movie_index": 76.4447744012428,
            "st_rred": 53.5108863679475
        },
        "Cactus_1920x1080_50": {
            "psnr": -44.55208574175481,
            "ssim": -46.379111315796116,
            "vmaf": -45.404372789444416,
            "fvd": 16.080195525561948,
            "tssim": -45.693074690320366,
            "tpsnr": -39.0039483849932,
            "movie_index": 7.824243202463066,
            "st_rred": 59.79106188138381
        },
        "Kimono_1920x1080_24": {
            "psnr": -34.30903328659479,
            "ssim": -39.77018035384721,
            "vmaf": -32.66467759789467,
            "fvd": -12.750087454788506,
            "tssim": -37.95025576388426,
            "tpsnr": -24.54674046751839,
            "movie_index": 731.3497542050098,
            "st_rred": 159.0317738037568
        },
        "ParkScene_1920x1080_24": {
            "psnr": -37.803484356938185,
            "ssim": -43.51409629598848,
            "vmaf": -44.132228258983154,
            "fvd": 57.49965222097882,
            "tssim": -46.09775539845605,
            "tpsnr": -33.87077001532087,
            "movie_index": 86.33084781616982,
            "st_rred": 17.674207198905666
        }
    }
}