{
    "h264": {
        "Beauty_1920x1080_120fps_420_8bit_YUV": {
            "psnr": 289.4657043155794,
            "ssim": 357.10543012591245,
            "vmaf": 179.75454426022785,
            "fvd": 72.49576166734299,
            "tssim": 299.33517430416947,
            "tpsnr": 91.00234310220536,
            "movie_index": -87.38170735921007,
            "st_rred": -33.005402048497814
        },
        "Bosphorus_1920x1080_120fps_420_8bit_YUV": {
            "psnr": 274.5276828700191,
            "ssim": 316.182030392418,
            "vmaf": 223.02301642421472,
            "fvd": 49.38187696078662,
            "tssim": 293.04290102865605,
            "tpsnr": 277.3355978985433,
            "movie_index": 137630409757.59534,
            "st_rred": 23.86704343213506
        },
        "HoneyBee_1920x1080_120fps_420_8bit_YUV": {
            "psnr": 467.90074987929665,
            "ssim": 505.09110097262953,
            "vmaf": 385.45438723550626,
            "fvd": 102.35065899127065,
            "tssim": 744.0789350758639,
            "tpsnr": 536.6474783338309,
            "movie_index": 1000000000.0,
            "st_rred": -13.406708212530937
        },
        "Jockey_1920x1080_120fps_420_8bit_YUV": {
            "psnr": 277.0083156643857,
            "ssim": 347.12661983834823,
            "vmaf": 215.87640096052417,
            "fvd": 185.14353741944944,
            "tssim": 272.4121708357528,
            "tpsnr": 147.56944417682436,
            "movie_index": 717.285339237786,
            "st_rred": 114.21427669765313
        },
        "ReadySteadyGo_1920x1080_120fps_420_8bit_YUV": {
            "psnr": 158.34343570921234,
            "ssim": 155.59997870097888,
            "vmaf": 150.00423797229377,
            "fvd": 89.33233522952126,
            "tssim": 150.9621929110548,
            "tpsnr": 130.505381574269,
            "movie_index": 1080.8889978726218,
            "st_rred": 78.490089334356
        },
        "ShakeNDry_1920x1080_120fps_420_8bit_YUV": {
            "psnr": 497.83173245701266,
            "ssim": 534.603510959146,
            "vmaf": 394.1294640929087,
            "fvd": 75.16957681840408,
            "tssim": 639.8693273137292,
            "tpsnr": 467.0342094825057,
            "movie_index": -100.0,
            "st_rred": 59.27286860472012
        },
        "YachtRide_1920x1080_120fps_420_8bit_YUV": {
            "psnr": 200.51663927797821,
            "ssim": 209.54958316380234,
            "vmaf": 170.76914480986974,
            "fvd": 27.857726708441575,
            "tssim": 228.28066837911288,
            "tpsnr": 220.71367141942102,
            "movie_index": 1980.9915557437175,
            "st_rred": 38.35739508496629
        }
    },
    "hevc": {
        "Beauty_1920x1080_120fps_420_8bit_YUV": {
            "psnr": 90.38252642323992,
            "ssim": 139.886314086456,
            "vmaf": 15.3265906325055,
            "fvd": -19.626066113936748,
            "tssim": 47.118391216702385,
            "tpsnr": -12.339540045431384,
            "movie_index": -44.41778704477378,
            "st_rred": -86.94164589995201
        },
        "Bosphorus_1920x1080_120fps_420_8bit_YUV": {
            "psnr": 90.25093494627305,
            "ssim": 133.3694145743296,
            "vmaf": 37.041478101433036,
            "fvd": -18.174776019445982,
            "tssim": 69.79679067750781,
            "tpsnr": 64.049093145811,
            "movie_index": 29.99435977066969,
            "st_rred": -55.188342310636216
        },
        "HoneyBee_1920x1080_120fps_420_8bit_YUV": {
            "psnr": 132.75853742920907,
            "ssim": 176.36232171765585,
            "vmaf": 89.03107960188461,
            "fvd": -20.429224301575346,
            "tssim": 118.70973372578968,
            "tpsnr": 129.59477241012132,
            "movie_index": -6.4512682900222496,
            "st_rred": -81.57419678821147
        },
        "Jockey_1920x1080_120fps_420_8bit_YUV": {
            "psnr": 62.927194185380266,
            "ssim": 129.78690334829474,
            "vmaf": 11.583803921114466,
            "fvd": 17.904318507870688,
            "tssim": 39.411271631780885,
            "tpsnr": -7.380129064452312,
            "movie_index": -10.748869471373723,
            "st_rred": -29.440992834534452
        },
        "ReadySteadyGo_1920x1080_120fps_420_8bit_YUV": {
            "psnr": 54.500956623836494,
            "ssim": 70.4027896774253,
            "vmaf": 38.01056438539385,
            "fvd": 33.299091571226725,
            "tssim": 42.66993866055102,
            "tpsnr": 31.466116689425828,
            "movie_index": -4.980948110701067,
            "st_rred": -27.583422325146433
        },
        "ShakeNDry_1920x1080_120fps_420_8bit_YUV": {
            "psnr": 266.52550767417955,
            "ssim": 339.8681726696604,
            "vmaf": 152.85579884547894,
            "fvd": 10.974586604495151,
            "tssim": 283.305265945199,
            "tpsnr": 190.46230276562372,
            "movie_index": -11.395974313772673,
            "st_rred": -36.65315067714216
        },
        "YachtRide_1920x1080_120fps_420_8bit_YUV": {
            "psnr": 65.38282337984509,
            "ssim": 87.90128441900225,
            "vmaf": 35.26839493884586,
            "fvd": -18.126177703688818,
            "tssim": 61.98322493774073,
            "tpsnr": 57.0546938660971,
            "movie_index": -30.485340787405534,
            "st_rred": -49.962665011913664
        }
    },
    "vp9": {
        "Beauty_1920x1080_120fps_420_8bit_YUV": {
            "psnr": 82.27683903074723,
            "ssim": 94.88189611119347,
            "vmaf": 50.711464682111675,
            "fvd": -26.28237321490112,
            "tssim": 62.557106510845806,
            "tpsnr": -1.0860065849707112,
            "movie_index": 453.8253438600803,
            "st_rred": -79.22068603340814
        },
        "Bosphorus_1920x1080_120fps_420_8bit_YUV": {
            "psnr": 108.09233144517938,
            "ssim": 145.42981225145994,
            "vmaf": 83.74541838409482,
            "fvd": -24.96999291138532,
            "tssim": 131.41796853322623,
            "tpsnr": 104.42595391741247,
            "movie_index": 3581.119348406053,
            "st_rred": -23.103205557280926
        },
        "HoneyBee_1920x1080_120fps_420_8bit_YUV": {
            "psnr": 37.66619556707549,
            "ssim": 41.88526965675121,
            "vmaf": 40.86033623981156,
            "fvd": 359.0267719591308,
            "tssim": 60.627578186928034,
            "tpsnr": 44.23161573911336,
            "movie_index": 6.66294468455943e+29,
            "st_rred": -89.03347899178368
        },
        "Jockey_1920x1080_120fps_420_8bit_YUV": {
            "psnr": 40.312487157689844,
            "ssim": 70.22078273113999,
            "vmaf": 10.538735922808717,
            "fvd": -45.69376400647197,
            "tssim": 38.62181358355261,
            "tpsnr": -4.773641737364754,
            "movie_index": 329.33264570235724,
            "st_rred": -49.82196167267012
        },
        "ReadySteadyGo_1920x1080_120fps_420_8bit_YUV": {
            "psnr": 64.11270045475344,
            "ssim": 85.64676044999604,
            "vmaf": 61.43881183993831,
            "fvd": -15.375042193560073,
            "tssim": 72.10673885180141,
            "tpsnr": 43.03635456325965,
            "movie_index": 2.070746867499408e+88,
            "st_rred": -28.453586563020483
        },
        "ShakeNDry_1920x1080_120fps_420_8bit_YUV": {
            "psnr": 188.15756271184068,
            "ssim": 210.17668202798353,
            "vmaf": 192.27662335425774,
            "fvd": 6.040476986618337,
            "tssim": 228.6021880216237,
            "tpsnr": 148.2413929392862,
            "movie_index": 8.881635729019488e+48,
            "st_rred": -22.292925152014952
        },
        "YachtRide_1920x1080_120fps_420_8bit_YUV": {
            "psnr": 87.16326020571923,
            "ssim": 120.35271057083162,