{
    "hevc": {
        "BasketballDrive_1920x1080_50": {
            "psnr": -46.30235959788699,
            "ssim": -41.647336060223175,
            "vmaf": -49.57384417323618,
            "fvd": Infinity
        },
        "BQTerrace_1920x1080_60": {
            "psnr": -60.24876746681134,
            "ssim": -53.554786982137315,
            "vmaf": -60.07868401007415,
            "fvd": 2.461318636479537
        },
        "Cactus_1920x1080_50": {
            "psnr": -37.61997178660293,
            "ssim": -31.326564199925066,
            "vmaf": -40.65993537035902,
            "fvd": -27.364362973250866
        },
        "Kimono_1920x1080_24": {
            "psnr": -47.12924532515015,
            "ssim": -40.98325048774982,
            "vmaf": -53.820882273750705,
            "fvd": -33.454922959638935
        },
        "ParkScene_1920x1080_24": {
            "psnr": -44.2219939100803,
            "ssim": -40.186687880008954,
            "vmaf": -47.25690517895155,
            "fvd": -29.065507488499996
        }
    },
    "av1": {
        "BasketballDrive_1920x1080_50": {
            "psnr": -66.8356453838947,
            "ssim": -70.32496966519393,
            "vmaf": -62.38749094444876,
            "fvd": -40.21364730877909
        },
        "BQTerrace_1920x1080_60": {
            "psnr": -78.27562743284963,
            "ssim": -77.75365547703741,
            "vmaf": -81.09478292906766,
            "fvd": -27.89931891937052
        },
        "Cactus_1920x1080_50": {
            "psnr": -64.83413270640625,
            "ssim": -66.42709305471945,
            "vmaf": -60.66631152716364,
            "fvd": -40.155657932978116
        },
        "Kimono_1920x1080_24": {
            "psnr": -60.36844091765001,
            "ssim": -60.8509630859541,
            "vmaf": -57.49692093244562,
            "fvd": -36.578512443666064
        },
        "ParkScene_1920x1080_24": {
            "psnr": -61.658638276188135,
            "ssim": -64.05643506512178,
            "vmaf": -60.527208818339176,
            "fvd": -26.563161040284513
        }
    },
    "vp9": {
        "BasketballDrive_1920x1080_50": {
            "psnr": -45.96532186149693,
            "ssim": -46.609643660759225,
            "vmaf": -42.21045833635374,
            "fvd": Infinity
        },
        "BQTerrace_1920x1080_60": {
            "psnr": -63.24742522059097,
            "ssim": -60.41638960494624,
            "vmaf": -59.73463045665912,
            "fvd": -44.04073476711331
        },
        "Cactus_1920x1080_50": {
            "psnr": -41.164436662107605,
            "ssim": -42.389643253769115,
            "vmaf": -35.25153473401499,
            "fvd": -46.34984920080891
        },
        "Kimono_1920x1080_24": {
            "psnr": -41.642588612892574,
            "ssim": -37.98276150763067,
            "vmaf": -39.58549502563476,
            "fvd": -22.019564026278328
        },
        "ParkScene_1920x1080_24": {
            "psnr": -40.98980432005914,
            "ssim": -39.78515180194676,
            "vmaf": -34.802646841361664,
            "fvd": -30.686210677677806
        }
    }
}