{
    "h264": {
        "Beauty_1920x1080_120fps_420_8bit_YUV": {
            "psnr": 110.0429172005772,
            "ssim": 100.39290575822602,
            "vmaf": 133.77441377027068,
            "fvd": 102.43251400022304,
            "st_rred": 95.17611979335247,
            "movie_index": NaN
        },
        "Bosphorus_1920x1080_120fps_420_8bit_YUV": {
            "psnr": 105.90533369906834,
            "ssim": 96.77526523979103,
            "vmaf": 135.14989889112726,
            "fvd": 69.59698887509356,
            "st_rred": 73.68141594157916,
            "movie_index": NaN
        },
        "HoneyBee_1920x1080_120fps_420_8bit_YUV": {
            "psnr": 210.06109146979682,
            "ssim": 181.46252622786153,
            "vmaf": 217.63011661344737,
            "fvd": 74.56525242848299,
            "st_rred": 13.875578908508812,
            "movie_index": NaN
        },
        "Jockey_1920x1080_120fps_420_8bit_YUV": {
            "psnr": 140.11487437866137,
            "ssim": 115.89773806372818,
            "vmaf": 176.4841597886667,
            "fvd": 270.3620052726247,
            "st_rred": 316.5900076194864,
            "movie_index": 596.9089662075884
        },
        "ReadySteadyGo_1920x1080_120fps_420_8bit_YUV": {
            "psnr": 75.37443511822228,
            "ssim": 55.25390708183995,
            "vmaf": 84.11413961160316,
            "fvd": 30.95698374510889,
            "st_rred": 136.61247954900873,
            "movie_index": 308.411159232861
        },
        "ShakeNDry_1920x1080_120fps_420_8bit_YUV": {
            "psnr": 81.8341129480108,
            "ssim": 67.66451429819477,
            "vmaf": 105.61559177097264,
            "fvd": 59.675029870764696,
            "st_rred": 144.8592041540836,
            "movie_index": NaN
        },
        "YachtRide_1920x1080_120fps_420_8bit_YUV": {
            "psnr": 95.23081319642293,
            "ssim": 82.40026875512542,
            "vmaf": 108.33810730968092,
            "fvd": 57.54478211032061,
            "st_rred": 146.42381320844967,
            "movie_index": NaN
        }
    },
    "av1": {
        "Beauty_1920x1080_120fps_420_8bit_YUV": {
            "psnr": -47.090711137013265,
            "ssim": -58.13844189005064,
            "vmaf": -12.606245834358454,
            "fvd": 20.264587785187494,
            "st_rred": 623.3181935499567,
            "movie_index": 81.94701744206134
        },
        "Bosphorus_1920x1080_120fps_420_8bit_YUV": {
            "psnr": -47.45696690763768,
            "ssim": -57.179115470063394,
            "vmaf": -26.875557957882133,
            "fvd": 24.169509451976758,
            "st_rred": 122.9494531662898,
            "movie_index": -25.714226994822166
        },
        "HoneyBee_1920x1080_120fps_420_8bit_YUV": {
            "psnr": -59.578332489539065,
            "ssim": -66.24986375306574,
            "vmaf": -51.286006284433896,
            "fvd": 41.29799596766066,
            "st_rred": 409.17160456963745,
            "movie_index": -17.876472475851756
        },
        "Jockey_1920x1080_120fps_420_8bit_YUV": {
            "psnr": -38.40465223534642,
            "ssim": -56.40914358977629,
            "vmaf": -10.35284583385967,
            "fvd": 39.86882967176668,
            "st_rred": 165.72129303439306,
            "movie_index": 12.728584594966087
        },
        "ReadySteadyGo_1920x1080_120fps_420_8bit_YUV": {
            "psnr": -34.85385922615851,
            "ssim": -42.072846530777454,
            "vmaf": -27.39920231587658,
            "fvd": -24.783993867999254,
            "st_rred": 38.444953058865195,
            "movie_index": 7.371759380351017
        },
        "ShakeNDry_1920x1080_120fps_420_8bit_YUV": {
            "psnr": -72.06985291710562,
            "ssim": -76.62061733663418,
            "vmaf": -60.06513893347674,
            "fvd": -10.672663299096108,
            "st_rred": 58.97356250187396,
            "movie_index": Infinity
        },
        "YachtRide_1920x1080_120fps_420_8bit_YUV": {
            "psnr": -39.12109262560314,
            "ssim": -46.24704781092418,
            "vmaf": -26.040961740490054,
            "fvd": 25.549016337981612,
            "st_rred": 100.72590229908131,
            "movie_index": 45.84248611422639
        }
    },
    "vp9": {
        "Beauty_1920x1080_120fps_420_8bit_YUV": {
            "psnr": -8.718882243124149,
            "ssim": -21.221645158757596,
            "vmaf": 20.23570970495698,
            "fvd": -31.22882532446716,
            "st_rred": 130.82713001405168,
            "movie_index": NaN
        },
        "Bosphorus_1920x1080_120fps_420_8bit_YUV": {
            "psnr": 5.340379505897452,
            "ssim": 2.2947644852392424,
            "vmaf": 26.7617582220119,
            "fvd": -8.938966616090905,
            "st_rred": 61.89524272625155,
            "movie_index": NaN
        },
        "HoneyBee_1920x1080_120fps_420_8bit_YUV": {
            "psnr": -54.81880657589421,
            "ssim": -60.186729838309084,
            "vmaf": -21.534774671419644,
            "fvd": -80.81178439367918,
            "st_rred": -39.20853457568748,
            "movie_index": NaN
        },
        "Jockey_1920x1080_120fps_420_8bit_YUV": {
            "psnr": -14.954455994103288,
            "ssim": -26.27431112769233,
            "vmaf": -0.6192240405092919,
            "fvd": -13.284236674371009,
            "st_rred": 68.0903542618029,
            "movie_index": 260.0562683170265
        },
        "ReadySteadyGo_1920x1080_120fps_420_8bit_YUV": {
            "psnr": 5.871000926040315,
            "ssim": 3.5297443407376283,
            "vmaf": 10.510913427075664,
            "fvd": -32.378885055261975,
            "st_rred": 15.634841862026615,
            "movie_index": NaN
        },
        "ShakeNDry_1920x1080_120fps_420_8bit_YUV": {
            "psnr": -16.052991081889513,
            "ssim": -23.003019618947683,
            "vmaf": 11.722213105487755,
            "fvd": -4.602425676512256,
            "st_rred": 25.231927183883652,
            "movie_index": NaN
        },
        "YachtRide_1920x1080_120fps_420_8bit_YUV": {
            "psnr": 10.749643213068772,
            "ssim": 12.287495466936683,
            "vmaf": 15.237284443656506,
            "fvd": 0.5023056518024926,
            "st_rred": 28.375447284217593,
            "movie_index": NaN
        }
    }
}