{
    "h264": {
        "BasketballDrive_1920x1080_50": {
            "psnr": 86.22792221623389,
            "ssim": 71.37178193476399,
            "vmaf": 98.3097826127066,
            "fvd": -100.0
        },
        "BQTerrace_1920x1080_60": {
            "psnr": 151.56452675148898,
            "ssim": 115.30744182729937,
            "vmaf": 150.49274434047973,
            "fvd": -2.4021930121863933
        },
        "Cactus_1920x1080_50": {
            "psnr": 60.307718454227086,
            "ssim": 45.61671312197677,
            "vmaf": 68.52020742499995,
            "fvd": 37.673467313535845
        },
        "Kimono_1920x1080_24": {
            "psnr": 89.14048156677647,
            "ssim": 69.44342212415965,
            "vmaf": 116.54809559767241,
            "fvd": 50.2740765321344
        },
        "ParkScene_1920x1080_24": {
            "psnr": 79.28213468009244,
            "ssim": 67.18686268265957,
            "vmaf": 89.59827886340204,
            "fvd": 40.97513982184036
        }
    },
    "av1": {
        "BasketballDrive_1920x1080_50": {
            "psnr": -39.681868466174066,
            "ssim": -51.4604894437787,
            "vmaf": -27.00093102363915,
            "fvd": -100.0
        },
        "BQTerrace_1920x1080_60": {
            "psnr": -52.11170722529616,
            "ssim": -59.99106011389329,
            "vmaf": -58.064362858126316,
            "fvd": -27.598087490241173
        },
        "Cactus_1920x1080_50": {
            "psnr": -45.81567997807793,
            "ssim": -54.240916301362866,
            "vmaf": -36.4179711047385,
            "fvd": -28.815967516961738
        },
        "Kimono_1920x1080_24": {
            "psnr": -24.316364786715503,
            "ssim": -33.508860802431364,
            "vmaf": -7.492299393056645,
            "fvd": -14.53160419667432
        },
        "ParkScene_1920x1080_24": {
            "psnr": -29.990534889462705,
            "ssim": -40.04358246395392,
            "vmaf": -26.717901907265972,
            "fvd": 2.704144195677549
        }
    },
    "vp9": {
        "BasketballDrive_1920x1080_50": {
            "psnr": 1.9351923518323266,
            "ssim": -8.06236206308787,
            "vmaf": 16.486057978238232,
            "fvd": Infinity
        },
        "BQTerrace_1920x1080_60": {
            "psnr": -6.104342074385949,
            "ssim": -16.500317584904533,
            "vmaf": 2.4028075369341595,
            "fvd": -59.290106067575024
        },
        "Cactus_1920x1080_50": {
            "psnr": -5.040149218486123,
            "ssim": -17.137285147758462,
            "vmaf": 8.76028904026911,
            "fvd": -40.12323896114499
        },
        "Kimono_1920x1080_24": {
            "psnr": 12.693772321958763,
            "ssim": 6.252533545380756,
            "vmaf": 36.55770074025981,
            "fvd": 12.113476854637838
        },
        "ParkScene_1920x1080_24": {
            "psnr": 7.854627482604215,
            "ssim": 1.6361889448895717,
            "vmaf": 27.6245552091118,
            "fvd": -2.810514106528428
        }
    }
}