{
    "h264": {
        "Beauty_1920x1080_120fps_420_8bit_YUV": {
            "psnr": 110.0429172005772,
            "ssim": 100.39290575822602,
            "vmaf": 133.77441377027068,
            "fvd": 102.43251400022304
        },
        "Bosphorus_1920x1080_120fps_420_8bit_YUV": {
            "psnr": 105.90533369906834,
            "ssim": 96.77526523979103,
            "vmaf": 135.14989889112726,
            "fvd": 69.59698887509356
        },
        "HoneyBee_1920x1080_120fps_420_8bit_YUV": {
            "psnr": 210.06109146979682,
            "ssim": 181.46252622786153,
            "vmaf": 217.63011661344737,
            "fvd": 74.56525242848299
        },
        "Jockey_1920x1080_120fps_420_8bit_YUV": {
            "psnr": 140.11487437866137,
            "ssim": 115.89773806372818,
            "vmaf": 176.4841597886667,
            "fvd": 270.3620052726247
        },
        "ReadySteadyGo_1920x1080_120fps_420_8bit_YUV": {
            "psnr": 75.37443511822228,
            "ssim": 55.25390708183995,
            "vmaf": 84.11413961160316,
            "fvd": 30.95698374510889
        },
        "ShakeNDry_1920x1080_120fps_420_8bit_YUV": {
            "psnr": 81.8341129480108,
            "ssim": 67.66451429819477,
            "vmaf": 105.61559177097264,
            "fvd": 59.675029870764696
        },
        "YachtRide_1920x1080_120fps_420_8bit_YUV": {
            "psnr": 95.23081319642293,
            "ssim": 82.40026875512542,
            "vmaf": 108.33810730968092,
            "fvd": 57.54478211032061
        }
    },
    "av1": {
        "Beauty_1920x1080_120fps_420_8bit_YUV": {
            "psnr": -47.090711137013265,
            "ssim": -58.13844189005064,
            "vmaf": -12.606245834358454,
            "fvd": 20.264587785187494
        },
        "Bosphorus_1920x1080_120fps_420_8bit_YUV": {
            "psnr": -47.45696690763768,
            "ssim": -57.179115470063394,
            "vmaf": -26.875557957882133,
            "fvd": 24.169509451976758
        },
        "HoneyBee_1920x1080_120fps_420_8bit_YUV": {
            "psnr": -59.578332489539065,
            "ssim": -66.24986375306574,
            "vmaf": -51.286006284433896,
            "fvd": 41.29799596766066
        },
        "Jockey_1920x1080_120fps_420_8bit_YUV": {
            "psnr": -38.40465223534642,
            "ssim": -56.40914358977629,
            "vmaf": -10.35284583385967,
            "fvd": 39.86882967176668
        },
        "ReadySteadyGo_1920x1080_120fps_420_8bit_YUV": {
            "psnr": -34.85385922615851,
            "ssim": -42.072846530777454,
            "vmaf": -27.39920231587658,
            "fvd": -24.783993867999254
        },
        "ShakeNDry_1920x1080_120fps_420_8bit_YUV": {
            "psnr": -72.06985291710562,
            "ssim": -76.62061733663418,
            "vmaf": -60.06513893347674,
            "fvd": -10.672663299096108
        },
        "YachtRide_1920x1080_120fps_420_8bit_YUV": {
            "psnr": -39.12109262560314,
            "ssim": -46.24704781092418,
            "vmaf": -26.040961740490054,
            "fvd": 25.549016337981612
        }
    },
    "vp9": {
        "Beauty_1920x1080_120fps_420_8bit_YUV": {
            "psnr": -8.718882243124149,
            "ssim": -21.221645158757596,
            "vmaf": 20.23570970495698,
            "fvd": -31.22882532446716
        },
        "Bosphorus_1920x1080_120fps_420_8bit_YUV": {
            "psnr": 5.340379505897452,
            "ssim": 2.2947644852392424,
            "vmaf": 26.7617582220119,
            "fvd": -8.938966616090905
        },
        "HoneyBee_1920x1080_120fps_420_8bit_YUV": {
            "psnr": -54.81880657589421,
            "ssim": -60.186729838309084,
            "vmaf": -21.534774671419644,
            "fvd": -80.81178439367918
        },
        "Jockey_1920x1080_120fps_420_8bit_YUV": {
            "psnr": -14.954455994103288,
            "ssim": -26.27431112769233,
            "vmaf": -0.6192240405092919,
            "fvd": -13.284236674371009
        },
        "ReadySteadyGo_1920x1080_120fps_420_8bit_YUV": {
            "psnr": 5.871000926040315,
            "ssim": 3.5297443407376283,
            "vmaf": 10.510913427075664,
            "fvd": -32.378885055261975
        },
        "ShakeNDry_1920x1080_120fps_420_8bit_YUV": {
            "psnr": -16.052991081889513,
            "ssim": -23.003019618947683,
            "vmaf": 11.722213105487755,
            "fvd": -4.602425676512256
        },
        "YachtRide_1920x1080_120fps_420_8bit_YUV": {
            "psnr": 10.749643213068772,
            "ssim": 12.287495466936683,
            "vmaf": 15.237284443656506,
            "fvd": 0.5023056518024926
        }
    }
}