{
    "h264": {
        "BallUnderWater_1920x1080_60fps": {
            "psnr": 118.33835763957326,
            "ssim": 94.38849441644399,
            "vmaf": 162.41569617731741,
            "fvd": 108.20833783509225
        },
        "Bookcase_1920x1080_60fps": {
            "psnr": 181.32015331309347,
            "ssim": 137.51941425864257,
            "vmaf": 179.25552946443003,
            "fvd": Infinity
        },
        "Boxing_1920x1080_30fps": {
            "psnr": 74.92844913530188,
            "ssim": 47.87881643322387,
            "vmaf": 95.7408074665322,
            "fvd": 64.24590974275513
        },
        "BricksLeaves_1920x1080_60fps": {
            "psnr": 25.360994785177837,
            "ssim": 16.96719911537201,
            "vmaf": 25.433342163003637,
            "fvd": 6.188448920575573
        },
        "BridgeRiver_1920x1080_30fps": {
            "psnr": 40.998612651603985,
            "ssim": 31.704842489139253,
            "vmaf": 27.51405837743799,
            "fvd": 0.6108851832372197
        },
        "BubblesPitcher_1920x1080_60fps": {
            "psnr": 68.20715174540398,
            "ssim": 45.118860981469886,
            "vmaf": 111.48134858032543,
            "fvd": -13.348039283541869
        },
        "CalmingWater_1920x1080_60fps": {
            "psnr": 108.68890914479294,
            "ssim": 70.81309580837853,
            "vmaf": Infinity,
            "fvd": 78.38410971232521
        },
        "CarpetCircleFast_1920x1080_60fps": {
            "psnr": 238.1062700632226,
            "ssim": 248.5610036310664,
            "vmaf": 267.1074642951044,
            "fvd": 599.073491277981
        },
        "CloudsZoom_1920x1080_60fps": {
            "psnr": -15.695048420664081,
            "ssim": -34.144843895728236,
            "vmaf": 113.09535049686544,
            "fvd": -42.53572625314699
        },
        "DiverFishAndRock_1920x1080_30fps": {
            "psnr": 79.70057880435925,
            "ssim": 57.36985292993282,
            "vmaf": 97.36091311808504,
            "fvd": -100.0
        },
        "Diver_1920x1080_30fps": {
            "psnr": 95.34378636166758,
            "ssim": 53.531013732219066,
            "vmaf": 145.0598538867143,
            "fvd": -100.0
        },
        "FishAndRock_1920x1080_30fps": {
            "psnr": 86.02701823615133,
            "ssim": 74.76052935231414,
            "vmaf": 90.89404716082532,
            "fvd": 63.50245679820763
        },
        "Fountain_1920x1080_50fps": {
            "psnr": 88.53056779478048,
            "ssim": 78.35069220365337,
            "vmaf": 142.13100882652395,
            "fvd": 95.92813179753796
        },
        "Grass_1920x1080_60fps": {
            "psnr": 42.03444118042234,
            "ssim": 36.97627147304934,
            "vmaf": 40.01676643406296,
            "fvd": -2.401792554264792
        },
        "Hamster_1920x1080_60fps": {
            "psnr": 68.08232184959759,
            "ssim": 43.24287807184217,
            "vmaf": 88.9688380994312,
            "fvd": 47.4170819169959
        },
        "KineticFastPainting_1920x1080_60fps": {
            "psnr": 129.48500200930803,
            "ssim": 121.14881930574373,
            "vmaf": 150.62581520667933,
            "fvd": 136.52958735858093
        },
        "Lightreef_1920x1080_30fps": {
            "psnr": 73.05896255606548,
            "ssim": 52.75637690450219,
            "vmaf": 75.51753960988796,
            "fvd": 92.47183035550887
        },
        "MartialArts_1920x1080_60fps": {
            "psnr": 98.83356502100989,
            "ssim": 54.07293427307853,
            "vmaf": 155.7470752936552,
            "fvd": 52.06226128172289
        },
        "Music_1920x1080_30fps": {
            "psnr": 65.8552138927712,
            "ssim": 45.13202049296701,
            "vmaf": 95.42499081825679,
            "fvd": 60.501907822643794
        },
        "PaintingTilting_1920x1080_60fps": {
            "psnr": 93.92131104076478,
            "ssim": 38.93981210767414,
            "vmaf": 53.89079992083261,
            "fvd": 25.083741751002652
        },
        "ParkPlay_1920x1080_50fps": {
            "psnr": 75.82035757029763,
            "ssim": 58.42844705380419,
            "vmaf": 87.39652593769975,
            "fvd": 83.08903743285767
        },
        "PlasmaAveragePan_1920x1080_60fps": {
            "psnr": 41.891609298169065,
            "ssim": 21.105117091901704,
            "vmaf": 69.81430856125708,
            "fvd": 40.691749208673514
        },
        "PlasmaSlowRandom_1920x1080_60fps": {
            "psnr": 33.611158803911145,
            "ssim": 13.377255581591175,
            "vmaf": 60.118557831539746,
            "fvd": 0.4392928451286693
        },
        "RockWater_1920x1080_30fps": {
            "psnr": 70.28601807334722,
            "ssim": 53.91147842896318,
            "vmaf": 75.06882985040464,
            "fvd": 42.01816267494509
        },
        "RockWave_1920x1080_30fps": {
            "psnr": 69.10563540064956,
            "ssim": 50.73005199060972,
            "vmaf": 54.795808156731326,
            "fvd": 30.86309210797802
        },
        "Rowing_1920x1080_30fps": {
            "psnr": 65.23282586913606,
            "ssim": 45.41640809556255,
            "vmaf": 74.19451484200401,
            "fvd": 67.77737550561478
        },
        "SmokeGuns_1920x1080_60fps": {
            "psnr": 111.91537046555568,
            "ssim": 97.13857676550799,
            "vmaf": 145.18327052959657,
            "fvd": 102.21132341677315
        },
        "Surfers_1920x1080_30fps": {
            "psnr": 77.12366159791604,
            "ssim": 74.02663999000558,
            "vmaf": 86.51436612828765,
            "fvd": 154.21388609501764
        },
        "Toys_1920x1080_30fps": {
            "psnr": 85.66304353323939,
            "ssim": 68.5256212668742,
            "vmaf": 90.8686288236647,
            "fvd": 41.47562058984284
        },
        "TreeGrassFamily_1920x1080_30fps": {
            "psnr": 50.430200631973456,
            "ssim": 46.21083600600051,
            "vmaf": 48.25051393795859,
            "fvd": 11.497931108507142
        },
        "TreeTrunk_1920x1080_50fps": {
            "psnr": 608.719252231948,
            "ssim": 600.5490093441333,
            "vmaf": 591.295351415805,
            "fvd": 481.18261170161105
        },
        "Typing_1920x1080_60fps": {
            "psnr": 118.16598121024148,
            "ssim": 100.47270916579691,
            "vmaf": 137.68003873398123,
            "fvd": 79.73333325098264
        }
    },
    "av1": {
        "BallUnderWater_1920x1080_60fps": {
            "psnr": -33.55487299556652,
            "ssim": -50.4492534250327,
            "vmaf": -13.541844255359702,
            "fvd": 41.830473409095404
        },
        "Bookcase_1920x1080_60fps": {
            "psnr": -45.16957673772626,
            "ssim": -51.80036322984242,
            "vmaf": -77.60190373453511,
            "fvd": -47.7278833747846
        },
        "Boxing_1920x1080_30fps": {
            "psnr": -38.29493502570058,
            "ssim": -55.181310365114356,
            "vmaf": -28.73889382767677,
            "fvd": -6.019283078597293
        },
        "BricksLeaves_1920x1080_60fps": {
            "psnr": -59.808742308728,
            "ssim": -67.75898277739998,
            "vmaf": -47.10062573760757,
            "fvd": -100.0
        },
        "BridgeRiver_1920x1080_30fps": {
            "psnr": -32.410100505891215,
            "ssim": -42.018497854092814,
            "vmaf": -33.41973134032047,
            "fvd": 1.1226655884564618
        },
        "BubblesPitcher_1920x1080_60fps": {
            "psnr": -44.103217926229235,
            "ssim": -53.61104740714957,
            "vmaf": -29.40436951778611,
            "fvd": -44.6405251700712
        },
        "CalmingWater_1920x1080_60fps": {
            "psnr": -36.93792658764081,
            "ssim": -42.86078774822272,
            "vmaf": Infinity,