{
    "h264": {
        "Beauty_1920x1080_120fps_420_8bit_YUV": {
            "psnr": 134.26578365270055,
            "ssim": 154.49082224360086,
            "vmaf": 100.33134719000651,
            "fvd": 133.43643878203633,
            "tssim": 154.00743519702712,
            "tpsnr": 99.04703985731562,
            "movie_index": 92.30788520247015,
            "st_rred": 9.027773916207105
        },
        "Bosphorus_1920x1080_120fps_420_8bit_YUV": {
            "psnr": 99.27346888516198,
            "ssim": 94.18340921458777,
            "vmaf": 94.08802352428502,
            "fvd": 84.95066657122894,
            "tssim": 98.37346106167256,
            "tpsnr": 105.26026135754991,
            "movie_index": 26901.986409480458,
            "st_rred": 40.96166636084586
        },
        "HoneyBee_1920x1080_120fps_420_8bit_YUV": {
            "psnr": 659.1487694713906,
            "ssim": 647.6188345813576,
            "vmaf": 348.73087243452943,
            "fvd": 324.7161567596595,
            "tssim": 812.7746305273783,
            "tpsnr": 734.008109519192,
            "movie_index": 1000000000.0,
            "st_rred": 58.58726987406029
        },
        "Jockey_1920x1080_120fps_420_8bit_YUV": {
            "psnr": 182.65471612252196,
            "ssim": 182.13437776059567,
            "vmaf": 182.49868217977104,
            "fvd": 273.7407816312288,
            "tssim": 172.27154745187102,
            "tpsnr": 155.3759250054972,
            "movie_index": 199.7077986779694,
            "st_rred": 166.73583479189898
        },
        "ReadySteadyGo_1920x1080_120fps_420_8bit_YUV": {
            "psnr": 68.68937436996268,
            "ssim": 51.33018562802385,
            "vmaf": 69.86745260388201,
            "fvd": 101.89290192444788,
            "tssim": 61.7929713215855,
            "tpsnr": 68.70068610005389,
            "movie_index": 60.14134022284505,
            "st_rred": 118.74552542572286
        },
        "ShakeNDry_1920x1080_120fps_420_8bit_YUV": {
            "psnr": 108.544337472608,
            "ssim": 107.42535399582529,
            "vmaf": 86.95510541039562,
            "fvd": 57.27979960088572,
            "tssim": 126.9913948740749,
            "tpsnr": 117.03506795792494,
            "movie_index": -61.601511797298244,
            "st_rred": 107.26701316879605
        },
        "YachtRide_1920x1080_120fps_420_8bit_YUV": {
            "psnr": 77.16700519650507,
            "ssim": 62.0045655170939,
            "vmaf": 81.18139245900751,
            "fvd": 91.93660050738161,
            "tssim": 70.94594938003895,
            "tpsnr": 81.68785708149369,
            "movie_index": 204.7332590433554,
            "st_rred": 94.00556001443175
        }
    },
    "hevc": {
        "Beauty_1920x1080_120fps_420_8bit_YUV": {
            "psnr": 10.035878415500644,
            "ssim": 27.490536922235687,
            "vmaf": -16.62600770063376,
            "fvd": 14.248610924849281,
            "tssim": -0.37617472327251544,
            "tpsnr": -10.611757246666109,
            "movie_index": -89.85304445693643,
            "st_rred": -62.58656315500879
        },
        "Bosphorus_1920x1080_120fps_420_8bit_YUV": {
            "psnr": -4.765887163117344,
            "ssim": -2.219157388816473,
            "vmaf": -20.794073231864154,
            "fvd": 7.580220540789018,
            "tssim": -18.97159394955613,
            "tpsnr": -14.396470081433698,
            "movie_index": -92.85368169837156,
            "st_rred": -38.263791463847994
        },
        "HoneyBee_1920x1080_120fps_420_8bit_YUV": {
            "psnr": 124.41309078604053,
            "ssim": 158.69888180586162,
            "vmaf": 28.52369949986493,
            "fvd": 396.7540998873815,
            "tssim": 31.330457524328438,
            "tpsnr": 104.74460617304845,
            "movie_index": -99.99976631804888,
            "st_rred": 51.86980822863456
        },
        "Jockey_1920x1080_120fps_420_8bit_YUV": {
            "psnr": 17.64502274966704,
            "ssim": 35.46782796861678,
            "vmaf": 1.6024596501591493,
            "fvd": 7.74310895081598,
            "tssim": 5.79832622362495,
            "tpsnr": -6.410637163824484,
            "movie_index": -72.52805132459127,
            "st_rred": -7.603940732772196
        },
        "ReadySteadyGo_1920x1080_120fps_420_8bit_YUV": {
            "psnr": -1.5976819201430348,
            "ssim": -1.2489418043766576,
            "vmaf": -7.032944239403138,
            "fvd": 52.933262461443206,
            "tssim": -8.49381647585583,
            "tpsnr": -3.855774121565214,
            "movie_index": -98.90908783182022,
            "st_rred": -13.341039903140729
        },
        "ShakeNDry_1920x1080_120fps_420_8bit_YUV": {
            "psnr": 19.645234596361362,
            "ssim": 30.025125948348585,
            "vmaf": -10.308706435840199,
            "fvd": -0.2454067700668805,
            "tssim": 14.845959423940513,
            "tpsnr": 13.06180532032064,
            "movie_index": -100.0,
            "st_rred": -20.076942579654233
        },
        "YachtRide_1920x1080_120fps_420_8bit_YUV": {
            "psnr": -7.973577879964056,
            "ssim": -8.84418538867575,
            "vmaf": -11.841726228191485,
            "fvd": 26.140771821177378,
            "tssim": -20.580847831235438,
            "tpsnr": -15.696697122760128,
            "movie_index": -100.0,
            "st_rred": -21.00510890565994
        }
    },
    "av1": {
        "Beauty_1920x1080_120fps_420_8bit_YUV": {
            "psnr": -45.13839469032509,
            "ssim": -48.68687035816649,
            "vmaf": -33.64804714032531,
            "fvd": 35.652766320759774,
            "tssim": -38.483156998535776,
            "tpsnr": 1.0979301790131846,
            "movie_index": -81.94376600698429,
            "st_rred": 381.2478417756041
        },
        "Bosphorus_1920x1080_120fps_420_8bit_YUV": {
            "psnr": -51.94440885663085,
            "ssim": -59.25515360882767,
            "vmaf": -45.57687430825427,
            "fvd": 33.280008732898494,
            "tssim": -56.78814370646317,
            "tpsnr": -51.08253228922208,
            "movie_index": -97.28343499530108,
            "st_rred": 30.04443257318179
        },
        "HoneyBee_1920x1080_120fps_420_8bit_YUV": {
            "psnr": -27.360526243876105,
            "ssim": -29.52052017667517,
            "vmaf": -29.007694664485083,
            "fvd": -78.21477828554552,
            "tssim": -37.744189927568705,
            "tpsnr": -30.667073590245053,
            "movie_index": -100.0,
            "st_rred": 811.8662146826521
        },
        "Jockey_1920x1080_120fps_420_8bit_YUV": {
            "psnr": -28.730505726396792,
            "ssim": -41.25276690922763,
            "vmaf": -9.533975429362718,
            "fvd": 84.1409152567995,
            "tssim": -27.861281413890747,
            "tpsnr": 5.012941610345956,
            "movie_index": -76.70803722917292,
            "st_rred": 99.29037350496456
        },
        "ReadySteadyGo_1920x1080_120fps_420_8bit_YUV": {
            "psnr": -39.066263779158014,
            "ssim": -46.13426070155692,
            "vmaf": -38.05702677052222,
            "fvd": 18.16844887382625,
            "tssim": -41.89652266544396,
            "tpsnr": -30.087703713272607,
            "movie_index": -100.0,
            "st_rred": 39.769410088017
        },
        "ShakeNDry_1920x1080_120fps_420_8bit_YUV": {
            "psnr": -65.29676366675803,
            "ssim": -67.76031023796361,
            "vmaf": -65.78583711130614,
            "fvd": -5.696387981525786,
            "tssim": -69.56806629862749,
            "tpsnr": -59.71662952098502,
            "movie_index": -100.0,
            "st_rred": 28.688411184728846
        },
        "YachtRide_1920x1080_120fps_420_8bit_YUV": {
            "psnr": -46.57071057103532,
            "ssim": -54.61821198343946,
            "vmaf": -36.50952224756311,