{
    "h264": {
        "BasketballDrive_1920x1080_50": {
            "psnr": 86.22792221623389,
            "ssim": 71.37178193476399,
            "vmaf": 98.3097826127066,
            "fvd": -100.0,
            "tssim": 85.91711112389484,
            "tpsnr": 80.47509863423518,
            "movie_index": NaN,
            "st_rred": 93.25268656387966
        },
        "BQTerrace_1920x1080_60": {
            "psnr": 151.56452675148898,
            "ssim": 115.30744182729937,
            "vmaf": 150.49274434047973,
            "fvd": -2.4021930121863933,
            "tssim": 133.2457018168894,
            "tpsnr": 159.57491466144108,
            "movie_index": 285.78991662175,
            "st_rred": 33.30548435517873
        },
        "Cactus_1920x1080_50": {
            "psnr": 60.307718454227086,
            "ssim": 45.61671312197677,
            "vmaf": 68.52020742499995,
            "fvd": 37.673467313535845,
            "tssim": 67.40498510966324,
            "tpsnr": 69.05086229544766,
            "movie_index": 43.26256354041338,
            "st_rred": 28.166178186840042
        },
        "Kimono_1920x1080_24": {
            "psnr": 89.14048156677647,
            "ssim": 69.44342212415965,
            "vmaf": 116.54809559767241,
            "fvd": 50.2740765321344,
            "tssim": 100.1364709312853,
            "tpsnr": 95.75943934624296,
            "movie_index": NaN,
            "st_rred": 48.53310654995398
        },
        "ParkScene_1920x1080_24": {
            "psnr": 79.28213468009244,
            "ssim": 67.18686268265957,
            "vmaf": 89.59827886340204,
            "fvd": 40.97513982184036,
            "tssim": 89.34919918752169,
            "tpsnr": 87.31805296076674,
            "movie_index": 299.4204594664956,
            "st_rred": 14.96778372514096
        }
    },
    "av1": {
        "BasketballDrive_1920x1080_50": {
            "psnr": -39.681868466174066,
            "ssim": -51.4604894437787,
            "vmaf": -27.00093102363915,
            "fvd": -100.0,
            "tssim": -27.685429776682714,
            "tpsnr": -2.720352789469138,
            "movie_index": NaN,
            "st_rred": 182.8892819095306
        },
        "BQTerrace_1920x1080_60": {
            "psnr": -52.11170722529616,
            "ssim": -59.99106011389329,
            "vmaf": -58.064362858126316,
            "fvd": -27.598087490241173,
            "tssim": -53.48240850368473,
            "tpsnr": -50.1901809536611,
            "movie_index": 84.28110162885937,
            "st_rred": 53.518515819401635
        },
        "Cactus_1920x1080_50": {
            "psnr": -45.81567997807793,
            "ssim": -54.240916301362866,
            "vmaf": -36.4179711047385,
            "fvd": -28.815967516961738,
            "tssim": -44.15104886776652,
            "tpsnr": -33.9693536796373,
            "movie_index": -66.55927716668273,
            "st_rred": 46.16943500640913
        },
        "Kimono_1920x1080_24": {
            "psnr": -24.316364786715503,
            "ssim": -33.508860802431364,
            "vmaf": -7.492299393056645,
            "fvd": -14.53160419667432,
            "tssim": -17.251553767461083,
            "tpsnr": -12.030235237836395,
            "movie_index": 94.72979718847316,
            "st_rred": 481.5874525865583
        },
        "ParkScene_1920x1080_24": {
            "psnr": -29.990534889462705,
            "ssim": -40.04358246395392,
            "vmaf": -26.717901907265972,
            "fvd": 2.704144195677549,
            "tssim": -30.683772016058086,
            "tpsnr": -25.145401609034003,
            "movie_index": 6.707717658344814,
            "st_rred": 29.78801713345871
        }
    },
    "vp9": {
        "BasketballDrive_1920x1080_50": {
            "psnr": 1.9351923518323266,
            "ssim": -8.06236206308787,
            "vmaf": 16.486057978238232,
            "fvd": Infinity,
            "tssim": 7.451869352578977,
            "tpsnr": 8.585003979262162,
            "movie_index": NaN,
            "st_rred": 49.983610557187454
        },
        "BQTerrace_1920x1080_60": {
            "psnr": -6.104342074385949,
            "ssim": -16.500317584904533,
            "vmaf": 2.4028075369341595,
            "fvd": -59.290106067575024,
            "tssim": -15.849919095602328,
            "tpsnr": -15.420893168801243,
            "movie_index": 23.548350030613463,
            "st_rred": 3.1635356908135126
        },
        "Cactus_1920x1080_50": {
            "psnr": -5.040149218486123,
            "ssim": -17.137285147758462,
            "vmaf": 8.76028904026911,
            "fvd": -40.12323896114499,
            "tssim": -3.4551618935761086,
            "tpsnr": 4.73960410180847,
            "movie_index": -70.22059869713027,
            "st_rred": -5.18044481429688
        },
        "Kimono_1920x1080_24": {
            "psnr": 12.693772321958763,
            "ssim": 6.252533545380756,
            "vmaf": 36.55770074025981,
            "fvd": 12.113476854637838,
            "tssim": 27.412473655433047,
            "tpsnr": 15.327129910568082,
            "movie_index": -67.50192312153304,
            "st_rred": 93.65070758581288
        },
        "ParkScene_1920x1080_24": {
            "psnr": 7.854627482604215,
            "ssim": 1.6361889448895717,
            "vmaf": 27.6245552091118,
            "fvd": -2.810514106528428,
            "tssim": 19.733121486752125,
            "tpsnr": 10.68359307656397,
            "movie_index": -10.758292604220966,
            "st_rred": 6.231937939742926
        }
    }
}