{
    "hevc": {
        "BasketballDrive_1920x1080_50": {
            "psnr": -46.11447514407207,
            "ssim": -41.42324433960856,
            "vmaf": -49.162435930929924,
            "fvd": -35.3543078073456,
            "tssim": -46.073663316351876,
            "tpsnr": -44.314372437852235,
            "movie_index": 15.333571654389022,
            "st_rred": -48.57889317117603
        },
        "BQTerrace_1920x1080_60": {
            "psnr": -60.68863613990596,
            "ssim": -54.19844934804503,
            "vmaf": -60.31625209898364,
            "fvd": -22.81613000747288,
            "tssim": -58.163308404462846,
            "tpsnr": -61.95480652302307,
            "movie_index": 105.4960594103798,
            "st_rred": -24.789126244444727
        },
        "Cactus_1920x1080_50": {
            "psnr": -37.54993259157278,
            "ssim": -31.053261819311594,
            "vmaf": -40.064907001570916,
            "fvd": -15.767836997870276,
            "tssim": -39.981717694363894,
            "tpsnr": -40.7812324274243,
            "movie_index": -38.951169115369936,
            "st_rred": -22.26857151556958
        },
        "Kimono_1920x1080_24": {
            "psnr": -46.99763533249087,
            "ssim": -40.67422324458002,
            "vmaf": -53.25579069223127,
            "fvd": -17.288564312970898,
            "tssim": -49.69466974060911,
            "tpsnr": -48.77831710564614,
            "movie_index": -88.17239940226675,
            "st_rred": -30.81180307936536
        },
        "ParkScene_1920x1080_24": {
            "psnr": -44.30449872794717,
            "ssim": -40.0768426245864,
            "vmaf": -47.06831594989009,
            "fvd": -27.16495503263757,
            "tssim": -47.13587515394283,
            "tpsnr": -46.71151203384696,
            "movie_index": -87.83077124332645,
            "st_rred": -12.892015517439981
        }
    },
    "av1": {
        "BasketballDrive_1920x1080_50": {
            "psnr": -66.70109359358824,
            "ssim": -70.31483404006104,
            "vmaf": -61.93196235311237,
            "fvd": -32.816222163280585,
            "tssim": -61.21788138183645,
            "tpsnr": -46.64494501034826,
            "movie_index": 68.54293364637094,
            "st_rred": -16.142161366338005
        },
        "BQTerrace_1920x1080_60": {
            "psnr": -78.47187169954796,
            "ssim": -78.2569643135807,
            "vmaf": -78.26897166929736,
            "fvd": -23.661301100565936,
            "tssim": -76.78061046212787,
            "tpsnr": -78.07661516788488,
            "movie_index": 217.43395355492746,
            "st_rred": -9.06037857508707
        },
        "Cactus_1920x1080_50": {
            "psnr": -64.88368113901318,
            "ssim": -66.71148665453586,
            "vmaf": -60.93999993945781,
            "fvd": -36.65828449634532,
            "tssim": -65.97025951407925,
            "tpsnr": -59.9491395465642,
            "movie_index": -80.8764813531298,
            "st_rred": -6.787727671408195
        },
        "Kimono_1920x1080_24": {
            "psnr": -60.19797275479719,
            "ssim": -60.89181256676206,
            "vmaf": -57.18497493859503,
            "fvd": -31.794714430121086,
            "tssim": -59.62225476736367,
            "tpsnr": -55.030572305980115,
            "movie_index": -92.77025797876904,
            "st_rred": 19.546106708916298
        },
        "ParkScene_1920x1080_24": {
            "psnr": -61.61354460501733,
            "ssim": -64.11482164980768,
            "vmaf": -60.96667782848808,
            "fvd": -1.8757374755312362,
            "tssim": -63.58907965571062,
            "tpsnr": -59.737234244609084,
            "movie_index": -88.93947958966184,
            "st_rred": 2.2450453073897148
        }
    },
    "vp9": {
        "BasketballDrive_1920x1080_50": {
            "psnr": -45.740695898083686,
            "ssim": -46.468331549861354,
            "vmaf": -41.93329697897165,
            "fvd": -38.06005436304834,
            "tssim": -42.70230901590294,
            "tpsnr": -39.95831518212175,
            "movie_index": -12.47878992905964,
            "st_rred": -31.434346421355553
        },
        "BQTerrace_1920x1080_60": {
            "psnr": -63.83184114220741,
            "ssim": -61.42869510134483,
            "vmaf": -60.501577660073295,
            "fvd": -43.998155533170134,
            "tssim": -63.875421686501866,
            "tpsnr": -66.67382330913097,
            "movie_index": 228.7234424496531,
            "st_rred": -24.781749331404367
        },
        "Cactus_1920x1080_50": {
            "psnr": -41.10613655332869,
            "ssim": -42.161729596095476,
            "vmaf": -35.029201788254824,
            "fvd": -45.563616539247796,
            "tssim": -42.25070248850841,
            "tpsnr": -38.64212225364546,
            "movie_index": -84.72795910609217,
            "st_rred": -22.75935990381014
        },
        "Kimono_1920x1080_24": {
            "psnr": -41.69978555226428,
            "ssim": -37.97017878836266,
            "vmaf": -39.42676338398159,
            "fvd": -21.808146712085318,
            "tssim": -38.36607790912261,
            "tpsnr": -42.321790214427104,
            "movie_index": -87.2946197624149,
            "st_rred": -18.25717618177134
        },
        "ParkScene_1920x1080_24": {
            "psnr": -41.14637435188816,
            "ssim": -39.69008995764598,
            "vmaf": -34.673301524895685,
            "fvd": -36.87838016881986,
            "tssim": -38.25463376534293,
            "tpsnr": -42.1148132393242,
            "movie_index": -86.50954515281457,
            "st_rred": -9.3746576826213
        }
    }
}