{
    "h264": {
        "Beauty_1920x1080_120fps_420_8bit_YUV": {
            "psnr": 283.2303209110363,
            "ssim": 347.2265842123076,
            "vmaf": 178.19787382873008,
            "fvd": 77.73549919437717
        },
        "Bosphorus_1920x1080_120fps_420_8bit_YUV": {
            "psnr": 273.66032335478224,
            "ssim": 314.1085182090217,
            "vmaf": 219.4419248786223,
            "fvd": 43.74715032527345
        },
        "HoneyBee_1920x1080_120fps_420_8bit_YUV": {
            "psnr": 535.4627646586814,
            "ssim": 576.9381303996306,
            "vmaf": 474.1343831549524,
            "fvd": 49.94756312901352
        },
        "Jockey_1920x1080_120fps_420_8bit_YUV": {
            "psnr": 271.93561930417883,
            "ssim": 344.20339424782344,
            "vmaf": 223.71006201296555,
            "fvd": 163.48035618024616
        },
        "ReadySteadyGo_1920x1080_120fps_420_8bit_YUV": {
            "psnr": 159.3878242732485,
            "ssim": 154.7466824911218,
            "vmaf": 151.63857854281392,
            "fvd": 70.25997069824561
        },
        "ShakeNDry_1920x1080_120fps_420_8bit_YUV": {
            "psnr": 488.9133466492551,
            "ssim": 525.6006566825031,
            "vmaf": 384.8812893703505,
            "fvd": 68.07672923645589
        },
        "YachtRide_1920x1080_120fps_420_8bit_YUV": {
            "psnr": 201.9480168769312,
            "ssim": 209.75702882409925,
            "vmaf": 172.0107993897129,
            "fvd": 30.155819264294536
        }
    },
    "hevc": {
        "Beauty_1920x1080_120fps_420_8bit_YUV": {
            "psnr": 89.0027292919374,
            "ssim": 138.88265156626534,
            "vmaf": 14.424653059834514,
            "fvd": -16.850003944123117
        },
        "Bosphorus_1920x1080_120fps_420_8bit_YUV": {
            "psnr": 90.32018921369813,
            "ssim": 133.53090693418247,
            "vmaf": 36.75318020533063,
            "fvd": -19.464931091899373
        },
        "HoneyBee_1920x1080_120fps_420_8bit_YUV": {
            "psnr": 147.39207004293053,
            "ssim": 196.29510016891757,
            "vmaf": 105.27982284492086,
            "fvd": -29.22758789665543
        },
        "Jockey_1920x1080_120fps_420_8bit_YUV": {
            "psnr": 62.34992353981785,
            "ssim": 129.4059081081651,
            "vmaf": 11.548437794994637,
            "fvd": -28.504442172947154
        },
        "ReadySteadyGo_1920x1080_120fps_420_8bit_YUV": {
            "psnr": 53.50103446212668,
            "ssim": 72.63061278012101,
            "vmaf": 37.73953343472467,
            "fvd": 32.95042523861802
        },
        "ShakeNDry_1920x1080_120fps_420_8bit_YUV": {
            "psnr": 258.0360665599368,
            "ssim": 327.7272904929796,
            "vmaf": 150.4077823969904,
            "fvd": 11.947813170375321
        },
        "YachtRide_1920x1080_120fps_420_8bit_YUV": {
            "psnr": 64.26050386386508,
            "ssim": 86.0362936871827,
            "vmaf": 35.20997886575628,
            "fvd": -20.34983393991947
        }
    },
    "vp9": {
        "Beauty_1920x1080_120fps_420_8bit_YUV": {
            "psnr": 81.97378759540912,
            "ssim": 94.87036664566817,
            "vmaf": 49.72874477035889,
            "fvd": -40.248861369414755
        },
        "Bosphorus_1920x1080_120fps_420_8bit_YUV": {
            "psnr": 108.75046232817111,
            "ssim": 145.94415746107393,
            "vmaf": 83.41519490376628,
            "fvd": -27.487440313673005
        },
        "HoneyBee_1920x1080_120fps_420_8bit_YUV": {
            "psnr": 40.48564529727769,
            "ssim": 48.5812547028526,
            "vmaf": 57.739629840213304,
            "fvd": NaN
        },
        "Jockey_1920x1080_120fps_420_8bit_YUV": {
            "psnr": 39.75320721583269,
            "ssim": 70.41059360312327,
            "vmaf": 11.174015505553815,
            "fvd": -51.99412881390386
        },
        "ReadySteadyGo_1920x1080_120fps_420_8bit_YUV": {
            "psnr": 70.03382705990735,
            "ssim": 90.03914146756291,
            "vmaf": 64.25428196036992,
            "fvd": -14.939396341069278
        },
        "ShakeNDry_1920x1080_120fps_420_8bit_YUV": {
            "psnr": 187.95379766240973,
            "ssim": 210.48428618668638,
            "vmaf": 191.72570402203846,
            "fvd": 4.034821019667056
        },
        "YachtRide_1920x1080_120fps_420_8bit_YUV": {
            "psnr": 87.9794956564674,
            "ssim": 122.19033565137742,
            "vmaf": 59.83925962901395,
            "fvd": -31.84464683542487
        }
    }
}