{
    "videos\\BVI-HD\\BallUnderWater_1920x1080_60fps.mp4": 2.4509517572848507,
    "videos\\BVI-HD\\Bookcase_1920x1080_60fps.mp4": 2.4509517569705,
    "videos\\BVI-HD\\Boxing_1920x1080_30fps.mp4": 2.434502416591349,
    "videos\\BVI-HD\\BricksLeaves_1920x1080_60fps.mp4": 2.450951757145321,
    "videos\\BVI-HD\\BridgeRiver_1920x1080_30fps.mp4": 2.434502416577394,
    "videos\\BVI-HD\\BubblesPitcher_1920x1080_60fps.mp4": 2.4509517568049706,
    "videos\\BVI-HD\\CalmingWater_1920x1080_60fps.mp4": 2.4509517573744635,
    "videos\\BVI-HD\\CarpetCircleFast_1920x1080_60fps.mp4": 2.4509517573339696,
    "videos\\BVI-HD\\CloudsZoom_1920x1080_60fps.mp4": 2.45095175185171,
    "videos\\BVI-HD\\DiverFishAndRock_1920x1080_30fps.mp4": 2.4345024164869873,
    "videos\\BVI-HD\\Diver_1920x1080_30fps.mp4": 2.4345024164736313,
    "videos\\BVI-HD\\FishAndRock_1920x1080_30fps.mp4": 2.4345024167218514,
    "videos\\BVI-HD\\Fountain_1920x1080_50fps.mp4": 2.4476618892047095,
    "videos\\BVI-HD\\Grass_1920x1080_60fps.mp4": 2.4509517573523674,
    "videos\\BVI-HD\\Hamster_1920x1080_60fps.mp4": 2.4509517548611854,
    "videos\\BVI-HD\\KineticFastPainting_1920x1080_60fps.mp4": 2.450951757195753,
    "videos\\BVI-HD\\Lightreef_1920x1080_30fps.mp4": 2.434502416529055,
    "videos\\BVI-HD\\MartialArts_1920x1080_60fps.mp4": 2.450951756098029,
    "videos\\BVI-HD\\Music_1920x1080_30fps.mp4": 2.4345024162610813,
    "videos\\BVI-HD\\PaintingTilting_1920x1080_60fps.mp4": 2.45095175702123,
    "videos\\BVI-HD\\ParkPlay_1920x1080_50fps.mp4": 2.4476618891618127,
    "videos\\BVI-HD\\PlasmaAveragePan_1920x1080_60fps.mp4": 2.4509517418485025,
    "videos\\BVI-HD\\PlasmaSlowRandom_1920x1080_60fps.mp4": 2.4509516974100327,
    "videos\\BVI-HD\\RockWater_1920x1080_30fps.mp4": 2.4345024167094884,
    "videos\\BVI-HD\\RockWave_1920x1080_30fps.mp4": 2.4345024164685327,
    "videos\\BVI-HD\\Rowing_1920x1080_30fps.mp4": 2.4345024164211666,
    "videos\\BVI-HD\\SmokeGuns_1920x1080_60fps.mp4": 2.4509517573198116,
    "videos\\BVI-HD\\Surfers_1920x1080_30fps.mp4": 2.434502416646856,
    "videos\\BVI-HD\\Toys_1920x1080_30fps.mp4": 2.4345024167079687,
    "videos\\BVI-HD\\TreeGrassFamily_1920x1080_30fps.mp4": 2.434502416558066,
    "videos\\BVI-HD\\TreeTrunk_1920x1080_50fps.mp4": 2.4476618889923647,
    "videos\\BVI-HD\\Typing_1920x1080_60fps.mp4": 2.450951756748274
}