{
    "3": 2.4583539606719764,
    "2": 2.4504034459388153
}