{
    "total_frames": 150,
    "frame_counts": {
        "I": 2,
        "B": 116,
        "P": 32
    },
    "frame_percentages": {
        "I": 1.3333333333333335,
        "B": 77.33333333333333,
        "P": 21.333333333333336
    }
}