{
    "total_frames": 150,
    "frame_counts": {
        "I": 1,
        "B": 110,
        "P": 39
    },
    "frame_percentages": {
        "I": 0.6666666666666667,
        "B": 73.33333333333333,
        "P": 26.0
    }
}