{
    "total_frames": 150,
    "frame_counts": {
        "I": 1,
        "B": 109,
        "P": 40
    },
    "frame_percentages": {
        "I": 0.6666666666666667,
        "B": 72.66666666666667,
        "P": 26.666666666666668
    }
}