{
    "total_frames": 300,
    "frame_counts": {
        "I": 2,
        "B": 223,
        "P": 75
    },
    "frame_percentages": {
        "I": 0.6666666666666667,
        "B": 74.33333333333333,
        "P": 25.0
    }
}