{
    "total_frames": 600,
    "frame_counts": {
        "I": 7,
        "B": 363,
        "P": 230
    },
    "frame_percentages": {
        "I": 1.1666666666666667,
        "B": 60.5,
        "P": 38.333333333333336
    }
}