{
    "total_frames": 600,
    "frame_counts": {
        "I": 3,
        "B": 446,
        "P": 151
    },
    "frame_percentages": {
        "I": 0.5,
        "B": 74.33333333333333,
        "P": 25.166666666666664
    }
}