{
    "total_frames": 300,
    "frame_counts": {
        "I": 2,
        "B": 222,
        "P": 76
    },
    "frame_percentages": {
        "I": 0.6666666666666667,
        "B": 74.0,
        "P": 25.333333333333336
    }
}