{
    "total_frames": 600,
    "frame_counts": {
        "I": 1,
        "P": 599
    },
    "frame_percentages": {
        "I": 0.16666666666666669,
        "P": 99.83333333333333
    }
}