{
    "BallUnderWater_1920x1080_60fps_hevc.mp4": {
        "psnr": 45.27573333333333,
        "ssim": 0.9810966666666667,
        "vmaf": 94.58882066,
        "fvd": 9.507949512756
    },
    "Bookcase_1920x1080_60fps_hevc.mp4": {
        "psnr": 42.9333,
        "ssim": 0.9797166666666667,
        "vmaf": 99.95810943333333,
        "fvd": 2.0067897340352374
    },
    "Boxing_1920x1080_30fps_hevc.mp4": {
        "psnr": 42.09673333333333,
        "ssim": 0.9675866666666667,
        "vmaf": 99.76834788666667,
        "fvd": 10.480694854872581
    },
    "BricksLeaves_1920x1080_60fps_hevc.mp4": {
        "psnr": 32.30616666666667,
        "ssim": 0.9117533333333334,
        "vmaf": 82.78465190666667,
        "fvd": 21.08813937599433
    },
    "BridgeRiver_1920x1080_30fps_hevc.mp4": {
        "psnr": 32.1536,
        "ssim": 0.9180533333333333,
        "vmaf": 74.69459294,
        "fvd": 204.55302129494052
    },
    "BubblesPitcher_1920x1080_60fps_hevc.mp4": {
        "psnr": 41.97573333333333,
        "ssim": 0.9608,
        "vmaf": 76.42390542666666,
        "fvd": 105.7239082000483
    },
    "CalmingWater_1920x1080_60fps_hevc.mp4": {
        "psnr": 29.8191,
        "ssim": 0.74699,
        "vmaf": 40.93483361333333,
        "fvd": 45.57645291193472
    },
    "CarpetCircleFast_1920x1080_60fps_hevc.mp4": {
        "psnr": 44.227833333333336,
        "ssim": 0.97113,
        "vmaf": 86.67350154666667,
        "fvd": 1.7652932562338606
    },
    "CloudsZoom_1920x1080_60fps_hevc.mp4": {
        "psnr": 55.5481,
        "ssim": 0.9974633333333333,
        "vmaf": 92.86720950333334,
        "fvd": 2.2200889648837467
    },
    "DiverFishAndRock_1920x1080_30fps_hevc.mp4": {
        "psnr": 42.40913333333333,
        "ssim": 0.9751666666666667,
        "vmaf": 97.16080670000001,
        "fvd": 19.325941528549947
    },
    "Diver_1920x1080_30fps_hevc.mp4": {
        "psnr": 46.351,
        "ssim": 0.9808066666666667,
        "vmaf": 97.19125414666667,
        "fvd": 14.989955853595802
    },
    "FishAndRock_1920x1080_30fps_hevc.mp4": {
        "psnr": 41.2426,
        "ssim": 0.9684333333333333,
        "vmaf": 94.38533788,
        "fvd": 19.777293617997884
    },
    "Fountain_1920x1080_50fps_hevc.mp4": {
        "psnr": 33.81596,
        "ssim": 0.821268,
        "vmaf": 67.129203116,
        "fvd": 118.35521486749485
    },
    "Grass_1920x1080_60fps_hevc.mp4": {
        "psnr": 31.74816666666667,
        "ssim": 0.8864633333333334,
        "vmaf": 72.77859376,
        "fvd": 17.215324519972814
    },
    "Hamster_1920x1080_60fps_hevc.mp4": {
        "psnr": 43.3619,
        "ssim": 0.9816699999999999,
        "vmaf": 97.021417,
        "fvd": 6.222551160796911
    },
    "KineticFastPainting_1920x1080_60fps_hevc.mp4": {
        "psnr": 35.56276666666667,
        "ssim": 0.9155466666666666,
        "vmaf": 81.09286479666666,
        "fvd": 8.29580748765187
    },
    "Lightreef_1920x1080_30fps_hevc.mp4": {
        "psnr": 32.1106,
        "ssim": 0.8803733333333335,
        "vmaf": 81.94682762666667,
        "fvd": 58.888652492473966
    },
    "MartialArts_1920x1080_60fps_hevc.mp4": {
        "psnr": 48.46853333333333,
        "ssim": 0.9904599999999999,
        "vmaf": 96.18740510666666,
        "fvd": 8.569380882649625
    },
    "Music_1920x1080_30fps_hevc.mp4": {
        "psnr": 43.2636,
        "ssim": 0.9703466666666666,
        "vmaf": 96.45058287333333,
        "fvd": 12.605791868622418
    },
    "PaintingTilting_1920x1080_60fps_hevc.mp4": {
        "psnr": 36.42646666666667,
        "ssim": 0.9621966666666666,
        "vmaf": 99.29471483333333,
        "fvd": 7.508510441994304
    },
    "ParkPlay_1920x1080_50fps_hevc.mp4": {
        "psnr": 32.24472,
        "ssim": 0.83402,
        "vmaf": 75.173663464,
        "fvd": 43.55257067834532
    },
    "PlasmaAveragePan_1920x1080_60fps_hevc.mp4": {
        "psnr": 48.32573333333333,
        "ssim": 0.9939833333333333,
        "vmaf": 92.79506305,
        "fvd": 2.029624115187943
    },
    "PlasmaSlowRandom_1920x1080_60fps_hevc.mp4": {
        "psnr": 59.269533333333335,
        "ssim": 0.9993733333333333,
        "vmaf": 95.94300637,
        "fvd": 0.6477488724111424
    },
    "RockWater_1920x1080_30fps_hevc.mp4": {
        "psnr": 36.01166666666666,
        "ssim": 0.95504,
        "vmaf": 91.71566078666666,
        "fvd": 41.872694206130745
    },
    "RockWave_1920x1080_30fps_hevc.mp4": {
        "psnr": 27.649733333333334,
        "ssim": 0.85974,
        "vmaf": 53.77356356666667,
        "fvd": 137.35801473418735
    },
    "Rowing_1920x1080_30fps_hevc.mp4": {
        "psnr": 31.145533333333333,
        "ssim": 0.8584799999999999,
        "vmaf": 54.06129516,
        "fvd": 146.84008672112668
    },
    "SmokeGuns_1920x1080_60fps_hevc.mp4": {
        "psnr": 42.30396666666667,
        "ssim": 0.9657099999999998,
        "vmaf": 89.55711644,
        "fvd": 22.05038491586754
    },
    "Surfers_1920x1080_30fps_hevc.mp4": {
        "psnr": 39.12546666666667,
        "ssim": 0.9607600000000001,
        "vmaf": 88.58958263333334,
        "fvd": 34.87233949152528
    },
    "Toys_1920x1080_30fps_hevc.mp4": {
        "psnr": 38.1258,
        "ssim": 0.9577466666666667,
        "vmaf": 98.28434778,
        "fvd": 25.460975187908616
    },
    "TreeGrassFamily_1920x1080_30fps_hevc.mp4": {
        "psnr": 32.2166,
        "ssim": 0.89154,
        "vmaf": 67.69179456666666,
        "fvd": 116.82533191816276
    },
    "TreeTrunk_1920x1080_50fps_hevc.mp4": {
        "psnr": 34.95212,
        "ssim": 0.927416,
        "vmaf": 98.637057252,
        "fvd": 8.50841849400399
    },
    "Typing_1920x1080_60fps_hevc.mp4": {
        "psnr": 46.1531,
        "ssim": 0.9857666666666667,
        "vmaf": 94.97712166666666,
        "fvd": 10.882859042970324
    }
}