{
    "BallUnderWater_1920x1080_60fps_h264.mp4": {
        "psnr": 42.491733333333336,
        "ssim": 0.9754166666666667,
        "vmaf": 77.52416677,
        "fvd": 17.56158949465356,
        "st_rred": 1.1944121931967153,
        "movie_index": 1.200818513697605,
        "tssim": 0.9541712352123699,
        "tpsnr": 36.23424253176686
    },
    "Bookcase_1920x1080_60fps_h264.mp4": {
        "psnr": 39.16126666666666,
        "ssim": 0.9652333333333333,
        "vmaf": 99.41529315333334,
        "fvd": 3.9105730703522568,
        "st_rred": 0.6858851697767463,
        "movie_index": 2.1519526094198227,
        "tssim": 0.9009119059407406,
        "tpsnr": 28.84397890735231
    },
    "Boxing_1920x1080_30fps_h264.mp4": {
        "psnr": 40.49413333333333,
        "ssim": 0.9624266666666667,
        "vmaf": 96.43919553333333,
        "fvd": 14.75171872113674,
        "st_rred": 2.7474929178491045,
        "movie_index": 1.9836695852295665,
        "tssim": 0.9360864497877337,
        "tpsnr": 32.81406645806844
    },
    "BricksLeaves_1920x1080_60fps_h264.mp4": {
        "psnr": 31.39036666666667,
        "ssim": 0.9067233333333333,
        "vmaf": 78.51954318666667,
        "fvd": 19.605648407494982,
        "st_rred": 4.590478235697784,
        "movie_index": 2.8937423440275785,
        "tssim": 0.8818197093354141,
        "tpsnr": 28.003708746919663
    },
    "BridgeRiver_1920x1080_30fps_h264.mp4": {
        "psnr": 30.88446666666667,
        "ssim": 0.9066466666666667,
        "vmaf": 70.51403564,
        "fvd": 164.90030470211912,
        "st_rred": 4.999876617306391,
        "movie_index": 1.7543532266312798,
        "tssim": 0.8539674244414683,
        "tpsnr": 27.73747184292582
    },
    "BubblesPitcher_1920x1080_60fps_h264.mp4": {
        "psnr": 40.47083333333333,
        "ssim": 0.95467,
        "vmaf": 61.288225386666674,
        "fvd": 77.21138760336271,
        "st_rred": 1.857049628907057,
        "movie_index": 0.8383329227180485,
        "tssim": 0.9255198536396996,
        "tpsnr": 35.70825554455403
    },
    "CalmingWater_1920x1080_60fps_h264.mp4": {
        "psnr": 27.457466666666665,
        "ssim": 0.6973566666666666,
        "vmaf": 22.668455923333333,
        "fvd": 128.64056220460657,
        "st_rred": 9.909177251546655,
        "movie_index": 5.128580859672265,
        "tssim": 0.5461741119946899,
        "tpsnr": 23.077247453772504
    },
    "CarpetCircleFast_1920x1080_60fps_h264.mp4": {
        "psnr": 40.951800000000006,
        "ssim": 0.9446199999999999,
        "vmaf": 64.64688190666666,
        "fvd": 6.32502190154824,
        "st_rred": 1.4850662878748757,
        "movie_index": 3.5745278541060994,
        "tssim": 0.888020684938541,
        "tpsnr": 33.4175868082206
    },
    "CloudsZoom_1920x1080_60fps_h264.mp4": {
        "psnr": 56.22006666666667,
        "ssim": 0.9980066666666666,
        "vmaf": 91.09997786666666,
        "fvd": 0.392489178854845,
        "st_rred": 0.11595738959038704,
        "movie_index": 0.12134871297487895,
        "tssim": 0.9968863820822038,
        "tpsnr": 54.10746980750042
    },
    "DiverFishAndRock_1920x1080_30fps_h264.mp4": {
        "psnr": 40.373200000000004,
        "ssim": 0.9690333333333333,
        "vmaf": 90.68539566666666,
        "fvd": 23.086624527938056,
        "st_rred": 1.7445766307274848,
        "movie_index": 3.100761524382854,
        "tssim": 0.9530268768012304,
        "tpsnr": 36.05119761524585
    },
    "Diver_1920x1080_30fps_h264.mp4": {
        "psnr": 45.2762,
        "ssim": 0.9793933333333332,
        "vmaf": 92.55243352000001,
        "fvd": 25.1854725735584,
        "st_rred": 1.532456846656033,
        "movie_index": 2.9604098606329634,
        "tssim": 0.9667498216895412,
        "tpsnr": 41.67957055008652
    },
    "FishAndRock_1920x1080_30fps_h264.mp4": {
        "psnr": 39.53313333333333,
        "ssim": 0.9590466666666667,
        "vmaf": 88.51443794000001,
        "fvd": 28.987667221690344,
        "st_rred": 1.8404855959741901,
        "movie_index": 1.3626015690349091,
        "tssim": 0.9466142754867214,
        "tpsnr": 37.24050923801909
    },
    "Fountain_1920x1080_50fps_h264.mp4": {
        "psnr": 32.7582,
        "ssim": 0.79576,
        "vmaf": 51.062620779999996,
        "fvd": 209.80287358426358,
        "st_rred": 10.864635137029602,
        "movie_index": 2.596651981393975,
        "tssim": 0.7157268130738772,
        "tpsnr": 29.932276331277258
    },
    "Grass_1920x1080_60fps_h264.mp4": {
        "psnr": 30.586866666666666,
        "ssim": 0.8615033333333334,
        "vmaf": 66.93349227333333,
        "fvd": 18.39948363223527,
        "st_rred": 5.367167761139235,
        "movie_index": 2.0312566775641714,
        "tssim": 0.8655258457413065,
        "tpsnr": 28.460898861837226
    },
    "Hamster_1920x1080_60fps_h264.mp4": {
        "psnr": 41.2271,
        "ssim": 0.9770799999999998,
        "vmaf": 89.82252734666667,
        "fvd": 10.561118181274423,
        "st_rred": 0.7544171692313721,
        "movie_index": 1.7928634596409208,
        "tssim": 0.9618227837112234,
        "tpsnr": 35.55980508861733
    },
    "KineticFastPainting_1920x1080_60fps_h264.mp4": {
        "psnr": 31.342699999999997,
        "ssim": 0.8481266666666666,
        "vmaf": 48.27176478333333,
        "fvd": 27.781103244096357,
        "st_rred": 3.7052593372907126,
        "movie_index": 5.574616273510017,
        "tssim": 0.7087010333142882,
        "tpsnr": 25.403329453739435
    },
    "Lightreef_1920x1080_30fps_h264.mp4": {
        "psnr": 30.7028,
        "ssim": 0.8603133333333333,
        "vmaf": 73.23814429333333,
        "fvd": 75.24251144797017,
        "st_rred": 5.688041855381897,
        "movie_index": 11.001414562231743,
        "tssim": 0.8418371113807065,
        "tpsnr": 28.830716075513187
    },
    "MartialArts_1920x1080_60fps_h264.mp4": {
        "psnr": 46.647166666666664,
        "ssim": 0.9888233333333333,
        "vmaf": 91.35162205333333,
        "fvd": 7.315541092135049,
        "st_rred": 0.604595978256568,
        "movie_index": 0.8319126098949375,
        "tssim": 0.9806805554271355,
        "tpsnr": 42.32795886291708
    },
    "Music_1920x1080_30fps_h264.mp4": {
        "psnr": 42.1202,
        "ssim": 0.9671266666666666,
        "vmaf": 92.11039472,
        "fvd": 18.130455446576434,
        "st_rred": 1.8970943051844262,
        "movie_index": 8.190018215035431,
        "tssim": 0.9408163201713314,
        "tpsnr": 36.772810187115766
    },
    "PaintingTilting_1920x1080_60fps_h264.mp4": {
        "psnr": 33.66056666666667,
        "ssim": 0.9490433333333332,
        "vmaf": 99.58748562666666,
        "fvd": 10.426435685848219,
        "st_rred": 1.817386945790659,
        "movie_index": 3.2906394045563245,
        "tssim": 0.9667688076418867,
        "tpsnr": 31.30554439710534
    },
    "ParkPlay_1920x1080_50fps_h264.mp4": {
        "psnr": 30.61416,
        "ssim": 0.804024,
        "vmaf": 59.0754266,
        "fvd": 56.67230997005663,
        "st_rred": 9.418705274105683,
        "movie_index": 1.9831195484442883,
        "tssim": 0.7483549354353088,
        "tpsnr": 27.55680524680509
    },
    "PlasmaAveragePan_1920x1080_60fps_h264.mp4": {
        "psnr": 46.6587,
        "ssim": 0.9928799999999999,
        "vmaf": 86.96791443,
        "fvd": 2.419422012126745,
        "st_rred": 0.12065049961849805,
        "movie_index": 0.1817238201888708,
        "tssim": 0.985416008400842,
        "tpsnr": 42.40579159841889
    },
    "PlasmaSlowRandom_1920x1080_60fps_h264.mp4": {
        "psnr": 57.1656,
        "ssim": 0.9990366666666667,
        "vmaf": 94.30169125666667,
        "fvd": 0.36571990681244415,
        "st_rred": 0.007604317116726711,
        "movie_index": 0.023892314033115588,
        "tssim": 0.9986337272787544,
        "tpsnr": 54.901013811296444
    },
    "RockWater_1920x1080_30fps_h264.mp4": {
        "psnr": 33.79193333333333,
        "ssim": 0.9422133333333332,