{
    "Bosphorus_1920x1080_120fps_420_8bit_YUV_hevc.mp4": {
        "psnr": 42.84681666666667,
        "ssim": 0.9701399999999999,
        "vmaf": 91.35138135833334,
        "tssim": 0.966258874003969,
        "tpsnr": 41.12141787826717,
        "fvd": 22.268160265323104,
        "movie_index": 0.5859955001952055,
        "st_rred": 14.338850586777486
    },
    "HoneyBee_1920x1080_120fps_420_8bit_YUV_hevc.mp4": {
        "psnr": 43.241749999999996,
        "ssim": 0.96917,
        "vmaf": 93.94627093333334,
        "tssim": 0.9637117597575097,
        "tpsnr": 41.605722946396256,
        "fvd": 12.687320872462777,
        "movie_index": 0.3637481138906216,
        "st_rred": 30.52438753538938
    },
    "Jockey_1920x1080_120fps_420_8bit_YUV_hevc.mp4": {
        "psnr": 42.61581666666667,
        "ssim": 0.9600483333333333,
        "vmaf": 97.160287375,
        "tssim": 0.9438952682322946,
        "tpsnr": 36.774608927298466,
        "fvd": 5.157328411348999,
        "movie_index": 1.9650794071128252,
        "st_rred": 23.292127801350347
    },
    "ReadySteadyGo_1920x1080_120fps_420_8bit_YUV_hevc.mp4": {
        "psnr": 38.401650000000004,
        "ssim": 0.9512733333333333,
        "vmaf": 97.75582139333333,
        "tssim": 0.9386835129716025,
        "tpsnr": 33.86511718609894,
        "fvd": 15.243047944780074,
        "movie_index": 2.2133638757298106,
        "st_rred": 24.52318897816609
    },
    "ShakeNDry_1920x1080_120fps_420_8bit_YUV_hevc.mp4": {
        "psnr": 38.53263333333334,
        "ssim": 0.9277099999999999,
        "vmaf": 79.37442442666666,
        "tssim": 0.9052084428950339,
        "tpsnr": 35.820926168690555,
        "fvd": 48.51490296262091,
        "movie_index": 0.9468818961527435,
        "st_rred": 20.410003909970396
    },
    "YachtRide_1920x1080_120fps_420_8bit_YUV_hevc.mp4": {
        "psnr": 36.099333333333334,
        "ssim": 0.923245,
        "vmaf": 73.98437659666666,
        "tssim": 0.9025293670380065,
        "tpsnr": 33.49189867519576,
        "fvd": 58.88282128463652,
        "movie_index": 1.6534592656042422,
        "st_rred": 15.006005497271904
    },
    "Beauty_1920x1080_120fps_420_8bit_YUV_hevc.mp4": {
        "psnr": 39.39558333333333,
        "ssim": 0.90484,
        "vmaf": 86.40392615666666,
        "tssim": 0.9064082205217667,
        "tpsnr": 38.3391200083126,
        "fvd": 54.36473179495499,
        "movie_index": 2.0263075412613323,
        "st_rred": 10.823059860729092
    }
}