{
    "BallUnderWater_1920x1080_60fps_av1.mkv": {
        "psnr": 48.143633333333334,
        "ssim": 0.9881366666666666,
        "vmaf": 99.38913467333333,
        "fvd": 6.1639995464146295,
        "tssim": 0.9750815671833627,
        "tpsnr": 41.116678907719745,
        "movie_index": 0.5093468364614706,
        "st_rred": 0.728501035075336
    },
    "Bookcase_1920x1080_60fps_av1.mkv": {
        "psnr": 45.7972,
        "ssim": 0.98863,
        "vmaf": 99.98287921000001,
        "fvd": 0.6842562241899941,
        "tssim": 0.9557919743413361,
        "tpsnr": 31.994528888459985,
        "movie_index": 1.4481253946903956,
        "st_rred": 0.1368173729389497
    },
    "Boxing_1920x1080_30fps_av1.mkv": {
        "psnr": 44.47213333333333,
        "ssim": 0.9780466666666666,
        "vmaf": 99.95844352666667,
        "fvd": 7.111473994078324,
        "tssim": 0.9607763727125077,
        "tpsnr": 36.108365692548304,
        "movie_index": 0.9295319930819057,
        "st_rred": 2.604821382864504
    },
    "BricksLeaves_1920x1080_60fps_av1.mkv": {
        "psnr": 39.85836666666667,
        "ssim": 0.97801,
        "vmaf": 98.31326827666666,
        "fvd": 5.061857567707989,
        "tssim": 0.9749417165325049,
        "tpsnr": 36.552704890834846,
        "movie_index": 3.304828525523976,
        "st_rred": 2.304696329005637
    },
    "BridgeRiver_1920x1080_30fps_av1.mkv": {
        "psnr": 39.23093333333333,
        "ssim": 0.9699866666666666,
        "vmaf": 97.36916737333333,
        "fvd": 56.193745431330115,
        "tssim": 0.9563460390525231,
        "tpsnr": 36.31558283863452,
        "movie_index": 1.3407301694754785,
        "st_rred": 3.21578399411716
    },
    "BubblesPitcher_1920x1080_60fps_av1.mkv": {
        "psnr": 47.576566666666665,
        "ssim": 0.9869033333333332,
        "vmaf": 95.90120084333333,
        "fvd": 12.390205284697004,
        "tssim": 0.977032407077502,
        "tpsnr": 42.62097096522915,
        "movie_index": 0.36762508601074834,
        "st_rred": 0.6932884688932246
    },
    "CalmingWater_1920x1080_60fps_av1.mkv": {
        "psnr": 34.64403333333333,
        "ssim": 0.87754,
        "vmaf": 77.17500756333334,
        "fvd": 8.269342323920398,
        "tssim": 0.7731296356962628,
        "tpsnr": 28.66223642738368,
        "movie_index": 2.2735070416759884,
        "st_rred": 3.9737162505204218
    },
    "CarpetCircleFast_1920x1080_60fps_av1.mkv": {
        "psnr": 46.39033333333334,
        "ssim": 0.9817066666666666,
        "vmaf": 92.65787628666666,
        "fvd": 0.7842645629216918,
        "tssim": 0.9483018269199199,
        "tpsnr": 37.31937840949732,
        "movie_index": 2.0624608735376375,
        "st_rred": 0.5638447656561816
    },
    "CloudsZoom_1920x1080_60fps_av1.mkv": {
        "psnr": 59.44800000000001,
        "ssim": 0.9989366666666666,
        "vmaf": 94.15603611666667,
        "fvd": 0.31237814757599836,
        "tssim": 0.998145568839052,
        "tpsnr": 57.09258260057124,
        "movie_index": 0.17797609054745117,
        "st_rred": 0.07552901162525627
    },
    "DiverFishAndRock_1920x1080_30fps_av1.mkv": {
        "psnr": 45.486,
        "ssim": 0.9854533333333334,
        "vmaf": 99.93182455333333,
        "fvd": 6.9294131378076145,
        "tssim": 0.9796101491622209,
        "tpsnr": 42.02069757448747,
        "movie_index": 3.165520959952534,
        "st_rred": 1.654220104667262
    },
    "Diver_1920x1080_30fps_av1.mkv": {
        "psnr": 48.06286666666667,
        "ssim": 0.9860866666666668,
        "vmaf": 98.33819665333334,
        "fvd": 9.450217816943677,
        "tssim": 0.9776110609500945,
        "tpsnr": 44.67589574212196,
        "movie_index": 2.7026834212393567,
        "st_rred": 1.7438382262925698
    },
    "FishAndRock_1920x1080_30fps_av1.mkv": {
        "psnr": 44.0086,
        "ssim": 0.9813200000000001,
        "vmaf": 99.64870867333333,
        "fvd": 9.154178311956457,
        "tssim": 0.9803848406821088,
        "tpsnr": 42.91580873527783,
        "movie_index": 1.3119863024443987,
        "st_rred": 1.6748665465241501
    },
    "Fountain_1920x1080_50fps_av1.mkv": {
        "psnr": 36.7614,
        "ssim": 0.89066,
        "vmaf": 85.987566156,
        "fvd": 74.75834438876313,
        "tssim": 0.8387423958697159,
        "tpsnr": 33.72363517945071,
        "movie_index": 1.2626040716726616,
        "st_rred": 7.637497775531138
    },
    "Grass_1920x1080_60fps_av1.mkv": {
        "psnr": 37.9286,
        "ssim": 0.96947,
        "vmaf": 90.83745324666667,
        "fvd": 11.037531947543414,
        "tssim": 0.9773349121926408,
        "tpsnr": 36.30535882292783,
        "movie_index": 1.856514044442404,
        "st_rred": 3.080913596408042
    },
    "Hamster_1920x1080_60fps_av1.mkv": {
        "psnr": 47.666666666666664,
        "ssim": 0.9920766666666666,
        "vmaf": 99.92050729,
        "fvd": 2.502571554319843,
        "tssim": 0.984112843256061,
        "tpsnr": 40.57930781769513,
        "movie_index": 0.6283547930344691,
        "st_rred": 0.32533734953918625
    },
    "KineticFastPainting_1920x1080_60fps_av1.mkv": {
        "psnr": 42.15913333333333,
        "ssim": 0.9732633333333333,
        "vmaf": 99.97278859,
        "fvd": 2.1529386647607964,
        "tssim": 0.9267622253390325,
        "tpsnr": 33.827281958283386,
        "movie_index": 1.6938931215367588,
        "st_rred": 0.3940582565384254
    },
    "Lightreef_1920x1080_30fps_av1.mkv": {
        "psnr": 35.77086666666667,
        "ssim": 0.9347666666666666,
        "vmaf": 97.25857282,
        "fvd": 23.716270370363418,
        "tssim": 0.9326705007288106,
        "tpsnr": 34.69902376520554,
        "movie_index": 8.532184248702638,
        "st_rred": 4.0153604303466786
    },
    "MartialArts_1920x1080_60fps_av1.mkv": {
        "psnr": 51.44493333333333,
        "ssim": 0.9950833333333332,
        "vmaf": 98.10066018333333,
        "fvd": 2.6790581639158972,
        "tssim": 0.99071043191781,
        "tpsnr": 47.00700864504811,
        "movie_index": 0.5553108167563593,
        "st_rred": 0.3750512327507147
    },
    "Music_1920x1080_30fps_av1.mkv": {
        "psnr": 45.77,
        "ssim": 0.9807533333333334,
        "vmaf": 99.27082676666666,
        "fvd": 8.611764295776538,
        "tssim": 0.9642907740947066,
        "tpsnr": 40.0039213039731,
        "movie_index": 8.321814951355625,
        "st_rred": 1.6333566905657069
    },
    "PaintingTilting_1920x1080_60fps_av1.mkv": {
        "psnr": 39.7069,
        "ssim": 0.9813233333333333,
        "vmaf": 99.98489253666666,
        "fvd": 2.319596901301452,
        "tssim": 0.9925944198689657,
        "tpsnr": 38.71078172256317,
        "movie_index": 2.0022537280497046,
        "st_rred": 0.015159060261311197
    },
    "ParkPlay_1920x1080_50fps_av1.mkv": {
        "psnr": 36.08944,
        "ssim": 0.90984,
        "vmaf": 96.371692364,
        "fvd": 23.352339610030185,
        "tssim": 0.8928221027808569,
        "tpsnr": 32.24863828329676,
        "movie_index": 1.902847354311541,
        "st_rred": 7.153492368842649
    },
    "PlasmaAveragePan_1920x1080_60fps_av1.mkv": {
        "psnr": 55.430733333333336,
        "ssim": 0.9985866666666667,
        "vmaf": 98.80554388666665,
        "fvd": 0.29819341654388154,
        "tssim": 0.9969144910579495,
        "tpsnr": 51.857947116711465,
        "movie_index": 0.07813909482896128,
        "st_rred": 0.009185243474905569
    },
    "PlasmaSlowRandom_1920x1080_60fps_av1.mkv": {
        "psnr": 67.61216666666667,
        "ssim": 1.0,
        "vmaf": 97.87228042,
        "fvd": 0.05071362643241173,
        "tssim": 0.9997454966177495,
        "tpsnr": 65.36965791836232,
        "movie_index": 0.014216666822757785,
        "st_rred": 0.0002336193411337506
    },
    "RockWater_1920x1080_30fps_av1.mkv": {
        "psnr": 41.10066666666667,
        "ssim": 0.9810066666666667,
        "vmaf": 99.96423363333334,
        "fvd": 12.483165771325503,