{
    "BallUnderWater_1920x1080_60fps_hevc.mp4": {
        "psnr": 46.9684,
        "ssim": 0.9847066666666666,
        "vmaf": 99.20713346000001,
        "fvd": 6.01164543497805
    },
    "Bookcase_1920x1080_60fps_hevc.mp4": {
        "psnr": 44.46406666666667,
        "ssim": 0.9848300000000001,
        "vmaf": 99.97656359333332,
        "fvd": 1.4990962822589609
    },
    "Boxing_1920x1080_30fps_hevc.mp4": {
        "psnr": 43.39646666666667,
        "ssim": 0.9732933333333333,
        "vmaf": 99.96455918,
        "fvd": 7.887924114010275
    },
    "BricksLeaves_1920x1080_60fps_hevc.mp4": {
        "psnr": 35.900400000000005,
        "ssim": 0.9518166666666668,
        "vmaf": 93.49304776333334,
        "fvd": 9.282408132744308
    },
    "BridgeRiver_1920x1080_30fps_hevc.mp4": {
        "psnr": 35.37866666666667,
        "ssim": 0.9486333333333332,
        "vmaf": 88.30018570666667,
        "fvd": 98.18832968315678
    },
    "BubblesPitcher_1920x1080_60fps_hevc.mp4": {
        "psnr": 44.18953333333334,
        "ssim": 0.9728666666666667,
        "vmaf": 87.32644352666667,
        "fvd": 35.789670444000876
    },
    "CalmingWater_1920x1080_60fps_hevc.mp4": {
        "psnr": 31.802233333333334,
        "ssim": 0.8051,
        "vmaf": 59.09134887333334,
        "fvd": 20.665049728935116
    },
    "CarpetCircleFast_1920x1080_60fps_hevc.mp4": {
        "psnr": 45.4504,
        "ssim": 0.9773466666666667,
        "vmaf": 91.98430716666667,
        "fvd": 1.2659783340675972
    },
    "CloudsZoom_1920x1080_60fps_hevc.mp4": {
        "psnr": 58.14713333333333,
        "ssim": 0.9985133333333333,
        "vmaf": 95.0675727,
        "fvd": 2.640261522821767
    },
    "DiverFishAndRock_1920x1080_30fps_hevc.mp4": {
        "psnr": 44.211866666666666,
        "ssim": 0.9814266666666667,
        "vmaf": 99.55126394,
        "fvd": 10.077124186171432
    },
    "Diver_1920x1080_30fps_hevc.mp4": {
        "psnr": 47.285466666666665,
        "ssim": 0.98332,
        "vmaf": 98.37207695333333,
        "fvd": 9.668186278194298
    },
    "FishAndRock_1920x1080_30fps_hevc.mp4": {
        "psnr": 42.7134,
        "ssim": 0.9759866666666667,
        "vmaf": 97.77760496666667,
        "fvd": 16.460696080008006
    },
    "Fountain_1920x1080_50fps_hevc.mp4": {
        "psnr": 35.13168,
        "ssim": 0.855484,
        "vmaf": 78.58691623200001,
        "fvd": 79.74286877074974
    },
    "Grass_1920x1080_60fps_hevc.mp4": {
        "psnr": 34.26943333333333,
        "ssim": 0.9339833333333333,
        "vmaf": 82.64803095,
        "fvd": 13.011394973625755
    },
    "Hamster_1920x1080_60fps_hevc.mp4": {
        "psnr": 45.764966666666666,
        "ssim": 0.9880266666666667,
        "vmaf": 99.66626125666667,
        "fvd": 3.080237493119512
    },
    "KineticFastPainting_1920x1080_60fps_hevc.mp4": {
        "psnr": 39.061299999999996,
        "ssim": 0.95356,
        "vmaf": 98.64189797666667,
        "fvd": 4.126119035040546
    },
    "Lightreef_1920x1080_30fps_hevc.mp4": {
        "psnr": 33.88806666666667,
        "ssim": 0.9122133333333333,
        "vmaf": 90.71033928,
        "fvd": 34.63118412217261
    },
    "MartialArts_1920x1080_60fps_hevc.mp4": {
        "psnr": 49.8904,
        "ssim": 0.9926533333333333,
        "vmaf": 97.56124316666667,
        "fvd": 5.921655271713348
    },
    "Music_1920x1080_30fps_hevc.mp4": {
        "psnr": 44.559599999999996,
        "ssim": 0.9756666666666667,
        "vmaf": 98.52846916666667,
        "fvd": 10.464250614341836
    },
    "PaintingTilting_1920x1080_60fps_hevc.mp4": {
        "psnr": 38.102266666666665,
        "ssim": 0.9743733333333334,
        "vmaf": 99.94622532333334,
        "fvd": 5.3304489005257665
    },
    "ParkPlay_1920x1080_50fps_hevc.mp4": {
        "psnr": 34.31668,
        "ssim": 0.879004,
        "vmaf": 88.977908544,
        "fvd": 25.359934096772122
    },
    "PlasmaAveragePan_1920x1080_60fps_hevc.mp4": {
        "psnr": 51.83923333333333,
        "ssim": 0.9969399999999999,
        "vmaf": 96.90578273999999,
        "fvd": 0.9212247387927448
    },
    "PlasmaSlowRandom_1920x1080_60fps_hevc.mp4": {
        "psnr": 64.50913333333334,
        "ssim": 0.9999699999999999,
        "vmaf": 97.52179507333334,
        "fvd": 0.4480849416050319
    },
    "RockWater_1920x1080_30fps_hevc.mp4": {
        "psnr": 38.787733333333335,
        "ssim": 0.9712000000000001,
        "vmaf": 99.50375862666667,
        "fvd": 19.11866873266149
    },
    "RockWave_1920x1080_30fps_hevc.mp4": {
        "psnr": 30.156,
        "ssim": 0.9059466666666667,
        "vmaf": 72.07851836666666,
        "fvd": 87.66245680355519
    },
    "Rowing_1920x1080_30fps_hevc.mp4": {
        "psnr": 33.86306666666667,
        "ssim": 0.9011466666666667,
        "vmaf": 74.72007942666667,
        "fvd": 80.61098610303452
    },
    "SmokeGuns_1920x1080_60fps_hevc.mp4": {
        "psnr": 43.55916666666667,
        "ssim": 0.9721266666666666,
        "vmaf": 93.01186860333334,
        "fvd": 15.693836422262962
    },
    "Surfers_1920x1080_30fps_hevc.mp4": {
        "psnr": 41.623666666666665,
        "ssim": 0.9729333333333333,
        "vmaf": 96.43256748666667,
        "fvd": 16.89377232276263
    },
    "Toys_1920x1080_30fps_hevc.mp4": {
        "psnr": 40.135733333333334,
        "ssim": 0.9699399999999999,
        "vmaf": 99.96099873333334,
        "fvd": 14.555612828188487
    },
    "TreeGrassFamily_1920x1080_30fps_hevc.mp4": {
        "psnr": 34.7196,
        "ssim": 0.9284266666666667,
        "vmaf": 81.31161154666667,
        "fvd": 71.59070442242086
    },
    "TreeTrunk_1920x1080_50fps_hevc.mp4": {
        "psnr": 36.22264,
        "ssim": 0.940404,
        "vmaf": 99.768077424,
        "fvd": 7.32983053375068
    },
    "Typing_1920x1080_60fps_hevc.mp4": {
        "psnr": 47.35863333333334,
        "ssim": 0.98859,
        "vmaf": 96.32842067,
        "fvd": 6.493604864521558
    }
}