{
    "BallUnderWater_1920x1080_60fps_hevc.mp4": {
        "psnr": 41.689366666666665,
        "ssim": 0.9717166666666667,
        "vmaf": 76.99393502333334,
        "fvd": 29.935774637297698,
        "st_rred": 0.8147306966938839,
        "movie_index": 0.5618318624819402,
        "tssim": 0.9520919464617502,
        "tpsnr": 35.87325309829967
    },
    "Bookcase_1920x1080_60fps_hevc.mp4": {
        "psnr": 39.4567,
        "ssim": 0.9616933333333333,
        "vmaf": 99.20222577,
        "fvd": 3.743406642527816,
        "st_rred": 0.4523499195062044,
        "movie_index": 1.9566675343840416,
        "tssim": 0.8944046591357874,
        "tpsnr": 28.176116726470234
    },
    "Boxing_1920x1080_30fps_hevc.mp4": {
        "psnr": 38.72273333333333,
        "ssim": 0.9480066666666667,
        "vmaf": 90.08223306666667,
        "fvd": 24.107529281743155,
        "st_rred": 2.5073696410138275,
        "movie_index": 1.0749597195410887,
        "tssim": 0.9180449491564057,
        "tpsnr": 31.01591661952486
    },
    "BricksLeaves_1920x1080_60fps_hevc.mp4": {
        "psnr": 27.779833333333336,
        "ssim": 0.8275066666666667,
        "vmaf": 57.540652546666664,
        "fvd": 70.20923227373925,
        "st_rred": 7.249921355198914,
        "movie_index": 3.4645186073106267,
        "tssim": 0.780754103389252,
        "tpsnr": 24.54762784134983
    },
    "BridgeRiver_1920x1080_30fps_hevc.mp4": {
        "psnr": 28.7302,
        "ssim": 0.86178,
        "vmaf": 53.545558973333335,
        "fvd": 596.8196615197346,
        "st_rred": 6.94212988463039,
        "movie_index": 1.2775287948198768,
        "tssim": 0.7849136434286921,
        "tpsnr": 25.32573876604938
    },
    "BubblesPitcher_1920x1080_60fps_hevc.mp4": {
        "psnr": 39.1614,
        "ssim": 0.94367,
        "vmaf": 57.024628973333336,
        "fvd": 215.53503341282521,
        "st_rred": 1.5403478371513586,
        "movie_index": 0.8695681110261176,
        "tssim": 0.915308274746052,
        "tpsnr": 34.49552568544114
    },
    "CalmingWater_1920x1080_60fps_hevc.mp4": {
        "psnr": 27.458266666666667,
        "ssim": 0.6768133333333334,
        "vmaf": 24.709309093333335,
        "fvd": 183.92444332229508,
        "st_rred": 5.701319373240878,
        "movie_index": 3.5275422468233266,
        "tssim": 0.548827797342995,
        "tpsnr": 23.368400509939544
    },
    "CarpetCircleFast_1920x1080_60fps_hevc.mp4": {
        "psnr": 41.8394,
        "ssim": 0.9535566666666667,
        "vmaf": 72.88839062666668,
        "fvd": 3.245485281127742,
        "st_rred": 1.0458808632835606,
        "movie_index": 2.641307477418794,
        "tssim": 0.9077685440242007,
        "tpsnr": 34.5795806706151
    },
    "CloudsZoom_1920x1080_60fps_hevc.mp4": {
        "psnr": 53.4796,
        "ssim": 0.9962866666666668,
        "vmaf": 90.97095432666666,
        "fvd": 3.907477277966043,
        "st_rred": 0.06341301829572499,
        "movie_index": 0.4046893559620532,
        "tssim": 0.9947341813764559,
        "tpsnr": 47.09183897700996
    },
    "DiverFishAndRock_1920x1080_30fps_hevc.mp4": {
        "psnr": 38.58526666666667,
        "ssim": 0.9549799999999999,
        "vmaf": 85.00063224666667,
        "fvd": 38.550081583718566,
        "st_rred": 1.8070743457756766,
        "movie_index": 3.3753472574605237,
        "tssim": 0.9367530996681634,
        "tpsnr": 34.37573220425804
    },
    "Diver_1920x1080_30fps_hevc.mp4": {
        "psnr": 44.56726666666667,
        "ssim": 0.97624,
        "vmaf": 91.70372741333334,
        "fvd": 25.231192626475604,
        "st_rred": 1.5534962704466686,
        "movie_index": 3.0878534223009275,
        "tssim": 0.9627124905987402,
        "tpsnr": 40.826908085970274
    },
    "FishAndRock_1920x1080_30fps_hevc.mp4": {
        "psnr": 38.19766666666666,
        "ssim": 0.94484,
        "vmaf": 82.4281874,
        "fvd": 61.46689418044775,
        "st_rred": 2.4502140049317127,
        "movie_index": 1.2143176060995,
        "tssim": 0.9319418596993989,
        "tpsnr": 35.99899545451939
    },
    "Fountain_1920x1080_50fps_hevc.mp4": {
        "psnr": 32.305,
        "ssim": 0.780888,
        "vmaf": 50.802193855999995,
        "fvd": 254.33205798045856,
        "st_rred": 10.286891149970252,
        "movie_index": 1.8288491866196015,
        "tssim": 0.7069162218936597,
        "tpsnr": 29.74337866603131
    },
    "Grass_1920x1080_60fps_hevc.mp4": {
        "psnr": 28.441033333333333,
        "ssim": 0.7786366666666666,
        "vmaf": 50.96177615333333,
        "fvd": 41.29651241724728,
        "st_rred": 8.433339033575564,
        "movie_index": 2.200312172327452,
        "tssim": 0.7996460331637697,
        "tpsnr": 26.37819749455787
    },
    "Hamster_1920x1080_60fps_hevc.mp4": {
        "psnr": 38.93366666666667,
        "ssim": 0.9635033333333333,
        "vmaf": 82.89588496333334,
        "fvd": 24.14873407357163,
        "st_rred": 0.5966436703986702,
        "movie_index": 1.195145806640287,
        "tssim": 0.9440164364214851,
        "tpsnr": 33.610458980037215
    },
    "KineticFastPainting_1920x1080_60fps_hevc.mp4": {
        "psnr": 30.897133333333333,
        "ssim": 0.8269766666666666,
        "vmaf": 48.84222801333333,
        "fvd": 51.378675365593864,
        "st_rred": 2.10935317818225,
        "movie_index": 4.741047342884102,
        "tssim": 0.6880463682826696,
        "tpsnr": 24.982546886074104
    },
    "Lightreef_1920x1080_30fps_hevc.mp4": {
        "psnr": 29.498133333333335,
        "ssim": 0.8182533333333333,
        "vmaf": 64.34248190666666,
        "fvd": 120.83729625122135,
        "st_rred": 7.437267664186145,
        "movie_index": 9.688451323133187,
        "tssim": 0.8086299530611106,
        "tpsnr": 27.829846490949592
    },
    "MartialArts_1920x1080_60fps_hevc.mp4": {
        "psnr": 45.6699,
        "ssim": 0.9847433333333333,
        "vmaf": 91.01000389,
        "fvd": 16.179611171964893,
        "st_rred": 0.6714996920999514,
        "movie_index": 0.7055735689491333,
        "tssim": 0.9768451733804207,
        "tpsnr": 41.11714028195792
    },
    "Music_1920x1080_30fps_hevc.mp4": {
        "psnr": 40.49926666666667,
        "ssim": 0.9563933333333333,
        "vmaf": 87.40536603999999,
        "fvd": 32.331027712560626,
        "st_rred": 1.7724143250096667,
        "movie_index": 8.424757539675939,
        "tssim": 0.9229783272070399,
        "tpsnr": 35.31543753451149
    },
    "PaintingTilting_1920x1080_60fps_hevc.mp4": {
        "psnr": 31.8269,
        "ssim": 0.9088833333333334,
        "vmaf": 92.86912150666667,
        "fvd": 25.983818772199754,
        "st_rred": 1.9175803423857047,
        "movie_index": 2.742441216714207,
        "tssim": 0.940391909397289,
        "tpsnr": 30.150783168830998
    },
    "ParkPlay_1920x1080_50fps_hevc.mp4": {
        "psnr": 29.53644,
        "ssim": 0.757884,
        "vmaf": 49.76097564,
        "fvd": 91.71167477560721,
        "st_rred": 11.732872638811411,
        "movie_index": 2.3351218087606163,
        "tssim": 0.7089648251549228,
        "tpsnr": 26.684011421050414
    },
    "PlasmaAveragePan_1920x1080_60fps_hevc.mp4": {
        "psnr": 43.22233333333334,
        "ssim": 0.9850166666666667,
        "vmaf": 77.62893868333335,
        "fvd": 10.194532593001583,
        "st_rred": 0.06953287263916419,
        "movie_index": 0.2242163047194481,
        "tssim": 0.9711967489051084,
        "tpsnr": 39.38678408466454
    },
    "PlasmaSlowRandom_1920x1080_60fps_hevc.mp4": {
        "psnr": 52.752633333333335,
        "ssim": 0.9973700000000001,
        "vmaf": 91.11207943333334,
        "fvd": 2.2109090977282335,
        "st_rred": 0.007890661451236625,
        "movie_index": 0.0390129777475145,
        "tssim": 0.9961160710778703,
        "tpsnr": 50.6997161150776
    },
    "RockWater_1920x1080_30fps_hevc.mp4": {
        "psnr": 31.820533333333334,
        "ssim": 0.9149800000000001,
        "vmaf": 67.69769541333334,