{
    "BallUnderWater_1920x1080_60fps_h264.mp4": {
        "psnr": 41.150400000000005,
        "ssim": 0.9714633333333332,
        "vmaf": 69.15426560666667,
        "fvd": 31.334958258237634,
        "st_rred": 1.3573134255173285,
        "movie_index": 1.1542262402565582,
        "tssim": 0.9482191658126674,
        "tpsnr": 35.17650204916862
    },
    "Bookcase_1920x1080_60fps_h264.mp4": {
        "psnr": 37.568799999999996,
        "ssim": 0.9551166666666666,
        "vmaf": 96.64815294666667,
        "fvd": 3.872669996166678,
        "st_rred": 0.972862669288574,
        "movie_index": 2.3649652707935576,
        "tssim": 0.8793619337337463,
        "tpsnr": 27.835141491331783
    },
    "Boxing_1920x1080_30fps_h264.mp4": {
        "psnr": 39.30813333333334,
        "ssim": 0.9563266666666665,
        "vmaf": 90.98744392,
        "fvd": 17.059172384895646,
        "st_rred": 2.9459505540624065,
        "movie_index": 2.1217670752698146,
        "tssim": 0.9252720377983484,
        "tpsnr": 31.612593542009392
    },
    "BricksLeaves_1920x1080_60fps_h264.mp4": {
        "psnr": 29.784433333333332,
        "ssim": 0.8810833333333333,
        "vmaf": 70.86835117666666,
        "fvd": 34.477211184827866,
        "st_rred": 5.93397724525639,
        "movie_index": 3.4922933255549657,
        "tssim": 0.8442614826594461,
        "tpsnr": 26.399135398226836
    },
    "BridgeRiver_1920x1080_30fps_h264.mp4": {
        "psnr": 29.750466666666664,
        "ssim": 0.8881199999999999,
        "vmaf": 63.43405330666667,
        "fvd": 209.47110653793533,
        "st_rred": 5.804718298516171,
        "movie_index": 1.78775242511058,
        "tssim": 0.8243289935198944,
        "tpsnr": 26.55336725631816
    },
    "BubblesPitcher_1920x1080_60fps_h264.mp4": {
        "psnr": 39.46106666666667,
        "ssim": 0.94807,
        "vmaf": 53.888131099999995,
        "fvd": 100.99710372789423,
        "st_rred": 2.209735791017641,
        "movie_index": 0.9158967579450197,
        "tssim": 0.9174475465879894,
        "tpsnr": 34.81425940472147
    },
    "CalmingWater_1920x1080_60fps_h264.mp4": {
        "psnr": 26.6889,
        "ssim": 0.67409,
        "vmaf": 19.22203148,
        "fvd": 184.37274747354786,
        "st_rred": 11.429457432471661,
        "movie_index": 5.614806528474176,
        "tssim": 0.5268045640422645,
        "tpsnr": 22.546403170429343
    },
    "CarpetCircleFast_1920x1080_60fps_h264.mp4": {
        "psnr": 39.87606666666667,
        "ssim": 0.9334366666666667,
        "vmaf": 55.608257146666666,
        "fvd": 8.588836660350665,
        "st_rred": 1.9127552705262403,
        "movie_index": 3.9965091034720177,
        "tssim": 0.8712390343490026,
        "tpsnr": 32.32632029096418
    },
    "CloudsZoom_1920x1080_60fps_h264.mp4": {
        "psnr": 55.39266666666666,
        "ssim": 0.9979,
        "vmaf": 90.07227191000001,
        "fvd": 0.9496044252209579,
        "st_rred": 0.1534682218226564,
        "movie_index": 0.11985773653614282,
        "tssim": 0.9963632096182542,
        "tpsnr": 53.23985370903908
    },
    "DiverFishAndRock_1920x1080_30fps_h264.mp4": {
        "psnr": 39.01533333333334,
        "ssim": 0.9618599999999999,
        "vmaf": 85.25213885333334,
        "fvd": 32.24135450223389,
        "st_rred": 2.0185727835777616,
        "movie_index": 3.14993900860716,
        "tssim": 0.9406279040858317,
        "tpsnr": 34.538454260602094
    },
    "Diver_1920x1080_30fps_h264.mp4": {
        "psnr": 44.68306666666667,
        "ssim": 0.9781199999999999,
        "vmaf": 90.25386109333334,
        "fvd": 35.93422184839483,
        "st_rred": 1.6752851689158863,
        "movie_index": 2.988538996885287,
        "tssim": 0.9639729340058297,
        "tpsnr": 40.83619006368138
    },
    "FishAndRock_1920x1080_30fps_h264.mp4": {
        "psnr": 38.388333333333335,
        "ssim": 0.9494466666666667,
        "vmaf": 83.06533152,
        "fvd": 48.06429035689666,
        "st_rred": 2.2922507838176998,
        "movie_index": 1.4031348869504545,
        "tssim": 0.9299266461543181,
        "tpsnr": 35.809168233167405
    },
    "Fountain_1920x1080_50fps_h264.mp4": {
        "psnr": 32.09548,
        "ssim": 0.779336,
        "vmaf": 44.92869732,
        "fvd": 262.0987850802055,
        "st_rred": 12.021514390788463,
        "movie_index": 2.733501881001944,
        "tssim": 0.6972602261023344,
        "tpsnr": 29.32963460899261
    },
    "Grass_1920x1080_60fps_h264.mp4": {
        "psnr": 29.427099999999996,
        "ssim": 0.8275899999999999,
        "vmaf": 59.58942719666667,
        "fvd": 18.891499446153905,
        "st_rred": 6.34590106070948,
        "movie_index": 1.9556065603442814,
        "tssim": 0.8218369345840645,
        "tpsnr": 27.18524837812851
    },
    "Hamster_1920x1080_60fps_h264.mp4": {
        "psnr": 39.76283333333333,
        "ssim": 0.9715466666666667,
        "vmaf": 84.26382350333333,
        "fvd": 13.803860190296518,
        "st_rred": 0.9462991837181036,
        "movie_index": 1.7535903383557214,
        "tssim": 0.9518275168214338,
        "tpsnr": 34.15851913885927
    },
    "KineticFastPainting_1920x1080_60fps_h264.mp4": {
        "psnr": 29.135900000000003,
        "ssim": 0.7953733333333333,
        "vmaf": 36.76226315666667,
        "fvd": 69.75664994352502,
        "st_rred": 6.282174841281208,
        "movie_index": 7.245787224642011,
        "tssim": 0.6462794171437759,
        "tpsnr": 23.904520966137532
    },
    "Lightreef_1920x1080_30fps_h264.mp4": {
        "psnr": 29.635,
        "ssim": 0.83538,
        "vmaf": 65.49018943333334,
        "fvd": 119.87852928952952,
        "st_rred": 7.037378944851817,
        "movie_index": 11.111905489391928,
        "tssim": 0.8068036862347929,
        "tpsnr": 27.590780194173725
    },
    "MartialArts_1920x1080_60fps_h264.mp4": {
        "psnr": 45.599333333333334,
        "ssim": 0.9866166666666667,
        "vmaf": 88.901057,
        "fvd": 12.187150637447075,
        "st_rred": 0.7349605201494693,
        "movie_index": 0.8739786545394057,
        "tssim": 0.9768535716060315,
        "tpsnr": 41.18417918482752
    },
    "Music_1920x1080_30fps_h264.mp4": {
        "psnr": 41.147733333333335,
        "ssim": 0.9624799999999999,
        "vmaf": 87.86557152666667,
        "fvd": 23.920590840431032,
        "st_rred": 2.105509754415582,
        "movie_index": 8.2436423330199,
        "tssim": 0.9310988077840061,
        "tpsnr": 35.67732640720854
    },
    "PaintingTilting_1920x1080_60fps_h264.mp4": {
        "psnr": 32.17033333333333,
        "ssim": 0.93583,
        "vmaf": 97.27190163666666,
        "fvd": 11.159871073389013,
        "st_rred": 2.414267718666565,
        "movie_index": 3.1705640983272554,
        "tssim": 0.9529523161975108,
        "tpsnr": 29.706028469430166
    },
    "ParkPlay_1920x1080_50fps_h264.mp4": {
        "psnr": 29.45968,
        "ssim": 0.7695919999999999,
        "vmaf": 47.466796404,
        "fvd": 82.02273001965705,
        "st_rred": 11.403013520207374,
        "movie_index": 2.205829438914257,
        "tssim": 0.6960502081381225,
        "tpsnr": 26.324158725968328
    },
    "PlasmaAveragePan_1920x1080_60fps_h264.mp4": {
        "psnr": 45.12596666666667,
        "ssim": 0.9907266666666668,
        "vmaf": 81.51928524333334,
        "fvd": 5.208458708550268,
        "st_rred": 0.16102021276984635,
        "movie_index": 0.20506878705527073,
        "tssim": 0.981109606119946,
        "tpsnr": 40.91856238834037
    },
    "PlasmaSlowRandom_1920x1080_60fps_h264.mp4": {
        "psnr": 55.21186666666667,
        "ssim": 0.9988666666666668,
        "vmaf": 92.37419921333333,
        "fvd": 0.617265515001094,
        "st_rred": 0.01662851661961351,
        "movie_index": 0.0327133502699061,
        "tssim": 0.9977695415608522,
        "tpsnr": 52.31654866961731
    },
    "RockWater_1920x1080_30fps_h264.mp4": {
        "psnr": 32.3168,
        "ssim": 0.92686,
        "vmaf": 70.64203566,