{
    "BallUnderWater_1920x1080_60fps_h264.mp4": {
        "psnr": 42.491733333333336,
        "ssim": 0.9754166666666667,
        "vmaf": 77.52416677,
        "fvd": 17.56158949465356
    },
    "Bookcase_1920x1080_60fps_h264.mp4": {
        "psnr": 39.16126666666666,
        "ssim": 0.9652333333333333,
        "vmaf": 99.41529315333334,
        "fvd": 3.9105730703522568
    },
    "Boxing_1920x1080_30fps_h264.mp4": {
        "psnr": 40.49413333333333,
        "ssim": 0.9624266666666667,
        "vmaf": 96.43919553333333,
        "fvd": 14.75171872113674
    },
    "BricksLeaves_1920x1080_60fps_h264.mp4": {
        "psnr": 31.39036666666667,
        "ssim": 0.9067233333333333,
        "vmaf": 78.51954318666667,
        "fvd": 19.605648407494982
    },
    "BridgeRiver_1920x1080_30fps_h264.mp4": {
        "psnr": 30.88446666666667,
        "ssim": 0.9066466666666667,
        "vmaf": 70.51403564,
        "fvd": 164.90030470211912
    },
    "BubblesPitcher_1920x1080_60fps_h264.mp4": {
        "psnr": 40.47083333333333,
        "ssim": 0.95467,
        "vmaf": 61.288225386666674,
        "fvd": 77.21138760336271
    },
    "CalmingWater_1920x1080_60fps_h264.mp4": {
        "psnr": 27.457466666666665,
        "ssim": 0.6973566666666666,
        "vmaf": 22.668455923333333,
        "fvd": 128.64056220460657
    },
    "CarpetCircleFast_1920x1080_60fps_h264.mp4": {
        "psnr": 40.951800000000006,
        "ssim": 0.9446199999999999,
        "vmaf": 64.64688190666666,
        "fvd": 6.32502190154824
    },
    "CloudsZoom_1920x1080_60fps_h264.mp4": {
        "psnr": 56.22006666666667,
        "ssim": 0.9980066666666666,
        "vmaf": 91.09997786666666,
        "fvd": 0.392489178854845
    },
    "DiverFishAndRock_1920x1080_30fps_h264.mp4": {
        "psnr": 40.373200000000004,
        "ssim": 0.9690333333333333,
        "vmaf": 90.68539566666666,
        "fvd": 23.086624527938056
    },
    "Diver_1920x1080_30fps_h264.mp4": {
        "psnr": 45.2762,
        "ssim": 0.9793933333333332,
        "vmaf": 92.55243352000001,
        "fvd": 25.1854725735584
    },
    "FishAndRock_1920x1080_30fps_h264.mp4": {
        "psnr": 39.53313333333333,
        "ssim": 0.9590466666666667,
        "vmaf": 88.51443794000001,
        "fvd": 28.987667221690344
    },
    "Fountain_1920x1080_50fps_h264.mp4": {
        "psnr": 32.7582,
        "ssim": 0.79576,
        "vmaf": 51.062620779999996,
        "fvd": 209.80287358426358
    },
    "Grass_1920x1080_60fps_h264.mp4": {
        "psnr": 30.586866666666666,
        "ssim": 0.8615033333333334,
        "vmaf": 66.93349227333333,
        "fvd": 18.39948363223527
    },
    "Hamster_1920x1080_60fps_h264.mp4": {
        "psnr": 41.2271,
        "ssim": 0.9770799999999998,
        "vmaf": 89.82252734666667,
        "fvd": 10.561118181274423
    },
    "KineticFastPainting_1920x1080_60fps_h264.mp4": {
        "psnr": 31.342699999999997,
        "ssim": 0.8481266666666666,
        "vmaf": 48.27176478333333,
        "fvd": 27.781103244096357
    },
    "Lightreef_1920x1080_30fps_h264.mp4": {
        "psnr": 30.7028,
        "ssim": 0.8603133333333333,
        "vmaf": 73.23814429333333,
        "fvd": 75.24251144797017
    },
    "MartialArts_1920x1080_60fps_h264.mp4": {
        "psnr": 46.647166666666664,
        "ssim": 0.9888233333333333,
        "vmaf": 91.35162205333333,
        "fvd": 7.315541092135049
    },
    "Music_1920x1080_30fps_h264.mp4": {
        "psnr": 42.1202,
        "ssim": 0.9671266666666666,
        "vmaf": 92.11039472,
        "fvd": 18.130455446576434
    },
    "PaintingTilting_1920x1080_60fps_h264.mp4": {
        "psnr": 33.66056666666667,
        "ssim": 0.9490433333333332,
        "vmaf": 99.58748562666666,
        "fvd": 10.426435685848219
    },
    "ParkPlay_1920x1080_50fps_h264.mp4": {
        "psnr": 30.61416,
        "ssim": 0.804024,
        "vmaf": 59.0754266,
        "fvd": 56.67230997005663
    },
    "PlasmaAveragePan_1920x1080_60fps_h264.mp4": {
        "psnr": 46.6587,
        "ssim": 0.9928799999999999,
        "vmaf": 86.96791443,
        "fvd": 2.419422012126745
    },
    "PlasmaSlowRandom_1920x1080_60fps_h264.mp4": {
        "psnr": 57.1656,
        "ssim": 0.9990366666666667,
        "vmaf": 94.30169125666667,
        "fvd": 0.36571990681244415
    },
    "RockWater_1920x1080_30fps_h264.mp4": {
        "psnr": 33.79193333333333,
        "ssim": 0.9422133333333332,
        "vmaf": 79.51630458,
        "fvd": 53.79057887534236
    },
    "RockWave_1920x1080_30fps_h264.mp4": {
        "psnr": 26.0432,
        "ssim": 0.8283266666666667,
        "vmaf": 42.060680139999995,
        "fvd": 158.84367063678258
    },
    "Rowing_1920x1080_30fps_h264.mp4": {
        "psnr": 29.697533333333332,
        "ssim": 0.83948,
        "vmaf": 39.24551566666666,
        "fvd": 233.4542742917697
    },
    "SmokeGuns_1920x1080_60fps_h264.mp4": {
        "psnr": 40.31293333333333,
        "ssim": 0.9552133333333332,
        "vmaf": 78.92424937,
        "fvd": 39.71372563491718
    },
    "Surfers_1920x1080_30fps_h264.mp4": {
        "psnr": 37.0876,
        "ssim": 0.9477,
        "vmaf": 78.44048381333333,
        "fvd": 88.7382294259454
    },
    "Toys_1920x1080_30fps_h264.mp4": {
        "psnr": 35.768,
        "ssim": 0.94336,
        "vmaf": 89.30141976,
        "fvd": 27.71870905738706
    },
    "TreeGrassFamily_1920x1080_30fps_h264.mp4": {
        "psnr": 31.024066666666666,
        "ssim": 0.8724266666666667,
        "vmaf": 60.19344876,
        "fvd": 117.37524578440383
    },
    "TreeTrunk_1920x1080_50fps_h264.mp4": {
        "psnr": 28.51724,
        "ssim": 0.788612,
        "vmaf": 65.289312208,
        "fvd": 53.8446807776686
    },
    "Typing_1920x1080_60fps_h264.mp4": {
        "psnr": 44.1779,
        "ssim": 0.9805133333333333,
        "vmaf": 90.84473262666667,
        "fvd": 16.76896379843791
    }
}