{
    "BasketballDrive_1920x1080_50_hevc.mp4": {
        "psnr": 36.78958,
        "ssim": 0.910744,
        "vmaf": 91.93420553,
        "tssim": 0.8961787394752305,
        "tpsnr": 34.03379279387021,
        "fvd": 21.64607016459354,
        "movie_index": 7.413268585541922,
        "st_rred": 5.83927779530125
    },
    "BQTerrace_1920x1080_60_hevc.mp4": {
        "psnr": 35.36371666666667,
        "ssim": 0.90303,
        "vmaf": 94.5502617,
        "tssim": 0.8975562224104157,
        "tpsnr": 34.03858728679472,
        "fvd": 59.583451301851255,
        "movie_index": 99.89806160231265,
        "st_rred": 8.041138167197282
    },
    "Cactus_1920x1080_50_hevc.mp4": {
        "psnr": 36.30254,
        "ssim": 0.904912,
        "vmaf": 89.684987534,
        "tssim": 0.9025002876920567,
        "tpsnr": 34.63143248166254,
        "fvd": 33.77225869292502,
        "movie_index": 43.068766626004944,
        "st_rred": 6.880234412892143
    },
    "Kimono_1920x1080_24_hevc.mp4": {
        "psnr": 41.298750000000005,
        "ssim": 0.9542625,
        "vmaf": 95.73914490416668,
        "tssim": 0.9524620225506887,
        "tpsnr": 39.572356890434996,
        "fvd": 11.886932344918478,
        "movie_index": 13.394068032846041,
        "st_rred": 3.247968809020511
    },
    "ParkScene_1920x1080_24_hevc.mp4": {
        "psnr": 38.57208333333333,
        "ssim": 0.9410541666666667,
        "vmaf": 93.12578775833335,
        "tssim": 0.9452491933350345,
        "tpsnr": 37.33304872073888,
        "fvd": 10.853259540334193,
        "movie_index": 9.215083785199221,
        "st_rred": 3.8078903635441677
    }
}