{
    "Bosphorus_1920x1080_120fps_420_8bit_YUV_hevc.mp4": {
        "psnr": 38.770716666666665,
        "ssim": 0.93899,
        "vmaf": 76.136249155,
        "tssim": 0.9240168426583557,
        "tpsnr": 36.7615407201802,
        "fvd": 59.09748914596025,
        "movie_index": 0.46931314878849834,
        "st_rred": 2.464941120953153
    },
    "HoneyBee_1920x1080_120fps_420_8bit_YUV_hevc.mp4": {
        "psnr": 41.764,
        "ssim": 0.9595299999999999,
        "vmaf": 89.61419892333333,
        "tssim": 0.9554006372059495,
        "tpsnr": 40.39644094858822,
        "fvd": 16.248382441135334,
        "movie_index": 0.35336712239083146,
        "st_rred": 3.9278456068219842
    },
    "Jockey_1920x1080_120fps_420_8bit_YUV_hevc.mp4": {
        "psnr": 38.2128,
        "ssim": 0.93059,
        "vmaf": 75.14457963833333,
        "tssim": 0.8973317185603114,
        "tpsnr": 32.07994227337718,
        "fvd": 20.147539466375974,
        "movie_index": 1.576476919382363,
        "st_rred": 2.7870924834375472
    },
    "ReadySteadyGo_1920x1080_120fps_420_8bit_YUV_hevc.mp4": {
        "psnr": 32.19043333333333,
        "ssim": 0.87481,
        "vmaf": 65.85823004000001,
        "tssim": 0.8338883087328164,
        "tpsnr": 27.934422064703174,
        "fvd": 122.974579747299,
        "movie_index": 1.4843967883336127,
        "st_rred": 3.150047633516742
    },
    "ShakeNDry_1920x1080_120fps_420_8bit_YUV_hevc.mp4": {
        "psnr": 35.388533333333335,
        "ssim": 0.8814166666666667,
        "vmaf": 61.43935283666667,
        "tssim": 0.8507945509884263,
        "tpsnr": 32.742752164502605,
        "fvd": 129.06803518022548,
        "movie_index": 0.8688908857495888,
        "st_rred": 4.800257842015824
    },
    "YachtRide_1920x1080_120fps_420_8bit_YUV_hevc.mp4": {
        "psnr": 32.11575,
        "ssim": 0.8606083333333333,
        "vmaf": 46.71131408666667,
        "tssim": 0.8146782119252077,
        "tpsnr": 29.500029664206785,
        "fvd": 215.62289594846334,
        "movie_index": 1.2943113702465974,
        "st_rred": 4.432652096137058
    },
    "Beauty_1920x1080_120fps_420_8bit_YUV_hevc.mp4": {
        "psnr": 37.751949999999994,
        "ssim": 0.8893866666666668,
        "vmaf": 67.09854078333333,
        "tssim": 0.8821435269219964,
        "tpsnr": 35.78719862554229,
        "fvd": 77.8037837569695,
        "movie_index": 2.164851336924978,
        "st_rred": 7.467649689498252
    }
}