{
    "BallUnderWater_1920x1080_60fps_av1.mkv": {
        "psnr": 44.41546666666667,
        "ssim": 0.9810199999999999,
        "vmaf": 86.88809652666667,
        "fvd": 27.949623817076827,
        "st_rred": 0.9670403419814164,
        "movie_index": 0.5776166001390852,
        "tssim": 0.9603809842459796,
        "tpsnr": 36.17768276176325
    },
    "Bookcase_1920x1080_60fps_av1.mkv": {
        "psnr": 42.6443,
        "ssim": 0.9799566666666666,
        "vmaf": 99.97356407333332,
        "fvd": 1.7397817898988706,
        "st_rred": 0.4264638721256162,
        "movie_index": 1.886024091953418,
        "tssim": 0.913039660633395,
        "tpsnr": 27.943119808184264
    },
    "Boxing_1920x1080_30fps_av1.mkv": {
        "psnr": 41.46673333333334,
        "ssim": 0.9682133333333334,
        "vmaf": 98.17718176,
        "fvd": 19.986358225566164,
        "st_rred": 3.1143397963877852,
        "movie_index": 1.111980987275207,
        "tssim": 0.93650746628843,
        "tpsnr": 31.410704555127445
    },
    "BricksLeaves_1920x1080_60fps_av1.mkv": {
        "psnr": 33.1539,
        "ssim": 0.9299666666666667,
        "vmaf": 81.23184436,
        "fvd": 59.161514961756296,
        "st_rred": 4.583519521486657,
        "movie_index": 2.8506643402835596,
        "tssim": 0.9122633899853025,
        "tpsnr": 29.430507162342902
    },
    "BridgeRiver_1920x1080_30fps_av1.mkv": {
        "psnr": 31.034200000000002,
        "ssim": 0.9120866666666668,
        "vmaf": 68.88392851333333,
        "fvd": 413.2228982008253,
        "st_rred": 7.718586022600945,
        "movie_index": 1.7180247128809858,
        "tssim": 0.8594886333951853,
        "tpsnr": 27.54909694594825
    },
    "BubblesPitcher_1920x1080_60fps_av1.mkv": {
        "psnr": 41.61536666666667,
        "ssim": 0.9620433333333334,
        "vmaf": 69.49630304,
        "fvd": 109.07623693511232,
        "st_rred": 1.6439474281663333,
        "movie_index": 0.7239659843299799,
        "tssim": 0.9352247706412594,
        "tpsnr": 36.41076110916393
    },
    "CalmingWater_1920x1080_60fps_av1.mkv": {
        "psnr": 29.173266666666667,
        "ssim": 0.73722,
        "vmaf": 28.549958566666664,
        "fvd": 81.13486272471113,
        "st_rred": 8.316841031479683,
        "movie_index": 3.706611964614894,
        "tssim": 0.6052273558655288,
        "tpsnr": 24.14322856277925
    },
    "CarpetCircleFast_1920x1080_60fps_av1.mkv": {
        "psnr": 43.69493333333333,
        "ssim": 0.9683166666666667,
        "vmaf": 78.73024785,
        "fvd": 3.3485374953424696,
        "st_rred": 1.2200453144784742,
        "movie_index": 3.0304486576629723,
        "tssim": 0.9174802691536036,
        "tpsnr": 34.05784986489593
    },
    "CloudsZoom_1920x1080_60fps_av1.mkv": {
        "psnr": 55.903866666666666,
        "ssim": 0.9979366666666666,
        "vmaf": 91.90548895333333,
        "fvd": 1.1786032373250261,
        "st_rred": 0.2210351122827119,
        "movie_index": 0.20199862881766065,
        "tssim": 0.9966200468030446,
        "tpsnr": 53.58811493940577
    },
    "DiverFishAndRock_1920x1080_30fps_av1.mkv": {
        "psnr": 41.53,
        "ssim": 0.9735733333333333,
        "vmaf": 93.62712784666667,
        "fvd": 36.491770672824714,
        "st_rred": 2.19479023639248,
        "movie_index": 3.5115927498812645,
        "tssim": 0.9580275702692241,
        "tpsnr": 36.62898308158721
    },
    "Diver_1920x1080_30fps_av1.mkv": {
        "psnr": 45.81486666666667,
        "ssim": 0.98148,
        "vmaf": 93.69819528,
        "fvd": 33.04804925431381,
        "st_rred": 2.1815411011682837,
        "movie_index": 3.0478960375157778,
        "tssim": 0.96800575280909,
        "tpsnr": 41.10524424610522
    },
    "FishAndRock_1920x1080_30fps_av1.mkv": {
        "psnr": 40.6106,
        "ssim": 0.9661133333333334,
        "vmaf": 91.20038229333333,
        "fvd": 27.513045287719024,
        "st_rred": 2.583814321470985,
        "movie_index": 1.245416971811112,
        "tssim": 0.95871707036448,
        "tpsnr": 38.559414447554005
    },
    "Fountain_1920x1080_50fps_av1.mkv": {
        "psnr": 34.023,
        "ssim": 0.827992,
        "vmaf": 60.913505356,
        "fvd": 284.72840837860576,
        "st_rred": 10.939943939709453,
        "movie_index": 2.0335492691601136,
        "tssim": 0.764581367793366,
        "tpsnr": 31.14639456875353
    },
    "Grass_1920x1080_60fps_av1.mkv": {
        "psnr": 32.99756666666667,
        "ssim": 0.9131433333333333,
        "vmaf": 76.16649045,
        "fvd": 53.25623432478022,
        "st_rred": 5.6055350795626175,
        "movie_index": 1.9017276334324011,
        "tssim": 0.9235588683157522,
        "tpsnr": 31.145050444331854
    },
    "Hamster_1920x1080_60fps_av1.mkv": {
        "psnr": 43.062333333333335,
        "ssim": 0.9826933333333333,
        "vmaf": 95.29419971666667,
        "fvd": 11.90445090349067,
        "st_rred": 0.5895425724207595,
        "movie_index": 0.7443371012956402,
        "tssim": 0.9646018831642481,
        "tpsnr": 35.608050496283184
    },
    "KineticFastPainting_1920x1080_60fps_av1.mkv": {
        "psnr": 34.322833333333335,
        "ssim": 0.8990500000000001,
        "vmaf": 68.75418333,
        "fvd": 26.63221183959942,
        "st_rred": 2.3037240472894034,
        "movie_index": 4.9673831403056115,
        "tssim": 0.7559142732320849,
        "tpsnr": 26.215047389767243
    },
    "Lightreef_1920x1080_30fps_av1.mkv": {
        "psnr": 31.846933333333332,
        "ssim": 0.8806266666666667,
        "vmaf": 78.08207103333334,
        "fvd": 78.90540502056638,
        "st_rred": 7.238175301564617,
        "movie_index": 9.26756196474069,
        "tssim": 0.8730989231532824,
        "tpsnr": 30.328358093364127
    },
    "MartialArts_1920x1080_60fps_av1.mkv": {
        "psnr": 48.09246666666667,
        "ssim": 0.9916366666666666,
        "vmaf": 93.88117292333334,
        "fvd": 9.87681468835217,
        "st_rred": 0.6878172974451013,
        "movie_index": 0.567648395148408,
        "tssim": 0.9839821235260284,
        "tpsnr": 42.559680683557005
    },
    "Music_1920x1080_30fps_av1.mkv": {
        "psnr": 42.705,
        "ssim": 0.9708,
        "vmaf": 92.90477917333334,
        "fvd": 26.314612570423378,
        "st_rred": 2.257653404728366,
        "movie_index": 8.699563951075277,
        "tssim": 0.9406307916184666,
        "tpsnr": 35.78850134267103
    },
    "PaintingTilting_1920x1080_60fps_av1.mkv": {
        "psnr": 37.405766666666665,
        "ssim": 0.9699466666666666,
        "vmaf": 99.9766735,
        "fvd": 5.0174725574188415,
        "st_rred": 0.2700192893170055,
        "movie_index": 2.661024598080827,
        "tssim": 0.9876777564083431,
        "tpsnr": 36.26829462466033
    },
    "ParkPlay_1920x1080_50fps_av1.mkv": {
        "psnr": 31.84528,
        "ssim": 0.831776,
        "vmaf": 65.73651339199999,
        "fvd": 84.877816369833,
        "st_rred": 11.478420696226255,
        "movie_index": 2.5306674221672685,
        "tssim": 0.7874284664688771,
        "tpsnr": 28.041961509061146
    },
    "PlasmaAveragePan_1920x1080_60fps_av1.mkv": {
        "psnr": 47.10443333333333,
        "ssim": 0.9927333333333334,
        "vmaf": 88.62392437333334,
        "fvd": 4.740476515156288,
        "st_rred": 0.14148152002947034,
        "movie_index": 0.18893657157502844,
        "tssim": 0.9801847028419434,
        "tpsnr": 41.22661969494261
    },
    "PlasmaSlowRandom_1920x1080_60fps_av1.mkv": {
        "psnr": 55.92803333333333,
        "ssim": 0.9989199999999999,
        "vmaf": 93.53776768,
        "fvd": 0.5845194297679654,
        "st_rred": 0.027317610506386147,
        "movie_index": 0.03498157764314658,
        "tssim": 0.9973565346402493,
        "tpsnr": 52.06920613572749
    },
    "RockWater_1920x1080_30fps_av1.mkv": {
        "psnr": 35.4238,
        "ssim": 0.9519933333333334,
        "vmaf": 85.73005504666666,
        "fvd": 80.19864210839705,
        "st_rred": 2.590955832608337,