{
    "BasketballDrive_1920x1080_50_h264.mp4": {
        "psnr": 32.99586,
        "ssim": 0.86284,
        "vmaf": 63.254816312,
        "tssim": 0.8227355193398647,
        "tpsnr": 29.835852869526896,
        "fvd": 49.90248082907465,
        "movie_index": 6.69113375118118,
        "st_rred": 7.576258186678139
    },
    "BQTerrace_1920x1080_60_h264.mp4": {
        "psnr": 32.047450000000005,
        "ssim": 0.8626566666666665,
        "vmaf": 78.60391228333334,
        "tssim": 0.8423352733176037,
        "tpsnr": 30.26731673863177,
        "fvd": 105.27860528812744,
        "movie_index": 124.06613750059239,
        "st_rred": 9.446655045365606
    },
    "Cactus_1920x1080_50_h264.mp4": {
        "psnr": 33.24182,
        "ssim": 0.863022,
        "vmaf": 70.648089394,
        "tssim": 0.8352227056870576,
        "tpsnr": 30.900315829412733,
        "fvd": 56.92156053386327,
        "movie_index": 43.91819299742549,
        "st_rred": 7.947523356651573
    },
    "Kimono_1920x1080_24_h264.mp4": {
        "psnr": 37.955666666666666,
        "ssim": 0.9276375,
        "vmaf": 77.227213525,
        "tssim": 0.9059886194066409,
        "tpsnr": 35.1888847510685,
        "fvd": 25.782384497999374,
        "movie_index": 15.412261483434852,
        "st_rred": 3.933449882049773
    },
    "ParkScene_1920x1080_24_h264.mp4": {
        "psnr": 35.04116666666666,
        "ssim": 0.8980458333333333,
        "vmaf": 79.33879029583333,
        "tssim": 0.8868860666118572,
        "tpsnr": 33.128063616892284,
        "fvd": 25.860269670208254,
        "movie_index": 9.626204537547283,
        "st_rred": 4.687308400848764
    }
}