{
    "BasketballDrive_1920x1080_50_av1.mkv": {
        "psnr": 37.34346,
        "ssim": 0.9224880000000001,
        "vmaf": 91.699936518,
        "fvd": 24.899464440998372,
        "tssim": 0.8957411911641033,
        "tpsnr": 33.14542133201339,
        "movie_index": 6.7059493829946,
        "st_rred": 7.015779058394568
    },
    "BQTerrace_1920x1080_60_av1.mkv": {
        "psnr": 36.092616666666665,
        "ssim": 0.916075,
        "vmaf": 96.78833683166667,
        "fvd": 67.41854954975588,
        "tssim": 0.9080747646547351,
        "tpsnr": 34.72208870074188,
        "movie_index": 118.78381165023738,
        "st_rred": 9.045845419247811
    },
    "Cactus_1920x1080_50_av1.mkv": {
        "psnr": 37.06106,
        "ssim": 0.918802,
        "vmaf": 90.88822913999999,
        "fvd": 29.13504264026227,
        "tssim": 0.9116827060815995,
        "tpsnr": 34.925464064420346,
        "movie_index": 41.59833965628204,
        "st_rred": 7.603471533321272
    },
    "Kimono_1920x1080_24_av1.mkv": {
        "psnr": 41.17604166666667,
        "ssim": 0.9552916666666665,
        "vmaf": 93.43921979166666,
        "fvd": 16.29788143483779,
        "tssim": 0.9483721722925422,
        "tpsnr": 38.95471391717759,
        "movie_index": 14.070867383704524,
        "st_rred": 4.094609931390252
    },
    "ParkScene_1920x1080_24_av1.mkv": {
        "psnr": 38.738458333333334,
        "ssim": 0.9466083333333333,
        "vmaf": 93.000650225,
        "fvd": 17.320495551667136,
        "tssim": 0.9459783133341029,
        "tpsnr": 37.25523145029236,
        "movie_index": 9.284521150788503,
        "st_rred": 4.506347654887987
    }
}