{
    "BasketballDrive_1920x1080_50_h264.mp4": {
        "psnr": 35.00058,
        "ssim": 0.891772,
        "vmaf": 79.58881369,
        "tssim": 0.8654262491092981,
        "tpsnr": 32.08829428342158,
        "fvd": 28.748954756351168,
        "movie_index": 6.41320675772751,
        "st_rred": 6.475729555577203
    },
    "BQTerrace_1920x1080_60_h264.mp4": {
        "psnr": 33.713499999999996,
        "ssim": 0.8865216666666667,
        "vmaf": 87.85101004333333,
        "tssim": 0.8761674077323992,
        "tpsnr": 32.20200077878414,
        "fvd": 62.979079241241834,
        "movie_index": 123.02184965449054,
        "st_rred": 8.284472669244266
    },
    "Cactus_1920x1080_50_h264.mp4": {
        "psnr": 35.0344,
        "ssim": 0.892364,
        "vmaf": 82.798791678,
        "tssim": 0.8776189519343314,
        "tpsnr": 32.97960035977717,
        "fvd": 32.16868214648653,
        "movie_index": 43.43105671347263,
        "st_rred": 6.959592274290092
    },
    "Kimono_1920x1080_24_h264.mp4": {
        "psnr": 39.61245833333333,
        "ssim": 0.9433624999999999,
        "vmaf": 87.17431527916666,
        "tssim": 0.931836183249444,
        "tpsnr": 37.3044422740218,
        "fvd": 14.658381705571628,
        "movie_index": 15.220617680245363,
        "st_rred": 3.4309657269726515
    },
    "ParkScene_1920x1080_24_h264.mp4": {
        "psnr": 36.813125,
        "ssim": 0.9238708333333334,
        "vmaf": 87.6011468125,
        "tssim": 0.9218144804585919,
        "tpsnr": 35.24109991225239,
        "fvd": 16.312075382439275,
        "movie_index": 9.585836556479023,
        "st_rred": 3.7853819718864585
    }
}