{
    "BasketballDrive_1920x1080_50_av1.mkv": {
        "psnr": 39.22972,
        "ssim": 0.93912,
        "vmaf": 99.277156764,
        "fvd": 15.108044748177917,
        "tssim": 0.9207946346554755,
        "tpsnr": 35.45111711230689,
        "movie_index": 8.006970544496854,
        "st_rred": 6.223828016368387
    },
    "BQTerrace_1920x1080_60_av1.mkv": {
        "psnr": 37.022283333333334,
        "ssim": 0.9264966666666667,
        "vmaf": 97.85535627166666,
        "fvd": 44.597987050286974,
        "tssim": 0.91792641699169,
        "tpsnr": 35.628910918068605,
        "movie_index": 106.80438126199482,
        "st_rred": 8.282907271450682
    },
    "Cactus_1920x1080_50_av1.mkv": {
        "psnr": 38.6966,
        "ssim": 0.9345920000000001,
        "vmaf": 96.634780372,
        "fvd": 20.15508416372154,
        "tssim": 0.9330217453061129,
        "tpsnr": 37.08687803310478,
        "movie_index": 38.844759966364364,
        "st_rred": 6.744550389714611
    },
    "Kimono_1920x1080_24_av1.mkv": {
        "psnr": 42.92966666666667,
        "ssim": 0.9660333333333333,
        "vmaf": 98.50882602916666,
        "fvd": 10.381254333841298,
        "tssim": 0.9630081580880561,
        "tpsnr": 41.4250896565585,
        "movie_index": 13.464975596658855,
        "st_rred": 3.6158954115636632
    },
    "ParkScene_1920x1080_24_av1.mkv": {
        "psnr": 40.89179166666667,
        "ssim": 0.9618041666666667,
        "vmaf": 97.41305312916667,
        "fvd": 8.848891012242689,
        "tssim": 0.9628931157516945,
        "tpsnr": 39.84027648670404,
        "movie_index": 8.708106907871727,
        "st_rred": 3.545660629692046
    }
}