{
    "Beauty_1920x1080_120fps_420_8bit_YUV_av1.mkv": {
        "psnr": 38.34093333333333,
        "ssim": 0.8969733333333333,
        "vmaf": 65.75613789500001,
        "fvd": 93.02506038408478,
        "tssim": 0.8875038727958832,
        "tpsnr": 35.3435033916034,
        "movie_index": 2.2534008819193194,
        "st_rred": 8.135515886855107
    },
    "Bosphorus_1920x1080_120fps_420_8bit_YUV_av1.mkv": {
        "psnr": 40.02321666666667,
        "ssim": 0.9547316666666665,
        "vmaf": 78.00116007666666,
        "fvd": 103.32399774844816,
        "tssim": 0.936913298601322,
        "tpsnr": 37.72630181416048,
        "movie_index": 0.4424360033018959,
        "st_rred": 3.2280784046396986
    },
    "HoneyBee_1920x1080_120fps_420_8bit_YUV_av1.mkv": {
        "psnr": 42.70323333333333,
        "ssim": 0.9673016666666666,
        "vmaf": 91.87148584666667,
        "fvd": 20.092162487588894,
        "tssim": 0.9604282884317336,
        "tpsnr": 41.186325945718856,
        "movie_index": 0.3553783609368566,
        "st_rred": 4.159418092090856
    },
    "Jockey_1920x1080_120fps_420_8bit_YUV_av1.mkv": {
        "psnr": 39.1319,
        "ssim": 0.9454083333333333,
        "vmaf": 72.82413446333334,
        "fvd": 45.61228452234559,
        "tssim": 0.9069619833532422,
        "tpsnr": 31.490835498688813,
        "movie_index": 1.6755089050591092,
        "st_rred": 3.856051299295016
    },
    "ReadySteadyGo_1920x1080_120fps_420_8bit_YUV_av1.mkv": {
        "psnr": 32.90353333333333,
        "ssim": 0.8979816666666667,
        "vmaf": 68.67704078,
        "fvd": 116.65708691077816,
        "tssim": 0.8530207454776013,
        "tpsnr": 28.102508946133774,
        "movie_index": 1.6979586423214568,
        "st_rred": 4.271337268107921
    },
    "ShakeNDry_1920x1080_120fps_420_8bit_YUV_av1.mkv": {
        "psnr": 37.6233,
        "ssim": 0.9203733333333334,
        "vmaf": 70.92883602666666,
        "fvd": 154.96455099582795,
        "tssim": 0.8924106003865038,
        "tpsnr": 34.518436023622854,
        "movie_index": 0.9137493642078196,
        "st_rred": 5.433069981761479
    },
    "YachtRide_1920x1080_120fps_420_8bit_YUV_av1.mkv": {
        "psnr": 32.6792,
        "ssim": 0.8749100000000001,
        "vmaf": 47.33356882333334,
        "fvd": 380.5234491664205,
        "tssim": 0.8281110433828914,
        "tpsnr": 30.00814509829615,
        "movie_index": 1.5363752990712307,
        "st_rred": 6.482853946008372
    }
}