{
    "Beauty_1920x1080_120fps_420_8bit_YUV_av1.mkv": {
        "psnr": 39.88388333333334,
        "ssim": 0.9117633333333334,
        "vmaf": 87.80427671333334,
        "fvd": 55.05081333726196,
        "tssim": 0.9106774295519477,
        "tpsnr": 38.04135247104753,
        "movie_index": 2.0848946996244644,
        "st_rred": 7.530315069861485
    },
    "Bosphorus_1920x1080_120fps_420_8bit_YUV_av1.mkv": {
        "psnr": 44.92865,
        "ssim": 0.9814549999999999,
        "vmaf": 93.70074624833333,
        "fvd": 16.54931826392965,
        "tssim": 0.9747089269892277,
        "tpsnr": 42.87221338593701,
        "movie_index": 0.2779231087766426,
        "st_rred": 2.0018775910543196
    },
    "HoneyBee_1920x1080_120fps_420_8bit_YUV_av1.mkv": {
        "psnr": 44.18031666666666,
        "ssim": 0.9743983333333334,
        "vmaf": 94.74242522166668,
        "fvd": 16.51873679296574,
        "tssim": 0.9668231959642895,
        "tpsnr": 42.369974266905615,
        "movie_index": 0.35643294171270024,
        "st_rred": 3.919462949933812
    },
    "Jockey_1920x1080_120fps_420_8bit_YUV_av1.mkv": {
        "psnr": 43.60698333333333,
        "ssim": 0.96682,
        "vmaf": 96.006264575,
        "fvd": 8.889444824354314,
        "tssim": 0.9413417825706515,
        "tpsnr": 35.2302676377591,
        "movie_index": 1.2446629538112173,
        "st_rred": 3.0592064531044993
    },
    "ReadySteadyGo_1920x1080_120fps_420_8bit_YUV_av1.mkv": {
        "psnr": 41.398583333333335,
        "ssim": 0.9725716666666667,
        "vmaf": 99.74700786333334,
        "fvd": 7.517565183025454,
        "tssim": 0.9585290570960661,
        "tpsnr": 35.45132346622932,
        "movie_index": 0.8810523362932898,
        "st_rred": 1.9867218546015266
    },
    "ShakeNDry_1920x1080_120fps_420_8bit_YUV_av1.mkv": {
        "psnr": 41.26636666666666,
        "ssim": 0.9603100000000001,
        "vmaf": 87.71703519666667,
        "fvd": 30.93209195035206,
        "tssim": 0.9414444089681009,
        "tpsnr": 38.101488285638816,
        "movie_index": 0.7132380402407119,
        "st_rred": 3.696659462364691
    },
    "YachtRide_1920x1080_120fps_420_8bit_YUV_av1.mkv": {
        "psnr": 38.8145,
        "ssim": 0.9534666666666666,
        "vmaf": 84.25588590666666,
        "fvd": 48.5848006610654,
        "tssim": 0.934436862866594,
        "tpsnr": 36.03809584679707,
        "movie_index": 0.8681199483710258,
        "st_rred": 3.0463779298230254
    }
}