{
    "Beauty_1920x1080_120fps_420_8bit_YUV_h264.mp4": {
        "psnr": 33.21613333333333,
        "ssim": 0.8548033333333332,
        "vmaf": 24.331773235,
        "fvd": 559.3580060096951,
        "tssim": 0.8199889663867703,
        "tpsnr": 30.27306444298644,
        "movie_index": 2.822704161198589,
        "st_rred": 9.250730708344175
    },
    "Bosphorus_1920x1080_120fps_420_8bit_YUV_h264.mp4": {
        "psnr": 32.71313333333333,
        "ssim": 0.8625349999999999,
        "vmaf": 30.544612693333335,
        "tssim": 0.8025294382268173,
        "tpsnr": 29.91731681887415,
        "fvd": 462.36871302488044,
        "movie_index": 1.3792383434975486,
        "st_rred": 13.997938026378442
    },
    "HoneyBee_1920x1080_120fps_420_8bit_YUV_h264.mp4": {
        "psnr": 34.7859,
        "ssim": 0.8952116666666667,
        "vmaf": 44.74162869166666,
        "tssim": 0.8669774064899098,
        "tpsnr": 32.57599089340694,
        "fvd": 88.82651055365216,
        "movie_index": 0.7784304164088827,
        "st_rred": 29.818553717624496
    },
    "Jockey_1920x1080_120fps_420_8bit_YUV_h264.mp4": {
        "psnr": 27.995533333333334,
        "ssim": 0.8435566666666667,
        "vmaf": 19.454529691666668,
        "tssim": 0.7786138814151158,
        "tpsnr": 23.982810776699367,
        "fvd": 1473.167339188311,
        "movie_index": 3.5696329536143447,
        "st_rred": 17.52941190535605
    },
    "ReadySteadyGo_1920x1080_120fps_420_8bit_YUV_h264.mp4": {
        "psnr": 24.639483333333335,
        "ssim": 0.7294916666666666,
        "vmaf": 17.498430958333334,
        "tssim": 0.6277296296962415,
        "tpsnr": 20.940518003473297,
        "fvd": 1127.6624518162284,
        "movie_index": 4.668109996838243,
        "st_rred": 17.08875107817714
    },
    "ShakeNDry_1920x1080_120fps_420_8bit_YUV_h264.mp4": {
        "psnr": 30.355,
        "ssim": 0.7771833333333333,
        "vmaf": 20.339496256666667,
        "tssim": 0.6953475551456326,
        "tpsnr": 27.455542829124425,
        "fvd": 735.2626632436616,
        "movie_index": 1.586090496999763,
        "st_rred": 19.031301601486156
    },
    "YachtRide_1920x1080_120fps_420_8bit_YUV_h264.mp4": {
        "psnr": 27.759216666666664,
        "ssim": 0.7740250000000001,
        "vmaf": 15.782293888333333,
        "tssim": 0.6888312533017061,
        "tpsnr": 24.899793347850665,
        "fvd": 508.8100690892911,
        "movie_index": 2.6457918634597766,
        "st_rred": 13.295462164174598
    }
}