{
    "BasketballDrive_1920x1080_50_h264.mp4": {
        "psnr": 37.335800000000006,
        "ssim": 0.920162,
        "vmaf": 94.369592408,
        "tssim": 0.9069473285073285,
        "tpsnr": 34.92211167941351
    },
    "BQTerrace_1920x1080_60_h264.mp4": {
        "psnr": 28.10853333333333,
        "ssim": 0.7821066666666667,
        "vmaf": 48.042672095,
        "tssim": 0.7201674661913182,
        "tpsnr": 25.669613779287705
    },
    "Cactus_1920x1080_50_h264.mp4": {
        "psnr": 29.15172,
        "ssim": 0.7759320000000001,
        "vmaf": 37.715753364,
        "tssim": 0.7093381308026235,
        "tpsnr": 26.400548311894784
    },
    "Kimono_1920x1080_24_h264.mp4": {
        "psnr": 33.91695833333333,
        "ssim": 0.8734458333333334,
        "vmaf": 50.026527279166665,
        "tssim": 0.8170328183624341,
        "tpsnr": 30.583691217909298
    },
    "ParkScene_1920x1080_24_h264.mp4": {
        "psnr": 31.466875,
        "ssim": 0.8185958333333333,
        "vmaf": 51.45354475833334,
        "tssim": 0.7681609784268709,
        "tpsnr": 28.894943125577154
    },
    "BasketballDrive_1920x1080_50_hevc.mp4": {
        "psnr": 33.8031,
        "ssim": 0.869618,
        "vmaf": 71.897436948,
        "tssim": 0.8411118874628041,
        "tpsnr": 30.734032525806008
    },
    "BQTerrace_1920x1080_60_hevc.mp4": {
        "psnr": 32.538783333333335,
        "ssim": 0.8629533333333335,
        "vmaf": 80.75532931333333,
        "tssim": 0.8500121120619084,
        "tpsnr": 31.070855674043123
    },
    "Cactus_1920x1080_50_hevc.mp4": {
        "psnr": 31.97016,
        "ssim": 0.8299739999999999,
        "vmaf": 61.58718450200001,
        "tssim": 0.8030757239780877,
        "tpsnr": 29.824683886969495
    },
    "Kimono_1920x1080_24_hevc.mp4": {
        "psnr": 37.14275,
        "ssim": 0.9136166666666666,
        "vmaf": 75.49985897083334,
        "tssim": 0.8947113454518498,
        "tpsnr": 34.56520635213812
    },
    "ParkScene_1920x1080_24_hevc.mp4": {
        "psnr": 34.17395833333333,
        "ssim": 0.8763500000000001,
        "vmaf": 74.89273735,
        "tssim": 0.8700407901051792,
        "tpsnr": 32.434135460953335
    }
}