{
    "Beauty_1920x1080_120fps_420_8bit_YUV_h264.mp4": {
        "psnr": 34.833333333333336,
        "ssim": 0.8669749999999999,
        "vmaf": 34.970868960000004,
        "tssim": 0.8413105116432814,
        "tpsnr": 32.04073209555599,
        "fvd": 313.97206117520614
    },
    "Bosphorus_1920x1080_120fps_420_8bit_YUV_h264.mp4": {
        "psnr": 34.411116666666665,
        "ssim": 0.888085,
        "vmaf": 42.002407425,
        "tssim": 0.8378304209638979,
        "tpsnr": 31.618132688366313,
        "fvd": 462.36871302488044
    },
    "HoneyBee_1920x1080_120fps_420_8bit_YUV_h264.mp4": {
        "psnr": 36.577533333333335,
        "ssim": 0.9172049999999999,
        "vmaf": 58.90399445999999,
        "tssim": 0.8669774064899098,
        "tpsnr": 32.57599089340694,
        "fvd": 88.82651055365216
    },
    "Jockey_1920x1080_120fps_420_8bit_YUV_h264.mp4": {
        "psnr": 30.903483333333334,
        "ssim": 0.8729883333333334,
        "vmaf": 29.15453093833333,
        "tssim": 0.7786138814151158,
        "tpsnr": 23.982810776699367,
        "fvd": 1473.167339188311
    },
    "ReadySteadyGo_1920x1080_120fps_420_8bit_YUV_h264.mp4": {
        "psnr": 26.714616666666668,
        "ssim": 0.7724616666666666,
        "vmaf": 27.854015760000003,
        "tssim": 0.6277296296962415,
        "tpsnr": 20.940518003473297,
        "fvd": 1127.6624518162284
    },
    "ShakeNDry_1920x1080_120fps_420_8bit_YUV_h264.mp4": {
        "psnr": 32.157000000000004,
        "ssim": 0.8211,
        "vmaf": 32.43060881666667,
        "tssim": 0.6953475551456326,
        "tpsnr": 27.455542829124425,
        "fvd": 735.2626632436616
    },
    "YachtRide_1920x1080_120fps_420_8bit_YUV_h264.mp4": {
        "psnr": 28.85081666666667,
        "ssim": 0.797545,
        "vmaf": 22.619761935,
        "tssim": 0.688831253301706,
        "tpsnr": 24.899793347850665,
        "fvd": 508.8100690892911
    }
}