{
    "Beauty_1920x1080_120fps_420_8bit_YUV_vp9.webm": {
        "psnr": 36.7965,
        "ssim": 0.883725,
        "vmaf": 51.746102943333334,
        "tssim": 0.8689281374574651,
        "tpsnr": 34.176606440981956,
        "fvd": 124.69879563316658,
        "movie_index": 2.4952473499639605,
        "st_rred": 10.551105173311615
    },
    "Bosphorus_1920x1080_120fps_420_8bit_YUV_vp9.webm": {
        "psnr": 36.699216666666665,
        "ssim": 0.9157716666666667,
        "vmaf": 59.25645330333333,
        "tssim": 0.8835841461073269,
        "tpsnr": 34.23307053593045,
        "fvd": 131.50901383667997,
        "movie_index": 0.8396466022142783,
        "st_rred": 13.882802833560936
    },
    "HoneyBee_1920x1080_120fps_420_8bit_YUV_vp9.webm": {
        "psnr": 42.33283333333333,
        "ssim": 0.9643566666666668,
        "vmaf": 89.69158946499999,
        "tssim": 0.9563933098162426,
        "tpsnr": 40.759761179826896,
        "fvd": 14.349618596488313,
        "movie_index": 0.401202256522314,
        "st_rred": 30.676518073271044
    },
    "Jockey_1920x1080_120fps_420_8bit_YUV_vp9.webm": {
        "psnr": 36.50431666666667,
        "ssim": 0.9202316666666667,
        "vmaf": 58.41115459166667,
        "tssim": 0.8754629876785613,
        "tpsnr": 29.92103537812655,
        "fvd": 44.22640952351503,
        "movie_index": 2.2631334430586314,
        "st_rred": 23.796098788549116
    },
    "ReadySteadyGo_1920x1080_120fps_420_8bit_YUV_vp9.webm": {
        "psnr": 31.154233333333334,
        "ssim": 0.856055,
        "vmaf": 58.20161121833333,
        "tssim": 0.8021464394873795,
        "tpsnr": 26.861841071229147,
        "fvd": 94.99594464893562,
        "movie_index": 2.3320689770783325,
        "st_rred": 26.544623128476275
    },
    "ShakeNDry_1920x1080_120fps_420_8bit_YUV_vp9.webm": {
        "psnr": 34.0045,
        "ssim": 0.8591466666666667,
        "vmaf": 46.20091231,
        "tssim": 0.8170313181514949,
        "tpsnr": 31.26180780850924,
        "fvd": 163.24622489486,
        "movie_index": 1.9919643062462775,
        "st_rred": 20.77535763232175
    },
    "YachtRide_1920x1080_120fps_420_8bit_YUV_vp9.webm": {
        "psnr": 30.835683333333332,
        "ssim": 0.8356816666666667,
        "vmaf": 38.007265939999996,
        "tssim": 0.7731932513794492,
        "tpsnr": 27.9945069250957,
        "fvd": 310.86799259680015,
        "movie_index": 2.155089923256825,
        "st_rred": 15.368406061981682
    }
}