{
    "BallUnderWater_1920x1080_60fps_vp9.webm": {
        "psnr": 47.68873333333334,
        "ssim": 0.98709,
        "vmaf": 98.61304004
    },
    "Bookcase_1920x1080_60fps_vp9.webm": {
        "psnr": 44.79343333333333,
        "ssim": 0.9856066666666667,
        "vmaf": 99.98386788333333
    },
    "Boxing_1920x1080_30fps_vp9.webm": {
        "psnr": 43.91506666666667,
        "ssim": 0.9754933333333332,
        "vmaf": 99.96909332666667
    },
    "BricksLeaves_1920x1080_60fps_vp9.webm": {
        "psnr": 37.87346666666667,
        "ssim": 0.9658833333333333,
        "vmaf": 94.90216119666667
    },
    "BridgeRiver_1920x1080_30fps_vp9.webm": {
        "psnr": 35.37126666666666,
        "ssim": 0.9487066666666666,
        "vmaf": 86.44422718666668
    },
    "BubblesPitcher_1920x1080_60fps_vp9.webm": {
        "psnr": 45.67156666666666,
        "ssim": 0.9786600000000001,
        "vmaf": 88.47975563
    },
    "CalmingWater_1920x1080_60fps_vp9.webm": {
        "psnr": 33.1409,
        "ssim": 0.83784,
        "vmaf": 63.83018550333333
    },
    "CarpetCircleFast_1920x1080_60fps_vp9.webm": {
        "psnr": 45.82556666666667,
        "ssim": 0.9776766666666666,
        "vmaf": 91.73602646666666
    },
    "CloudsZoom_1920x1080_60fps_vp9.webm": {
        "psnr": 60.69076666666667,
        "ssim": 0.9989966666666668,
        "vmaf": 95.17713950666666
    },
    "DiverFishAndRock_1920x1080_30fps_vp9.webm": {
        "psnr": 44.7626,
        "ssim": 0.9836933333333333,
        "vmaf": 99.67523938
    },
    "Diver_1920x1080_30fps_vp9.webm": {
        "psnr": 47.907266666666665,
        "ssim": 0.9856733333333333,
        "vmaf": 98.30320393333332
    },
    "FishAndRock_1920x1080_30fps_vp9.webm": {
        "psnr": 43.315133333333335,
        "ssim": 0.9783000000000001,
        "vmaf": 98.26488077333333
    },
    "Fountain_1920x1080_50fps_vp9.webm": {
        "psnr": 35.91632,
        "ssim": 0.8714679999999999,
        "vmaf": 79.345618032
    },
    "Grass_1920x1080_60fps_vp9.webm": {
        "psnr": 35.71103333333333,
        "ssim": 0.9488366666666667,
        "vmaf": 85.11230531
    },
    "Hamster_1920x1080_60fps_vp9.webm": {
        "psnr": 46.300866666666664,
        "ssim": 0.9888766666666667,
        "vmaf": 99.80348512666666
    },
    "KineticFastPainting_1920x1080_60fps_vp9.webm": {
        "psnr": 39.59513333333334,
        "ssim": 0.9551466666666666,
        "vmaf": 98.54451933666667
    },
    "Lightreef_1920x1080_30fps_vp9.webm": {
        "psnr": 34.806666666666665,
        "ssim": 0.9212133333333334,
        "vmaf": 92.91791445333334
    },
    "MartialArts_1920x1080_60fps_vp9.webm": {
        "psnr": 51.1535,
        "ssim": 0.9943400000000001,
        "vmaf": 98.02059326
    },
    "Music_1920x1080_30fps_vp9.webm": {
        "psnr": 45.13053333333333,
        "ssim": 0.9780666666666668,
        "vmaf": 98.46280028666666
    },
    "PaintingTilting_1920x1080_60fps_vp9.webm": {
        "psnr": 38.07946666666667,
        "ssim": 0.9741599999999999,
        "vmaf": 99.98476992666667
    },
    "ParkPlay_1920x1080_50fps_vp9.webm": {
        "psnr": 35.158,
        "ssim": 0.894124,
        "vmaf": 92.174303324
    },
    "PlasmaAveragePan_1920x1080_60fps_vp9.webm": {
        "psnr": 51.8579,
        "ssim": 0.99697,
        "vmaf": 96.05819784
    },
    "PlasmaSlowRandom_1920x1080_60fps_vp9.webm": {
        "psnr": Infinity,
        "ssim": 0.9999733333333334,
        "vmaf": 97.44747530333333
    },
    "RockWater_1920x1080_30fps_vp9.webm": {
        "psnr": 39.265,
        "ssim": 0.9747799999999999,
        "vmaf": 98.96595772666666
    },
    "RockWave_1920x1080_30fps_vp9.webm": {
        "psnr": 30.7772,
        "ssim": 0.9076066666666666,
        "vmaf": 72.56637014
    },
    "Rowing_1920x1080_30fps_vp9.webm": {
        "psnr": 34.907333333333334,
        "ssim": 0.91396,
        "vmaf": 74.74547284
    },
    "SmokeGuns_1920x1080_60fps_vp9.webm": {
        "psnr": 43.87363333333333,
        "ssim": 0.97238,
        "vmaf": 92.46089989333333
    },
    "Surfers_1920x1080_30fps_vp9.webm": {
        "psnr": 41.665533333333336,
        "ssim": 0.9734866666666666,
        "vmaf": 95.10745326666667
    },
    "Toys_1920x1080_30fps_vp9.webm": {
        "psnr": 40.77646666666667,
        "ssim": 0.9721,
        "vmaf": 99.96905626666667
    },
    "TreeGrassFamily_1920x1080_30fps_vp9.webm": {
        "psnr": 34.71953333333334,
        "ssim": 0.92712,
        "vmaf": 78.06361192
    },
    "TreeTrunk_1920x1080_50fps_vp9.webm": {
        "psnr": 36.48968,
        "ssim": 0.945332,
        "vmaf": 99.976130152
    },
    "Typing_1920x1080_60fps_vp9.webm": {
        "psnr": 48.100366666666666,
        "ssim": 0.9901066666666666,
        "vmaf": 96.13477791666666
    }
}