{
    "Beauty_1920x1080_120fps_420_8bit_YUV_vp9.webm": {
        "psnr": 37.54593333333334,
        "ssim": 0.8893966666666667,
        "vmaf": 59.89196228833333,
        "tssim": 0.8777781736145513,
        "tpsnr": 35.11429852595512,
        "fvd": 80.66513360399199,
        "movie_index": 2.5073992696548744,
        "st_rred": 10.70470973192431
    },
    "Bosphorus_1920x1080_120fps_420_8bit_YUV_vp9.webm": {
        "psnr": 37.801383333333334,
        "ssim": 0.9290183333333334,
        "vmaf": 66.94115747833334,
        "tssim": 0.9025862599249427,
        "tpsnr": 35.40427888414896,
        "fvd": 82.4770434748508,
        "movie_index": 0.8396466022142783,
        "st_rred": 13.882802833560936
    },
    "HoneyBee_1920x1080_120fps_420_8bit_YUV_vp9.webm": {
        "psnr": 42.63418333333333,
        "ssim": 0.9661233333333333,
        "vmaf": 90.78797904,
        "tssim": 0.9580589595846909,
        "tpsnr": 41.03012200866597,
        "fvd": 12.126344327353138,
        "movie_index": 0.401202256522314,
        "st_rred": 30.676518073271044
    },
    "Jockey_1920x1080_120fps_420_8bit_YUV_vp9.webm": {
        "psnr": 37.957166666666666,
        "ssim": 0.9318083333333333,
        "vmaf": 69.23417481833333,
        "tssim": 0.8920247188224378,
        "tpsnr": 31.238708865463437,
        "fvd": 24.120645330593334,
        "movie_index": 2.2631334430586314,
        "st_rred": 23.796098788549116
    },
    "ReadySteadyGo_1920x1080_120fps_420_8bit_YUV_vp9.webm": {
        "psnr": 31.546866666666666,
        "ssim": 0.8632500000000001,
        "vmaf": 60.99517073166667,
        "tssim": 0.8116369427571873,
        "tpsnr": 27.22049374015184,
        "fvd": 84.19127682992121,
        "movie_index": 2.3320689770783325,
        "st_rred": 26.544623128476275
    },
    "ShakeNDry_1920x1080_120fps_420_8bit_YUV_vp9.webm": {
        "psnr": 35.038066666666666,
        "ssim": 0.8789033333333333,
        "vmaf": 54.52227265333334,
        "tssim": 0.8423927588501368,
        "tpsnr": 32.296543204266094,
        "fvd": 132.1311643189124,
        "movie_index": 1.9919643062462775,
        "st_rred": 20.77535763232175
    },
    "YachtRide_1920x1080_120fps_420_8bit_YUV_vp9.webm": {
        "psnr": 31.349249999999998,
        "ssim": 0.8455666666666666,
        "vmaf": 41.32948922,
        "tssim": 0.785882495634582,
        "tpsnr": 28.478259088200996,
        "fvd": 298.42763014826664,
        "movie_index": 2.155089923256825,
        "st_rred": 15.368406061981682
    }
}