{
    "Beauty_1920x1080_120fps_420_8bit_YUV_hevc.mp4": {
        "psnr": 39.53138333333334,
        "ssim": 0.9065500000000001,
        "vmaf": 87.88500355166667
    },
    "Bosphorus_1920x1080_120fps_420_8bit_YUV_hevc.mp4": {
        "psnr": 43.917566666666666,
        "ssim": 0.9754133333333332,
        "vmaf": 93.48074820666666
    },
    "HoneyBee_1920x1080_120fps_420_8bit_YUV_hevc.mp4": {
        "psnr": 43.46346666666666,
        "ssim": 0.9703266666666667,
        "vmaf": 94.04184139166667
    },
    "Jockey_1920x1080_120fps_420_8bit_YUV_hevc.mp4": {
        "psnr": 43.32986666666666,
        "ssim": 0.9640366666666668,
        "vmaf": 98.29581591
    },
    "ReadySteadyGo_1920x1080_120fps_420_8bit_YUV_hevc.mp4": {
        "psnr": 40.274166666666666,
        "ssim": 0.9644483333333334,
        "vmaf": 99.53069001166666
    },
    "ShakeNDry_1920x1080_120fps_420_8bit_YUV_hevc.mp4": {
        "psnr": 39.44083333333333,
        "ssim": 0.9390799999999999,
        "vmaf": 83.38064315
    },
    "YachtRide_1920x1080_120fps_420_8bit_YUV_hevc.mp4": {
        "psnr": 37.515433333333334,
        "ssim": 0.9387333333333333,
        "vmaf": 81.298692095
    }
}