{
    "Beauty_1920x1080_120fps_420_8bit_YUV_vp9.webm": {
        "psnr": 37.54593333333334,
        "ssim": 0.8893966666666667,
        "vmaf": 59.89196228833333,
        "tssim": 0.8777781736145516,
        "tpsnr": 35.11429852595512,
        "fvd": 80.66513360399199
    },
    "Bosphorus_1920x1080_120fps_420_8bit_YUV_vp9.webm": {
        "psnr": 37.801383333333334,
        "ssim": 0.9290183333333334,
        "vmaf": 66.94115747833334,
        "tssim": 0.883584146107327,
        "tpsnr": 34.23307053593045,
        "fvd": 131.50901383667997
    },
    "HoneyBee_1920x1080_120fps_420_8bit_YUV_vp9.webm": {
        "psnr": 42.63418333333333,
        "ssim": 0.9661233333333333,
        "vmaf": 90.78797904,
        "tssim": 0.9563933098162427,
        "tpsnr": 40.759761179826896,
        "fvd": 14.349618596488313
    },
    "Jockey_1920x1080_120fps_420_8bit_YUV_vp9.webm": {
        "psnr": 37.957166666666666,
        "ssim": 0.9318083333333333,
        "vmaf": 69.23417481833333,
        "tssim": 0.8754629876785613,
        "tpsnr": 29.92103537812655,
        "fvd": 44.22640952351503
    },
    "ReadySteadyGo_1920x1080_120fps_420_8bit_YUV_vp9.webm": {
        "psnr": 31.546866666666666,
        "ssim": 0.8632500000000001,
        "vmaf": 60.99517073166667,
        "tssim": 0.8021464394873794,
        "tpsnr": 26.861841071229147,
        "fvd": 94.99594464893562
    },
    "ShakeNDry_1920x1080_120fps_420_8bit_YUV_vp9.webm": {
        "psnr": 35.038066666666666,
        "ssim": 0.8789033333333333,
        "vmaf": 54.52227265333334,
        "tssim": 0.817031318151495,
        "tpsnr": 31.26180780850924,
        "fvd": 163.24622489486
    },
    "YachtRide_1920x1080_120fps_420_8bit_YUV_vp9.webm": {
        "psnr": 31.349249999999998,
        "ssim": 0.8455666666666666,
        "vmaf": 41.32948922,
        "tssim": 0.7731932513794492,
        "tpsnr": 27.9945069250957,
        "fvd": 310.86799259680015
    },
    "Beauty_1920x1080_120fps_420_8bit_YUV_h264.mp4": {},
    "Bosphorus_1920x1080_120fps_420_8bit_YUV_h264.mp4": {},
    "HoneyBee_1920x1080_120fps_420_8bit_YUV_h264.mp4": {},
    "Jockey_1920x1080_120fps_420_8bit_YUV_h264.mp4": {},
    "ReadySteadyGo_1920x1080_120fps_420_8bit_YUV_h264.mp4": {},
    "ShakeNDry_1920x1080_120fps_420_8bit_YUV_h264.mp4": {},
    "YachtRide_1920x1080_120fps_420_8bit_YUV_h264.mp4": {},
    "Beauty_1920x1080_120fps_420_8bit_YUV_hevc.mp4": {},
    "Bosphorus_1920x1080_120fps_420_8bit_YUV_hevc.mp4": {},
    "HoneyBee_1920x1080_120fps_420_8bit_YUV_hevc.mp4": {},
    "Jockey_1920x1080_120fps_420_8bit_YUV_hevc.mp4": {},
    "ReadySteadyGo_1920x1080_120fps_420_8bit_YUV_hevc.mp4": {},
    "ShakeNDry_1920x1080_120fps_420_8bit_YUV_hevc.mp4": {},
    "YachtRide_1920x1080_120fps_420_8bit_YUV_hevc.mp4": {}
}