{
    "BallUnderWater_1920x1080_60fps_vp9.webm": {
        "psnr": 41.62766666666666,
        "ssim": 0.9729599999999999,
        "vmaf": 72.77214347333333,
        "fvd": 35.81178728917587,
        "st_rred": 0.9561860325097733,
        "movie_index": 1.1310137250152321
    },
    "Bookcase_1920x1080_60fps_vp9.webm": {
        "psnr": 40.04956666666667,
        "ssim": 0.9672066666666665,
        "vmaf": 99.49177415,
        "fvd": 2.40351112693952,
        "st_rred": 0.4165474202739432,
        "movie_index": 2.2361771116487956
    },
    "Boxing_1920x1080_30fps_vp9.webm": {
        "psnr": 38.5568,
        "ssim": 0.9519799999999999,
        "vmaf": 85.76636263333334,
        "fvd": 35.56790552520215,
        "st_rred": 2.8736326470019584,
        "movie_index": 2.9482781100993187
    },
    "BricksLeaves_1920x1080_60fps_vp9.webm": {
        "psnr": 30.024099999999997,
        "ssim": 0.8801866666666666,
        "vmaf": 70.10827430333333,
        "fvd": 32.83545423590448,
        "st_rred": 4.5477112772814365,
        "movie_index": 4.583084408779407
    },
    "BridgeRiver_1920x1080_30fps_vp9.webm": {
        "psnr": 29.059733333333334,
        "ssim": 0.8793466666666666,
        "vmaf": 57.00944704666667,
        "fvd": 274.2296419588944,
        "st_rred": 7.385360463920996,
        "movie_index": 3.096809692430816
    },
    "BubblesPitcher_1920x1080_60fps_vp9.webm": {
        "psnr": 39.6616,
        "ssim": 0.9484533333333334,
        "vmaf": 56.32497907,
        "fvd": 155.27879732831752,
        "st_rred": 1.8904123213781894,
        "movie_index": 0.9012679195710548
    },
    "CalmingWater_1920x1080_60fps_vp9.webm": {
        "psnr": 29.1598,
        "ssim": 0.7338366666666666,
        "vmaf": 34.8350606,
        "fvd": 63.928642339328235,
        "st_rred": 6.094222928763319,
        "movie_index": 4.7373314840737795
    },
    "CarpetCircleFast_1920x1080_60fps_vp9.webm": {
        "psnr": 42.28516666666666,
        "ssim": 0.9563499999999999,
        "vmaf": 73.58762491333333,
        "fvd": 2.4126216607032234,
        "st_rred": 0.9734965312078483,
        "movie_index": 2.5473208296857153
    },
    "CloudsZoom_1920x1080_60fps_vp9.webm": {
        "psnr": 54.985533333333336,
        "ssim": 0.9974266666666667,
        "vmaf": 91.31275036333334,
        "fvd": 0.26648601921671045,
        "st_rred": 0.12458138179433842,
        "movie_index": 0.10624050493211949
    },
    "DiverFishAndRock_1920x1080_30fps_vp9.webm": {
        "psnr": 38.4234,
        "ssim": 0.9566466666666665,
        "vmaf": 80.6773917,
        "fvd": 42.82001760687399,
        "st_rred": 2.2530059145589956,
        "movie_index": 4.209733881806367
    },
    "Diver_1920x1080_30fps_vp9.webm": {
        "psnr": 44.65533333333333,
        "ssim": 0.9783133333333333,
        "vmaf": 89.30895078,
        "fvd": 29.64196352474937,
        "st_rred": 2.0651818483822177,
        "movie_index": 3.365593772381544
    },
    "FishAndRock_1920x1080_30fps_vp9.webm": {
        "psnr": 38.4642,
        "ssim": 0.9480866666666666,
        "vmaf": 80.21931523333333,
        "fvd": 69.06131078923022,
        "st_rred": 2.9623051806280554,
        "movie_index": 1.5453930931203317
    },
    "Fountain_1920x1080_50fps_vp9.webm": {
        "psnr": 32.488279999999996,
        "ssim": 0.785532,
        "vmaf": 48.348378235999995,
        "fvd": 309.26950312013605,
        "st_rred": 12.095432087640688,
        "movie_index": 2.636282251063121
    },
    "Grass_1920x1080_60fps_vp9.webm": {
        "psnr": 30.1945,
        "ssim": 0.8416766666666666,
        "vmaf": 61.01360882333333,
        "fvd": 12.178779274479993,
        "st_rred": 6.203856451664585,
        "movie_index": 1.922081621843437
    },
    "Hamster_1920x1080_60fps_vp9.webm": {
        "psnr": 39.003566666666664,
        "ssim": 0.9642566666666667,
        "vmaf": 83.57270272333334,
        "fvd": 21.45479110271276,
        "st_rred": 0.3876485005423618,
        "movie_index": 2.1235925754575824
    },
    "KineticFastPainting_1920x1080_60fps_vp9.webm": {
        "psnr": 31.207033333333335,
        "ssim": 0.8302633333333334,
        "vmaf": 53.776274009999995,
        "fvd": 53.15514697780549,
        "st_rred": 1.76037041914406,
        "movie_index": 5.689193731167643
    },
    "Lightreef_1920x1080_30fps_vp9.webm": {
        "psnr": 29.97286666666667,
        "ssim": 0.83238,
        "vmaf": 64.55208498666667,
        "fvd": 103.41479148985229,
        "st_rred": 8.083413631169385,
        "movie_index": 8.747681002288857
    },
    "MartialArts_1920x1080_60fps_vp9.webm": {
        "psnr": 45.410466666666665,
        "ssim": 0.9852733333333333,
        "vmaf": 89.29897335666668,
        "fvd": 15.378876673454897,
        "st_rred": 0.641741262896641,
        "movie_index": 1.0364066643958108
    },
    "Music_1920x1080_30fps_vp9.webm": {
        "psnr": 40.29266666666666,
        "ssim": 0.9571266666666666,
        "vmaf": 83.36984307333333,
        "fvd": 41.749566660575056,
        "st_rred": 2.1380257583996194,
        "movie_index": 9.57570747871127
    },
    "PaintingTilting_1920x1080_60fps_vp9.webm": {
        "psnr": 35.334466666666664,
        "ssim": 0.95467,
        "vmaf": 99.94342427666666,
        "fvd": 7.1729139473554255,
        "st_rred": 0.5244384609470814,
        "movie_index": 2.488220407431291
    },
    "ParkPlay_1920x1080_50fps_vp9.webm": {
        "psnr": 29.59768,
        "ssim": 0.7582920000000001,
        "vmaf": 49.232824056,
        "fvd": 130.16801822454863,
        "st_rred": 14.074824883438065,
        "movie_index": 3.400247329688934
    },
    "PlasmaAveragePan_1920x1080_60fps_vp9.webm": {
        "psnr": 42.01793333333333,
        "ssim": 0.9828633333333333,
        "vmaf": 69.2874776,
        "fvd": 19.00270074854896,
        "st_rred": 0.19373763284809042,
        "movie_index": 0.29096435065253523
    },
    "PlasmaSlowRandom_1920x1080_60fps_vp9.webm": {
        "psnr": 51.3324,
        "ssim": 0.9971300000000001,
        "vmaf": 85.94767884,
        "fvd": 2.735129635462698,
        "st_rred": 0.03563950410834482,
        "movie_index": 0.06158408537245415
    },
    "RockWater_1920x1080_30fps_vp9.webm": {
        "psnr": 32.284733333333335,
        "ssim": 0.9212800000000001,
        "vmaf": 67.56887152666667,
        "fvd": 120.2020438817076,
        "st_rred": 3.493480030061523,
        "movie_index": 4.9156356333886215
    },
    "RockWave_1920x1080_30fps_vp9.webm": {
        "psnr": 26.2576,
        "ssim": 0.8166800000000001,
        "vmaf": 40.21134537333333,
        "fvd": 175.318117236013,
        "st_rred": 11.153301548474744,
        "movie_index": 4.629348364652404
    },
    "Rowing_1920x1080_30fps_vp9.webm": {
        "psnr": 29.27713333333333,
        "ssim": 0.8249266666666667,
        "vmaf": 30.884699880000003,
        "fvd": 316.42176739285514,
        "st_rred": 9.80201034162075,
        "movie_index": 6.323493385474954
    },
    "SmokeGuns_1920x1080_60fps_vp9.webm": {
        "psnr": 39.089800000000004,
        "ssim": 0.94685,
        "vmaf": 71.80543158666666,
        "fvd": 39.91453820870845,
        "st_rred": 1.7789500074622886,
        "movie_index": 1.6238812030258785
    },
    "Surfers_1920x1080_30fps_vp9.webm": {
        "psnr": 35.0536,
        "ssim": 0.92334,
        "vmaf": 65.65185064666667,
        "fvd": 122.36958835575876,
        "st_rred": 3.3457712419646093,
        "movie_index": 4.185552230817359
    },
    "Toys_1920x1080_30fps_vp9.webm": {
        "psnr": 34.267,
        "ssim": 0.9219866666666667,
        "vmaf": 79.18544711333334,
        "fvd": 58.246505910112546,
        "st_rred": 3.2844265100239554,
        "movie_index": 1.9845068332732925
    },
    "TreeGrassFamily_1920x1080_30fps_vp9.webm": {
        "psnr": 29.2778,
        "ssim": 0.8324933333333333,
        "vmaf": 44.940206933333336,
        "fvd": 157.62985116458202,
        "st_rred": 6.837010009200565,
        "movie_index": 2.4673480754530672
    },