{
    "BallUnderWater_1920x1080_60fps_h264.mp4": {
        "psnr": 41.150400000000005,
        "ssim": 0.9714633333333332,
        "vmaf": 69.15426560666667,
        "fvd": 31.334958258237634
    },
    "Bookcase_1920x1080_60fps_h264.mp4": {
        "psnr": 37.568799999999996,
        "ssim": 0.9551166666666666,
        "vmaf": 96.64815294666667,
        "fvd": 3.872669996166678
    },
    "Boxing_1920x1080_30fps_h264.mp4": {
        "psnr": 39.30813333333334,
        "ssim": 0.9563266666666665,
        "vmaf": 90.98744392,
        "fvd": 17.059172384895646
    },
    "BricksLeaves_1920x1080_60fps_h264.mp4": {
        "psnr": 29.784433333333332,
        "ssim": 0.8810833333333333,
        "vmaf": 70.86835117666666,
        "fvd": 34.477211184827866
    },
    "BridgeRiver_1920x1080_30fps_h264.mp4": {
        "psnr": 29.750466666666664,
        "ssim": 0.8881199999999999,
        "vmaf": 63.43405330666667,
        "fvd": 209.47110653793533
    },
    "BubblesPitcher_1920x1080_60fps_h264.mp4": {
        "psnr": 39.46106666666667,
        "ssim": 0.94807,
        "vmaf": 53.888131099999995,
        "fvd": 100.99710372789423
    },
    "CalmingWater_1920x1080_60fps_h264.mp4": {
        "psnr": 26.6889,
        "ssim": 0.67409,
        "vmaf": 19.22203148,
        "fvd": 184.37274747354786
    },
    "CarpetCircleFast_1920x1080_60fps_h264.mp4": {
        "psnr": 39.87606666666667,
        "ssim": 0.9334366666666667,
        "vmaf": 55.608257146666666,
        "fvd": 8.588836660350665
    },
    "CloudsZoom_1920x1080_60fps_h264.mp4": {
        "psnr": 55.39266666666666,
        "ssim": 0.9979,
        "vmaf": 90.07227191000001,
        "fvd": 0.9496044252209579
    },
    "DiverFishAndRock_1920x1080_30fps_h264.mp4": {
        "psnr": 39.01533333333334,
        "ssim": 0.9618599999999999,
        "vmaf": 85.25213885333334,
        "fvd": 32.24135450223389
    },
    "Diver_1920x1080_30fps_h264.mp4": {
        "psnr": 44.68306666666667,
        "ssim": 0.9781199999999999,
        "vmaf": 90.25386109333334,
        "fvd": 35.93422184839483
    },
    "FishAndRock_1920x1080_30fps_h264.mp4": {
        "psnr": 38.388333333333335,
        "ssim": 0.9494466666666667,
        "vmaf": 83.06533152,
        "fvd": 48.06429035689666
    },
    "Fountain_1920x1080_50fps_h264.mp4": {
        "psnr": 32.09548,
        "ssim": 0.779336,
        "vmaf": 44.92869732,
        "fvd": 262.0987850802055
    },
    "Grass_1920x1080_60fps_h264.mp4": {
        "psnr": 29.427099999999996,
        "ssim": 0.8275899999999999,
        "vmaf": 59.58942719666667,
        "fvd": 18.891499446153905
    },
    "Hamster_1920x1080_60fps_h264.mp4": {
        "psnr": 39.76283333333333,
        "ssim": 0.9715466666666667,
        "vmaf": 84.26382350333333,
        "fvd": 13.803860190296518
    },
    "KineticFastPainting_1920x1080_60fps_h264.mp4": {
        "psnr": 29.135900000000003,
        "ssim": 0.7953733333333333,
        "vmaf": 36.76226315666667,
        "fvd": 69.75664994352502
    },
    "Lightreef_1920x1080_30fps_h264.mp4": {
        "psnr": 29.635,
        "ssim": 0.83538,
        "vmaf": 65.49018943333334,
        "fvd": 119.87852928952952
    },
    "MartialArts_1920x1080_60fps_h264.mp4": {
        "psnr": 45.599333333333334,
        "ssim": 0.9866166666666667,
        "vmaf": 88.901057,
        "fvd": 12.187150637447075
    },
    "Music_1920x1080_30fps_h264.mp4": {
        "psnr": 41.147733333333335,
        "ssim": 0.9624799999999999,
        "vmaf": 87.86557152666667,
        "fvd": 23.920590840431032
    },
    "PaintingTilting_1920x1080_60fps_h264.mp4": {
        "psnr": 32.17033333333333,
        "ssim": 0.93583,
        "vmaf": 97.27190163666666,
        "fvd": 11.159871073389013
    },
    "ParkPlay_1920x1080_50fps_h264.mp4": {
        "psnr": 29.45968,
        "ssim": 0.7695919999999999,
        "vmaf": 47.466796404,
        "fvd": 82.02273001965705
    },
    "PlasmaAveragePan_1920x1080_60fps_h264.mp4": {
        "psnr": 45.12596666666667,
        "ssim": 0.9907266666666668,
        "vmaf": 81.51928524333334,
        "fvd": 5.208458708550268
    },
    "PlasmaSlowRandom_1920x1080_60fps_h264.mp4": {
        "psnr": 55.21186666666667,
        "ssim": 0.9988666666666668,
        "vmaf": 92.37419921333333,
        "fvd": 0.617265515001094
    },
    "RockWater_1920x1080_30fps_h264.mp4": {
        "psnr": 32.3168,
        "ssim": 0.92686,
        "vmaf": 70.64203566,
        "fvd": 87.23474864405239
    },
    "RockWave_1920x1080_30fps_h264.mp4": {
        "psnr": 25.1542,
        "ssim": 0.8011133333333333,
        "vmaf": 33.99452998,
        "fvd": 225.78841225236215
    },
    "Rowing_1920x1080_30fps_h264.mp4": {
        "psnr": 28.66426666666667,
        "ssim": 0.8157533333333333,
        "vmaf": 29.18129800666667,
        "fvd": 278.4921055527416
    },
    "SmokeGuns_1920x1080_60fps_h264.mp4": {
        "psnr": 39.20793333333333,
        "ssim": 0.9476433333333334,
        "vmaf": 72.4587984,
        "fvd": 54.513804506551764
    },
    "Surfers_1920x1080_30fps_h264.mp4": {
        "psnr": 35.91393333333333,
        "ssim": 0.9364199999999999,
        "vmaf": 71.76680303333333,
        "fvd": 127.31194143402297
    },
    "Toys_1920x1080_30fps_h264.mp4": {
        "psnr": 34.384,
        "ssim": 0.9295733333333334,
        "vmaf": 81.86359919333333,
        "fvd": 47.665353515104016
    },
    "TreeGrassFamily_1920x1080_30fps_h264.mp4": {
        "psnr": 29.859666666666666,
        "ssim": 0.8441466666666667,
        "vmaf": 51.6259899,
        "fvd": 165.789387140725
    },
    "TreeTrunk_1920x1080_50fps_h264.mp4": {
        "psnr": 27.54348,
        "ssim": 0.7503920000000001,
        "vmaf": 55.737576212,
        "fvd": 62.5241873391538
    },
    "Typing_1920x1080_60fps_h264.mp4": {
        "psnr": 43.04496666666667,
        "ssim": 0.9762166666666667,
        "vmaf": 87.91964709,
        "fvd": 17.47851603378487
    }
}