{
    "BallUnderWater_1920x1080_60fps_av1.mkv": {
        "psnr": 42.37043333333333,
        "ssim": 0.97645,
        "vmaf": 74.69247987333334,
        "fvd": 42.03792773940518,
        "st_rred": 0.9750928041495488,
        "movie_index": 0.670949421997453,
        "tssim": 0.953497162384107,
        "tpsnr": 34.64591051822522
    },
    "Bookcase_1920x1080_60fps_av1.mkv": {
        "psnr": 40.38506666666667,
        "ssim": 0.9699500000000001,
        "vmaf": 99.92648541666667,
        "fvd": 3.684831615297071,
        "st_rred": 0.708067952588884,
        "movie_index": 2.292320642234091,
        "tssim": 0.8803221343149242,
        "tpsnr": 26.37415772377448
    },
    "Boxing_1920x1080_30fps_av1.mkv": {
        "psnr": 39.5006,
        "ssim": 0.9599866666666667,
        "vmaf": 90.31816144,
        "fvd": 36.984383368711406,
        "st_rred": 3.289560358321598,
        "movie_index": 1.5217268882981883,
        "tssim": 0.9223400146434154,
        "tpsnr": 29.85940179248784
    },
    "BricksLeaves_1920x1080_60fps_av1.mkv": {
        "psnr": 29.955466666666666,
        "ssim": 0.8960166666666667,
        "vmaf": 69.63358530333333,
        "fvd": 80.59657811552327,
        "st_rred": 6.355465920717371,
        "movie_index": 3.1783875749013495,
        "tssim": 0.8683346861687652,
        "tpsnr": 26.1777872895716
    },
    "BridgeRiver_1920x1080_30fps_av1.mkv": {
        "psnr": 28.41073333333333,
        "ssim": 0.8674866666666666,
        "vmaf": 53.472047546666666,
        "fvd": 1140.4505432750364,
        "st_rred": 10.81360143830095,
        "movie_index": 1.7806125367247818,
        "tssim": 0.7968828750774668,
        "tpsnr": 25.241936062806406
    },
    "BubblesPitcher_1920x1080_60fps_av1.mkv": {
        "psnr": 39.62536666666667,
        "ssim": 0.94919,
        "vmaf": 53.32961730333333,
        "fvd": 195.2679061340691,
        "st_rred": 2.2014962570493894,
        "movie_index": 0.9186776651374772,
        "tssim": 0.9200304592212128,
        "tpsnr": 34.73811397105954
    },
    "CalmingWater_1920x1080_60fps_av1.mkv": {
        "psnr": 27.665699999999998,
        "ssim": 0.6983066666666666,
        "vmaf": 17.75986977333333,
        "fvd": 203.85812993013468,
        "st_rred": 9.998286934521964,
        "movie_index": 4.01087196674634,
        "tssim": 0.5709281353116308,
        "tpsnr": 23.181482927456347
    },
    "CarpetCircleFast_1920x1080_60fps_av1.mkv": {
        "psnr": 42.228199999999994,
        "ssim": 0.95745,
        "vmaf": 68.80527561666668,
        "fvd": 6.678449877300068,
        "st_rred": 1.6421417820848312,
        "movie_index": 3.46632514575054,
        "tssim": 0.899054983815153,
        "tpsnr": 32.754505552974436
    },
    "CloudsZoom_1920x1080_60fps_av1.mkv": {
        "psnr": 54.97046666666667,
        "ssim": 0.9977533333333334,
        "vmaf": 90.9071452,
        "fvd": 0.7520175131463578,
        "st_rred": 0.23220167033759642,
        "movie_index": 0.2643221965445872,
        "tssim": 0.9960344895238542,
        "tpsnr": 52.73573678313291
    },
    "DiverFishAndRock_1920x1080_30fps_av1.mkv": {
        "psnr": 39.218466666666664,
        "ssim": 0.9625866666666667,
        "vmaf": 85.17022391333333,
        "fvd": 61.33026716956283,
        "st_rred": 2.5430168175784384,
        "movie_index": 3.590376701130963,
        "tssim": 0.9409784420121828,
        "tpsnr": 34.19022507635539
    },
    "Diver_1920x1080_30fps_av1.mkv": {
        "psnr": 44.6098,
        "ssim": 0.97894,
        "vmaf": 88.62290529333335,
        "fvd": 84.9892080848424,
        "st_rred": 2.305079380109511,
        "movie_index": 3.126251031588388,
        "tssim": 0.9625930819776299,
        "tpsnr": 39.77065809621107
    },
    "FishAndRock_1920x1080_30fps_av1.mkv": {
        "psnr": 38.421866666666666,
        "ssim": 0.9489466666666666,
        "vmaf": 81.80148272666666,
        "fvd": 61.99868604919902,
        "st_rred": 3.413031272569878,
        "movie_index": 1.3046393373468579,
        "tssim": 0.9328609730570548,
        "tpsnr": 36.04409861724649
    },
    "Fountain_1920x1080_50fps_av1.mkv": {
        "psnr": 32.94432,
        "ssim": 0.7984880000000001,
        "vmaf": 50.363452144,
        "fvd": 511.386670754816,
        "st_rred": 12.822156223257227,
        "movie_index": 2.2501601418816897,
        "tssim": 0.7342535846923421,
        "tpsnr": 30.321176191889137
    },
    "Grass_1920x1080_60fps_av1.mkv": {
        "psnr": 30.4519,
        "ssim": 0.8444733333333333,
        "vmaf": 63.92824746333333,
        "fvd": 100.36032282977985,
        "st_rred": 7.722333006379721,
        "movie_index": 1.9198702105187053,
        "tssim": 0.8636913743338616,
        "tpsnr": 28.535134484536673
    },
    "Hamster_1920x1080_60fps_av1.mkv": {
        "psnr": 40.49483333333333,
        "ssim": 0.9745533333333333,
        "vmaf": 88.00332913,
        "fvd": 30.603332350019286,
        "st_rred": 0.8192078250590118,
        "movie_index": 0.9232215547940404,
        "tssim": 0.9486133737618844,
        "tpsnr": 33.55237139188326
    },
    "KineticFastPainting_1920x1080_60fps_av1.mkv": {
        "psnr": 30.6575,
        "ssim": 0.8327833333333333,
        "vmaf": 42.91969511666667,
        "fvd": 57.0083512413764,
        "st_rred": 4.240714207616783,
        "movie_index": 7.265203367308231,
        "tssim": 0.6564536472172954,
        "tpsnr": 23.535492734366834
    },
    "Lightreef_1920x1080_30fps_av1.mkv": {
        "psnr": 29.90213333333333,
        "ssim": 0.8370466666666667,
        "vmaf": 64.46669406,
        "fvd": 198.07248033646397,
        "st_rred": 9.844484324724853,
        "movie_index": 9.457932186606746,
        "tssim": 0.8219766000373931,
        "tpsnr": 28.170646424261516
    },
    "MartialArts_1920x1080_60fps_av1.mkv": {
        "psnr": 46.43763333333334,
        "ssim": 0.9891533333333332,
        "vmaf": 90.06679604,
        "fvd": 18.477529229316588,
        "st_rred": 0.8311460101272079,
        "movie_index": 0.7297932774974749,
        "tssim": 0.9795192412726171,
        "tpsnr": 40.92186346660091
    },
    "Music_1920x1080_30fps_av1.mkv": {
        "psnr": 41.09793333333333,
        "ssim": 0.96436,
        "vmaf": 86.43357908666667,
        "fvd": 39.891429155909464,
        "st_rred": 2.42970221111422,
        "movie_index": 8.637947632237369,
        "tssim": 0.9284817450411373,
        "tpsnr": 34.48001869252864
    },
    "PaintingTilting_1920x1080_60fps_av1.mkv": {
        "psnr": 34.0903,
        "ssim": 0.9406300000000001,
        "vmaf": 99.94230411666666,
        "fvd": 9.248076675880043,
        "st_rred": 1.0099137857716585,
        "movie_index": 2.7999227428839957,
        "tssim": 0.972161508198198,
        "tpsnr": 32.821177970605554
    },
    "ParkPlay_1920x1080_50fps_av1.mkv": {
        "psnr": 29.57572,
        "ssim": 0.769832,
        "vmaf": 43.691436644,
        "fvd": 218.0884378607377,
        "st_rred": 14.78210338373556,
        "movie_index": 2.9491744276031433,
        "tssim": 0.7054697564147071,
        "tpsnr": 25.965559220218275
    },
    "PlasmaAveragePan_1920x1080_60fps_av1.mkv": {
        "psnr": 44.16113333333333,
        "ssim": 0.9879966666666666,
        "vmaf": 77.97603111333333,
        "fvd": 15.841834205770198,
        "st_rred": 0.23210768255510494,
        "movie_index": 0.2493086861801586,
        "tssim": 0.9690625874499469,
        "tpsnr": 38.82091059094687
    },
    "PlasmaSlowRandom_1920x1080_60fps_av1.mkv": {
        "psnr": 52.830799999999996,
        "ssim": 0.9979233333333334,
        "vmaf": 89.23837461333333,
        "fvd": 1.7858182711102302,
        "st_rred": 0.0438982753403836,
        "movie_index": 0.055803956023190035,
        "tssim": 0.9950118926744136,
        "tpsnr": 48.44711523151717
    },
    "RockWater_1920x1080_30fps_av1.mkv": {
        "psnr": 32.662866666666666,
        "ssim": 0.92836,
        "vmaf": 70.96171918,
        "fvd": 132.69044169086737,
        "st_rred": 3.927688698361159,