{
    "BallUnderWater_1920x1080_60fps_hevc.mp4": {
        "psnr": 47.705,
        "ssim": 0.9863666666666666,
        "vmaf": 99.78972533,
        "fvd": 5.023595451937808,
        "st_rred": 0.3875328062312473,
        "tssim": 0.9763106630666848,
        "tpsnr": 41.90801347458243,
        "movie_index": 0.3261894766851811
    },
    "Bookcase_1920x1080_60fps_hevc.mp4": {
        "psnr": 45.1652,
        "ssim": 0.9865566666666666,
        "vmaf": 99.98258231666667,
        "fvd": 1.1957428415335016,
        "st_rred": 0.05359753154160529,
        "tssim": 0.9630065024048315,
        "tpsnr": 33.313230112643545,
        "movie_index": 1.3242814063926205
    },
    "Boxing_1920x1080_30fps_hevc.mp4": {
        "psnr": 43.973,
        "ssim": 0.9755533333333333,
        "vmaf": 99.97250199333332,
        "fvd": 5.836999906826804,
        "st_rred": 1.9291616445024466,
        "tssim": 0.9627859161526338,
        "tpsnr": 37.04142574335905,
        "movie_index": 0.6204466173712839
    },
    "BricksLeaves_1920x1080_60fps_hevc.mp4": {
        "psnr": 37.9049,
        "ssim": 0.96685,
        "vmaf": 97.03653247333332,
        "fvd": 5.375019058048224,
        "st_rred": 2.3386580588307915,
        "tssim": 0.9682623024132367,
        "tpsnr": 34.80940259340216,
        "movie_index": 1.6829458187430797
    },
    "BridgeRiver_1920x1080_30fps_hevc.mp4": {
        "psnr": 37.436933333333336,
        "ssim": 0.9612266666666667,
        "vmaf": 94.17271138666666,
        "fvd": 62.55414874957978,
        "st_rred": 2.656385144921906,
        "tssim": 0.9456055457581032,
        "tpsnr": 34.43239142910746,
        "movie_index": 1.0089972159206466
    },
    "BubblesPitcher_1920x1080_60fps_hevc.mp4": {
        "psnr": 45.618566666666666,
        "ssim": 0.9790833333333334,
        "vmaf": 92.20861055333333,
        "fvd": 20.69929581729548,
        "st_rred": 0.42106166939567125,
        "tssim": 0.9672828120624799,
        "tpsnr": 40.088351399603496,
        "movie_index": 0.40718154389922034
    },
    "CalmingWater_1920x1080_60fps_hevc.mp4": {
        "psnr": 33.16456666666667,
        "ssim": 0.8428433333333334,
        "vmaf": 70.53780959,
        "fvd": 12.43599421728527,
        "st_rred": 2.173111188207084,
        "tssim": 0.7309620055357177,
        "tpsnr": 27.9104974740325,
        "movie_index": 2.138534202822873
    },
    "CarpetCircleFast_1920x1080_60fps_hevc.mp4": {
        "psnr": 46.05683333333333,
        "ssim": 0.9798733333333333,
        "vmaf": 93.97502343000001,
        "fvd": 1.0214551802990286,
        "st_rred": 0.3248911009628266,
        "tssim": 0.9562829169958302,
        "tpsnr": 39.07826829993206,
        "movie_index": 1.584953157897777
    },
    "CloudsZoom_1920x1080_60fps_hevc.mp4": {
        "psnr": 60.301966666666665,
        "ssim": 0.9989666666666667,
        "vmaf": 95.88030435333333,
        "fvd": 2.630482822149176,
        "st_rred": 0.059968607721898826,
        "tssim": 0.9977644961915068,
        "tpsnr": 47.705355704827454,
        "movie_index": 0.08722606795079957
    },
    "DiverFishAndRock_1920x1080_30fps_hevc.mp4": {
        "psnr": 45.00873333333334,
        "ssim": 0.9835133333333332,
        "vmaf": 99.84915360000001,
        "fvd": 6.97475298765994,
        "st_rred": 1.2308943527408367,
        "tssim": 0.9787892748590523,
        "tpsnr": 41.65929000649676,
        "movie_index": 3.128163691485088
    },
    "Diver_1920x1080_30fps_hevc.mp4": {
        "psnr": 47.74693333333333,
        "ssim": 0.9845933333333333,
        "vmaf": 98.72967872,
        "fvd": 8.656037616654885,
        "st_rred": 1.1522915510985445,
        "tssim": 0.9773102422156821,
        "tpsnr": 44.871031434744,
        "movie_index": 2.9475864707023507
    },
    "FishAndRock_1920x1080_30fps_hevc.mp4": {
        "psnr": 43.385999999999996,
        "ssim": 0.9786133333333333,
        "vmaf": 98.77621645333333,
        "fvd": 14.642860270421465,
        "st_rred": 1.3446884426267722,
        "tssim": 0.9781716411960922,
        "tpsnr": 41.94395113951408,
        "movie_index": 1.2115416713308969
    },
    "Fountain_1920x1080_50fps_hevc.mp4": {
        "psnr": 35.934239999999996,
        "ssim": 0.874284,
        "vmaf": 84.387776804,
        "fvd": 54.719024547631534,
        "st_rred": 5.740834564941867,
        "tssim": 0.8253632235200682,
        "tpsnr": 33.21185374738701,
        "movie_index": 1.1276144519388436
    },
    "Grass_1920x1080_60fps_hevc.mp4": {
        "psnr": 35.654599999999995,
        "ssim": 0.9503466666666666,
        "vmaf": 86.50496132666667,
        "fvd": 14.17000846714707,
        "st_rred": 3.312650291169035,
        "tssim": 0.9638556946316361,
        "tpsnr": 34.007969514980765,
        "movie_index": 1.4119995315637077
    },
    "Hamster_1920x1080_60fps_hevc.mp4": {
        "psnr": 47.022999999999996,
        "ssim": 0.9904633333333334,
        "vmaf": 99.89872969666666,
        "fvd": 1.8645922575900613,
        "st_rred": 0.14347963354357063,
        "tssim": 0.9850597269434336,
        "tpsnr": 41.05421152401927,
        "movie_index": 0.5274408806277358
    },
    "KineticFastPainting_1920x1080_60fps_hevc.mp4": {
        "psnr": 41.10296666666667,
        "ssim": 0.96765,
        "vmaf": 99.92504381,
        "fvd": 2.410606362241481,
        "st_rred": 0.1233564367185025,
        "tssim": 0.9324283077676206,
        "tpsnr": 34.18077617504924,
        "movie_index": 1.3478945788731145
    },
    "Lightreef_1920x1080_30fps_hevc.mp4": {
        "psnr": 34.983333333333334,
        "ssim": 0.9272533333333333,
        "vmaf": 94.46691729333332,
        "fvd": 27.858304279758613,
        "st_rred": 2.9265222484170863,
        "tssim": 0.9275611334373652,
        "tpsnr": 33.787008823164356,
        "movie_index": 8.50002230323801
    },
    "MartialArts_1920x1080_60fps_hevc.mp4": {
        "psnr": 50.8983,
        "ssim": 0.9939,
        "vmaf": 98.11519667333334,
        "fvd": 5.039120047197798,
        "st_rred": 0.1413556474040698,
        "tssim": 0.990251584985295,
        "tpsnr": 45.473140869650955,
        "movie_index": 0.31073778052892176
    },
    "Music_1920x1080_30fps_hevc.mp4": {
        "psnr": 45.3742,
        "ssim": 0.9788333333333332,
        "vmaf": 99.29533355333334,
        "fvd": 7.234268784939559,
        "st_rred": 0.9127264042519396,
        "tssim": 0.9671030188740869,
        "tpsnr": 41.128897186893745,
        "movie_index": 8.39702731845963
    },
    "PaintingTilting_1920x1080_60fps_hevc.mp4": {
        "psnr": 38.72,
        "ssim": 0.9775766666666665,
        "vmaf": 99.96941275333333,
        "fvd": 4.162903873702476,
        "st_rred": 0.4874230481921842,
        "tssim": 0.9905734034443203,
        "tpsnr": 37.49461141477859,
        "movie_index": 1.475051552555633
    },
    "ParkPlay_1920x1080_50fps_hevc.mp4": {
        "psnr": 35.40284,
        "ssim": 0.8978,
        "vmaf": 94.16538958400001,
        "fvd": 18.83254073264061,
        "st_rred": 5.925173073094847,
        "tssim": 0.8888645795980478,
        "tpsnr": 32.45031157650622,
        "movie_index": 1.7560403843122314
    },
    "PlasmaAveragePan_1920x1080_60fps_hevc.mp4": {
        "psnr": 54.16856666666666,
        "ssim": 0.9982166666666665,
        "vmaf": 98.34991391333332,
        "fvd": 0.7319037333211327,
        "st_rred": 0.08387510749351446,
        "tssim": 0.9967613738345307,
        "tpsnr": 51.20816069382887,
        "movie_index": 0.06532173961974108
    },
    "PlasmaSlowRandom_1920x1080_60fps_hevc.mp4": {
        "psnr": 66.756,
        "ssim": 0.9999766666666666,
        "vmaf": 97.85688167,
        "fvd": 0.4433106108002107,
        "st_rred": 0.024241868374261788,
        "tssim": 0.9996544026497632,
        "tpsnr": 62.38384394821116,
        "movie_index": 0.012453138009476845
    },
    "RockWater_1920x1080_30fps_hevc.mp4": {
        "psnr": 40.288333333333334,
        "ssim": 0.9772866666666666,
        "vmaf": 99.96667502666668,