{
    "BallUnderWater_1920x1080_60fps_hevc.mp4": {
        "psnr": 45.27573333333333,
        "ssim": 0.9810966666666667,
        "vmaf": 94.58882066,
        "fvd": 9.507949512756,
        "st_rred": 0.6336748330124742,
        "movie_index": 0.4124911269764836,
        "tssim": 0.9669472709208952,
        "tpsnr": 39.012813759488004
    },
    "Bookcase_1920x1080_60fps_hevc.mp4": {
        "psnr": 42.9333,
        "ssim": 0.9797166666666667,
        "vmaf": 99.95810943333333,
        "fvd": 2.0067897340352374,
        "st_rred": 0.20797315423410367,
        "movie_index": 1.5064557253018669,
        "tssim": 0.9382698632543295,
        "tpsnr": 30.652614019387542
    },
    "Boxing_1920x1080_30fps_hevc.mp4": {
        "psnr": 42.09673333333333,
        "ssim": 0.9675866666666667,
        "vmaf": 99.76834788666667,
        "fvd": 10.480694854872581,
        "st_rred": 2.4414771061189846,
        "movie_index": 0.7593091418279098,
        "tssim": 0.9495396565556788,
        "tpsnr": 34.5192637475545
    },
    "BricksLeaves_1920x1080_60fps_hevc.mp4": {
        "psnr": 32.30616666666667,
        "ssim": 0.9117533333333334,
        "vmaf": 82.78465190666667,
        "fvd": 21.08813937599433,
        "st_rred": 4.490069896558062,
        "movie_index": 2.8504538304705087,
        "tssim": 0.9045766716329344,
        "tpsnr": 29.087770130323328
    },
    "BridgeRiver_1920x1080_30fps_hevc.mp4": {
        "psnr": 32.1536,
        "ssim": 0.9180533333333333,
        "vmaf": 74.69459294,
        "fvd": 204.55302129494052,
        "st_rred": 4.298640142056442,
        "movie_index": 1.196772227151282,
        "tssim": 0.8746757959790409,
        "tpsnr": 28.763163470581873
    },
    "BubblesPitcher_1920x1080_60fps_hevc.mp4": {
        "psnr": 41.97573333333333,
        "ssim": 0.9608,
        "vmaf": 76.42390542666666,
        "fvd": 105.7239082000483,
        "st_rred": 0.8323387329012517,
        "movie_index": 0.6285177432623595,
        "tssim": 0.9381255548369515,
        "tpsnr": 36.920504719915996
    },
    "CalmingWater_1920x1080_60fps_hevc.mp4": {
        "psnr": 29.8191,
        "ssim": 0.74699,
        "vmaf": 40.93483361333333,
        "fvd": 45.57645291193472,
        "st_rred": 4.451172518090139,
        "movie_index": 3.0591632939102658,
        "tssim": 0.6148306774543572,
        "tpsnr": 24.998999388321586
    },
    "CarpetCircleFast_1920x1080_60fps_hevc.mp4": {
        "psnr": 44.227833333333336,
        "ssim": 0.97113,
        "vmaf": 86.67350154666667,
        "fvd": 1.7652932562338606,
        "st_rred": 0.606376465952609,
        "movie_index": 2.0841455598639005,
        "tssim": 0.9380481745568185,
        "tpsnr": 36.8517521249012
    },
    "CloudsZoom_1920x1080_60fps_hevc.mp4": {
        "psnr": 55.5481,
        "ssim": 0.9974633333333333,
        "vmaf": 92.86720950333334,
        "fvd": 2.2200889648837467,
        "st_rred": 0.02501616825245656,
        "movie_index": 0.1820824019545471,
        "tssim": 0.9958366263126536,
        "tpsnr": 47.277181644503486
    },
    "DiverFishAndRock_1920x1080_30fps_hevc.mp4": {
        "psnr": 42.40913333333333,
        "ssim": 0.9751666666666667,
        "vmaf": 97.16080670000001,
        "fvd": 19.325941528549947,
        "st_rred": 1.4851607140021255,
        "movie_index": 3.222369786476929,
        "tssim": 0.9664139440788895,
        "tpsnr": 38.45806746514852
    },
    "Diver_1920x1080_30fps_hevc.mp4": {
        "psnr": 46.351,
        "ssim": 0.9808066666666667,
        "vmaf": 97.19125414666667,
        "fvd": 14.989955853595802,
        "st_rred": 1.413053105407795,
        "movie_index": 3.0227943404308903,
        "tssim": 0.971892293075297,
        "tpsnr": 43.06859941930579
    },
    "FishAndRock_1920x1080_30fps_hevc.mp4": {
        "psnr": 41.2426,
        "ssim": 0.9684333333333333,
        "vmaf": 94.38533788,
        "fvd": 19.777293617997884,
        "st_rred": 1.752215923673253,
        "movie_index": 1.1861391627048485,
        "tssim": 0.9654324119747059,
        "tpsnr": 39.43636790537994
    },
    "Fountain_1920x1080_50fps_hevc.mp4": {
        "psnr": 33.81596,
        "ssim": 0.821268,
        "vmaf": 67.129203116,
        "fvd": 118.35521486749485,
        "st_rred": 7.877987168101415,
        "movie_index": 1.5313688290406422,
        "tssim": 0.7533366982501575,
        "tpsnr": 31.095039467256232
    },
    "Grass_1920x1080_60fps_hevc.mp4": {
        "psnr": 31.74816666666667,
        "ssim": 0.8864633333333334,
        "vmaf": 72.77859376,
        "fvd": 17.215324519972814,
        "st_rred": 5.55653381980143,
        "movie_index": 1.9450484848391252,
        "tssim": 0.9095864236136922,
        "tpsnr": 29.93012659206837
    },
    "Hamster_1920x1080_60fps_hevc.mp4": {
        "psnr": 43.3619,
        "ssim": 0.9816699999999999,
        "vmaf": 97.021417,
        "fvd": 6.222551160796911,
        "st_rred": 0.371026754734574,
        "movie_index": 0.8448370166845545,
        "tssim": 0.9713092955571598,
        "tpsnr": 37.462317259415336
    },
    "KineticFastPainting_1920x1080_60fps_hevc.mp4": {
        "psnr": 35.56276666666667,
        "ssim": 0.9155466666666666,
        "vmaf": 81.09286479666666,
        "fvd": 8.29580748765187,
        "st_rred": 0.5402222251899325,
        "movie_index": 2.572726646693654,
        "tssim": 0.8271211654933479,
        "tpsnr": 28.87198167501086
    },
    "Lightreef_1920x1080_30fps_hevc.mp4": {
        "psnr": 32.1106,
        "ssim": 0.8803733333333335,
        "vmaf": 81.94682762666667,
        "fvd": 58.888652492473966,
        "st_rred": 4.749815376817676,
        "movie_index": 9.28446329460048,
        "tssim": 0.878438887506642,
        "tpsnr": 30.638195933911625
    },
    "MartialArts_1920x1080_60fps_hevc.mp4": {
        "psnr": 48.46853333333333,
        "ssim": 0.9904599999999999,
        "vmaf": 96.18740510666666,
        "fvd": 8.569380882649625,
        "st_rred": 0.3838347479853965,
        "movie_index": 0.6899978717832661,
        "tssim": 0.9854863488623742,
        "tpsnr": 43.56564050374621
    },
    "Music_1920x1080_30fps_hevc.mp4": {
        "psnr": 43.2636,
        "ssim": 0.9703466666666666,
        "vmaf": 96.45058287333333,
        "fvd": 12.605791868622418,
        "st_rred": 1.482922315652015,
        "movie_index": 8.539029071370027,
        "tssim": 0.9498069000362571,
        "tpsnr": 38.22398599202201
    },
    "PaintingTilting_1920x1080_60fps_hevc.mp4": {
        "psnr": 36.42646666666667,
        "ssim": 0.9621966666666666,
        "vmaf": 99.29471483333333,
        "fvd": 7.508510441994304,
        "st_rred": 0.8671036875318308,
        "movie_index": 2.4170891829021897,
        "tssim": 0.9810541162121245,
        "tpsnr": 35.04559050595083
    },
    "ParkPlay_1920x1080_50fps_hevc.mp4": {
        "psnr": 32.24472,
        "ssim": 0.83402,
        "vmaf": 75.173663464,
        "fvd": 43.55257067834532,
        "st_rred": 8.285980157683198,
        "movie_index": 1.9909999241311866,
        "tssim": 0.8119066695773396,
        "tpsnr": 29.41261609395345
    },
    "PlasmaAveragePan_1920x1080_60fps_hevc.mp4": {
        "psnr": 48.32573333333333,
        "ssim": 0.9939833333333333,
        "vmaf": 92.79506305,
        "fvd": 2.029624115187943,
        "st_rred": 0.030441595215791484,
        "movie_index": 0.13239165321366245,
        "tssim": 0.987992959258027,
        "tpsnr": 44.19742843219668
    },
    "PlasmaSlowRandom_1920x1080_60fps_hevc.mp4": {
        "psnr": 59.269533333333335,
        "ssim": 0.9993733333333333,
        "vmaf": 95.94300637,
        "fvd": 0.6477488724111424,
        "st_rred": 0.023507202957904982,
        "movie_index": 0.019290584673712585,
        "tssim": 0.9990390248387407,
        "tpsnr": 57.27421470310377
    },
    "RockWater_1920x1080_30fps_hevc.mp4": {
        "psnr": 36.01166666666666,
        "ssim": 0.95504,
        "vmaf": 91.71566078666666,
        "fvd": 41.872694206130745,
        "st_rred": 1.1634661408705504,