{
    "Bosphorus_1920x1080_120fps_420_8bit_YUV_hevc.mp4": {
        "psnr": 36.598933333333335,
        "ssim": 0.9149633333333335,
        "vmaf": 62.44561833833333
    },
    "HoneyBee_1920x1080_120fps_420_8bit_YUV_hevc.mp4": {
        "psnr": 39.65813333333333,
        "ssim": 0.9430683333333334,
        "vmaf": 81.17068372166668
    },
    "Jockey_1920x1080_120fps_420_8bit_YUV_hevc.mp4": {
        "psnr": 35.29383333333333,
        "ssim": 0.9093566666666667,
        "vmaf": 52.90863705666666
    },
    "ReadySteadyGo_1920x1080_120fps_420_8bit_YUV_hevc.mp4": {
        "psnr": 28.512516666666663,
        "ssim": 0.797255,
        "vmaf": 37.95367926
    },
    "ShakeNDry_1920x1080_120fps_420_8bit_YUV_hevc.mp4": {
        "psnr": 33.62273333333333,
        "ssim": 0.84816,
        "vmaf": 48.3220242
    },
    "YachtRide_1920x1080_120fps_420_8bit_YUV_hevc.mp4": {
        "psnr": 30.281200000000002,
        "ssim": 0.8248066666666667,
        "vmaf": 31.74665613666667
    },
    "Beauty_1920x1080_120fps_420_8bit_YUV_hevc.mp4": {
        "psnr": 39.39558333333333,
        "ssim": 0.90484,
        "vmaf": 86.40392615666666
    }
}