{
    "BallUnderWater_1920x1080_60fps_av1.mkv": {
        "psnr": 45.02186666666667,
        "ssim": 0.98222,
        "vmaf": 89.94837700666668,
        "fvd": 25.886911512600932,
        "st_rred": 0.9418524672003397,
        "movie_index": 0.5527090910685102,
        "tssim": 0.9624471086203017,
        "tpsnr": 36.663298265591116
    },
    "Bookcase_1920x1080_60fps_av1.mkv": {
        "psnr": 43.2044,
        "ssim": 0.9818466666666665,
        "vmaf": 99.97589965666666,
        "fvd": 1.6178589952062339,
        "st_rred": 0.36857081212925635,
        "movie_index": 1.7691714184041007,
        "tssim": 0.9212626864576896,
        "tpsnr": 28.54136829950339
    },
    "Boxing_1920x1080_30fps_av1.mkv": {
        "psnr": 41.9992,
        "ssim": 0.97012,
        "vmaf": 99.31771558666668,
        "fvd": 17.738479384724542,
        "st_rred": 3.0520940265349275,
        "movie_index": 1.0689918906896705,
        "tssim": 0.9405340139967199,
        "tpsnr": 31.96855999479358
    },
    "BricksLeaves_1920x1080_60fps_av1.mkv": {
        "psnr": 34.37416666666667,
        "ssim": 0.9462333333333334,
        "vmaf": 83.53191213,
        "fvd": 47.33950906776744,
        "st_rred": 3.846331664060248,
        "movie_index": 2.9605810510798243,
        "tssim": 0.9255208358972694,
        "tpsnr": 30.47039895073626
    },
    "BridgeRiver_1920x1080_30fps_av1.mkv": {
        "psnr": 31.784533333333336,
        "ssim": 0.92032,
        "vmaf": 72.72055983999999,
        "fvd": 373.9497471642667,
        "st_rred": 6.9459219377900006,
        "movie_index": 1.621723504474499,
        "tssim": 0.8724013172097113,
        "tpsnr": 28.27857462991804
    },
    "BubblesPitcher_1920x1080_60fps_av1.mkv": {
        "psnr": 42.393433333333334,
        "ssim": 0.9669466666666667,
        "vmaf": 75.31088744666667,
        "fvd": 82.8851407090824,
        "st_rred": 1.4431571305823079,
        "movie_index": 0.65141520451094,
        "tssim": 0.9424054861886227,
        "tpsnr": 37.16027638106841
    },
    "CalmingWater_1920x1080_60fps_av1.mkv": {
        "psnr": 29.891866666666665,
        "ssim": 0.75619,
        "vmaf": 33.417095610000004,
        "fvd": 59.83209025146397,
        "st_rred": 7.245672234286619,
        "movie_index": 3.5220631440746346,
        "tssim": 0.6228827847421624,
        "tpsnr": 24.639029678293692
    },
    "CarpetCircleFast_1920x1080_60fps_av1.mkv": {
        "psnr": 44.24516666666666,
        "ssim": 0.9715666666666666,
        "vmaf": 82.49050389,
        "fvd": 2.0295050568521447,
        "st_rred": 1.0380755291020662,
        "movie_index": 2.8471775941027446,
        "tssim": 0.9240580866694491,
        "tpsnr": 34.639451527675256
    },
    "CloudsZoom_1920x1080_60fps_av1.mkv": {
        "psnr": 56.26050000000001,
        "ssim": 0.9980266666666667,
        "vmaf": 92.14348687333334,
        "fvd": 0.3621599604124004,
        "st_rred": 0.20844517179177502,
        "movie_index": 0.19361311108820814,
        "tssim": 0.9967971425540022,
        "tpsnr": 53.912115766850604
    },
    "DiverFishAndRock_1920x1080_30fps_av1.mkv": {
        "psnr": 42.098733333333335,
        "ssim": 0.9757133333333333,
        "vmaf": 95.47023240666667,
        "fvd": 23.98887678428605,
        "st_rred": 2.103522539495124,
        "movie_index": 3.4593859204909947,
        "tssim": 0.9619102272353317,
        "tpsnr": 37.35294375323609
    },
    "Diver_1920x1080_30fps_av1.mkv": {
        "psnr": 46.16,
        "ssim": 0.9821066666666667,
        "vmaf": 94.99030909333334,
        "fvd": 25.076544198038846,
        "st_rred": 2.123202505774093,
        "movie_index": 3.017847426635707,
        "tssim": 0.9695514273149104,
        "tpsnr": 41.57094100337701
    },
    "FishAndRock_1920x1080_30fps_av1.mkv": {
        "psnr": 41.11686666666667,
        "ssim": 0.9692,
        "vmaf": 92.94317339333334,
        "fvd": 21.866524537819714,
        "st_rred": 2.426335329407987,
        "movie_index": 1.2018209362290049,
        "tssim": 0.963188955651603,
        "tpsnr": 39.16984593948262
    },
    "Fountain_1920x1080_50fps_av1.mkv": {
        "psnr": 34.343,
        "ssim": 0.835984,
        "vmaf": 64.203971948,
        "fvd": 268.29461574034303,
        "st_rred": 10.492844994422136,
        "movie_index": 1.8535875582312005,
        "tssim": 0.7721442539058996,
        "tpsnr": 31.37840300870229
    },
    "Grass_1920x1080_60fps_av1.mkv": {
        "psnr": 33.70056666666667,
        "ssim": 0.9245933333333333,
        "vmaf": 79.35937981333333,
        "fvd": 41.372849614757016,
        "st_rred": 5.188848449134287,
        "movie_index": 1.991472852107972,
        "tssim": 0.9358795106080532,
        "tpsnr": 31.917913768602453
    },
    "Hamster_1920x1080_60fps_av1.mkv": {
        "psnr": 43.72996666666666,
        "ssim": 0.9842933333333334,
        "vmaf": 96.82663767333332,
        "fvd": 11.067384056806532,
        "st_rred": 0.5402112156476662,
        "movie_index": 0.6878874687147778,
        "tssim": 0.9678408873283579,
        "tpsnr": 36.160398087772634
    },
    "KineticFastPainting_1920x1080_60fps_av1.mkv": {
        "psnr": 35.3003,
        "ssim": 0.9125600000000001,
        "vmaf": 75.70026658,
        "fvd": 13.99121416199597,
        "st_rred": 1.926296593185704,
        "movie_index": 4.456294120554142,
        "tssim": 0.7811442290474084,
        "tpsnr": 26.991576523286444
    },
    "Lightreef_1920x1080_30fps_av1.mkv": {
        "psnr": 32.25373333333334,
        "ssim": 0.8875066666666667,
        "vmaf": 81.16665303333333,
        "fvd": 64.69615378515687,
        "st_rred": 6.829194095323423,
        "movie_index": 9.218141880611444,
        "tssim": 0.8818488313253081,
        "tpsnr": 30.800667244315946
    },
    "MartialArts_1920x1080_60fps_av1.mkv": {
        "psnr": 48.691500000000005,
        "ssim": 0.99234,
        "vmaf": 94.98666583666666,
        "fvd": 7.669484302150067,
        "st_rred": 0.6380845085362554,
        "movie_index": 0.5427410783476654,
        "tssim": 0.9854379598809858,
        "tpsnr": 43.23455631932287
    },
    "Music_1920x1080_30fps_av1.mkv": {
        "psnr": 43.184466666666665,
        "ssim": 0.9724799999999999,
        "vmaf": 94.42730649333333,
        "fvd": 21.923460228203567,
        "st_rred": 2.1937104912378818,
        "movie_index": 8.69126186337347,
        "tssim": 0.9438987564963142,
        "tpsnr": 36.187671443759996
    },
    "PaintingTilting_1920x1080_60fps_av1.mkv": {
        "psnr": 37.74426666666667,
        "ssim": 0.9719300000000001,
        "vmaf": 99.97788916,
        "fvd": 4.244974627624799,
        "st_rred": 0.2012484507794312,
        "movie_index": 2.605935309468504,
        "tssim": 0.9886733002355202,
        "tpsnr": 36.66333042259599
    },
    "ParkPlay_1920x1080_50fps_av1.mkv": {
        "psnr": 32.49868,
        "ssim": 0.8468,
        "vmaf": 71.57020268400001,
        "fvd": 72.10634238686521,
        "st_rred": 10.705557118195003,
        "movie_index": 2.485308217475692,
        "tssim": 0.8071746612167954,
        "tpsnr": 28.62712539151969
    },
    "PlasmaAveragePan_1920x1080_60fps_av1.mkv": {
        "psnr": 48.04736666666666,
        "ssim": 0.9938499999999999,
        "vmaf": 90.99879521666666,
        "fvd": 3.9152414054484126,
        "st_rred": 0.12147328454458917,
        "movie_index": 0.1723373094480173,
        "tssim": 0.9828132900472645,
        "tpsnr": 42.00814645824624
    },
    "PlasmaSlowRandom_1920x1080_60fps_av1.mkv": {
        "psnr": 57.26663333333334,
        "ssim": 0.99903,
        "vmaf": 94.50918764000001,
        "fvd": 0.3689679730840396,
        "st_rred": 0.02195687481075481,
        "movie_index": 0.0301872630133278,
        "tssim": 0.9978955724549557,
        "tpsnr": 53.33840337644851
    },
    "RockWater_1920x1080_30fps_av1.mkv": {
        "psnr": 36.11353333333333,
        "ssim": 0.95776,
        "vmaf": 89.68297124,
        "fvd": 58.61404805844859,
        "st_rred": 2.311802478241429,