{
    "BasketballDrive_1920x1080_50_vp9.webm": {
        "psnr": 36.6396,
        "ssim": 0.912262,
        "vmaf": 88.264911888,
        "tssim": 0.8899890040386865,
        "tpsnr": 33.643779372404474,
        "fvd": 24.713207238736686,
        "movie_index": 7.789774335637121,
        "st_rred": 6.199903464285825
    },
    "BQTerrace_1920x1080_60_vp9.webm": {
        "psnr": 35.384283333333336,
        "ssim": 0.9055266666666667,
        "vmaf": 94.03854162666667,
        "tssim": 0.9009996111193465,
        "tpsnr": 34.35056927765351,
        "fvd": 48.380400719389854,
        "movie_index": 108.1785409446302,
        "st_rred": 8.12316036041991
    },
    "Cactus_1920x1080_50_vp9.webm": {
        "psnr": 36.31212,
        "ssim": 0.908986,
        "vmaf": 87.287425246,
        "tssim": 0.8998218786746903,
        "tpsnr": 34.365338728757564,
        "fvd": 20.67635085590615,
        "movie_index": 41.003660220779736,
        "st_rred": 6.870135618606039
    },
    "Kimono_1920x1080_24_vp9.webm": {
        "psnr": 40.854166666666664,
        "ssim": 0.9516166666666667,
        "vmaf": 92.14674215,
        "tssim": 0.9439080042920859,
        "tpsnr": 38.949301699714184,
        "fvd": 15.143545331674659,
        "movie_index": 12.302991301912394,
        "st_rred": 3.4602073579983283
    },
    "ParkScene_1920x1080_24_vp9.webm": {
        "psnr": 38.20841666666667,
        "ssim": 0.9388541666666667,
        "vmaf": 90.63650304583332,
        "tssim": 0.9361916168028581,
        "tpsnr": 36.858463686380425,
        "fvd": 14.123892373580475,
        "movie_index": 9.155776090764101,
        "st_rred": 3.8302469404001105
    }
}