{
    "BallUnderWater_1920x1080_60fps_vp9.webm": {
        "psnr": 44.89783333333333,
        "ssim": 0.98153,
        "vmaf": 90.07964336666667,
        "fvd": 11.893475037640087,
        "st_rred": 0.8253537689073323,
        "movie_index": 0.8931391156935772,
        "tssim": 0.9636006066708455,
        "tpsnr": 38.32961051200943
    },
    "Bookcase_1920x1080_60fps_vp9.webm": {
        "psnr": 42.647,
        "ssim": 0.9794499999999999,
        "vmaf": 99.97440152,
        "fvd": 0.9324953364362045,
        "st_rred": 0.22832344530637272,
        "movie_index": 1.742848963990658,
        "tssim": 0.9374557798474836,
        "tpsnr": 31.370068993456787
    },
    "Boxing_1920x1080_30fps_vp9.webm": {
        "psnr": 41.6738,
        "ssim": 0.9677533333333332,
        "vmaf": 98.58134478666666,
        "fvd": 9.864483379500143,
        "st_rred": 2.712211139161628,
        "movie_index": 1.8038236460829742,
        "tssim": 0.9427670864257187,
        "tpsnr": 33.529896857754494
    },
    "BricksLeaves_1920x1080_60fps_vp9.webm": {
        "psnr": 33.664233333333335,
        "ssim": 0.9293666666666667,
        "vmaf": 83.35072612333333,
        "fvd": 21.43572736436556,
        "st_rred": 2.9330552139999426,
        "movie_index": 2.971582090388672,
        "tssim": 0.9119317227721726,
        "tpsnr": 30.144411514435326
    },
    "BridgeRiver_1920x1080_30fps_vp9.webm": {
        "psnr": 31.471200000000003,
        "ssim": 0.9135733333333333,
        "vmaf": 69.75648982,
        "fvd": 168.87222181913506,
        "st_rred": 5.854099447879555,
        "movie_index": 2.745747887698196,
        "tssim": 0.8580937424960846,
        "tpsnr": 27.770599787667294
    },
    "BubblesPitcher_1920x1080_60fps_vp9.webm": {
        "psnr": 42.17503333333333,
        "ssim": 0.9624199999999999,
        "vmaf": 72.51272629666666,
        "fvd": 67.04440089097716,
        "st_rred": 1.387993489303767,
        "movie_index": 0.7241114615260259,
        "tssim": 0.9367541007659472,
        "tpsnr": 37.21408782754853
    },
    "CalmingWater_1920x1080_60fps_vp9.webm": {
        "psnr": 30.010933333333334,
        "ssim": 0.7560066666666666,
        "vmaf": 40.91817854333333,
        "fvd": 45.61565711924362,
        "st_rred": 5.605174742292988,
        "movie_index": 4.7839781707744535,
        "tssim": 0.6178633800438589,
        "tpsnr": 24.935584798704422
    },
    "CarpetCircleFast_1920x1080_60fps_vp9.webm": {
        "psnr": 44.17276666666667,
        "ssim": 0.97005,
        "vmaf": 85.01406184333332,
        "fvd": 1.0008757427872865,
        "st_rred": 0.5480194958525146,
        "movie_index": 1.8563716638845744,
        "tssim": 0.9374339242877996,
        "tpsnr": 37.494393543256166
    },
    "CloudsZoom_1920x1080_60fps_vp9.webm": {
        "psnr": 56.2828,
        "ssim": 0.9980466666666666,
        "vmaf": 92.65564905000001,
        "fvd": 0.15585621242323278,
        "st_rred": 0.08320426069795395,
        "movie_index": 0.11267241024814023,
        "tssim": 0.9964510460241545,
        "tpsnr": 53.87561303078132
    },
    "DiverFishAndRock_1920x1080_30fps_vp9.webm": {
        "psnr": 42.019533333333335,
        "ssim": 0.9750333333333333,
        "vmaf": 94.49633522,
        "fvd": 15.934445542032108,
        "st_rred": 1.924741786420789,
        "movie_index": 3.822718801214391,
        "tssim": 0.9633408125721759,
        "tpsnr": 38.08760577720284
    },
    "Diver_1920x1080_30fps_vp9.webm": {
        "psnr": 46.43433333333333,
        "ssim": 0.9824666666666667,
        "vmaf": 95.93546109333333,
        "fvd": 14.930858646044726,
        "st_rred": 1.9510414427804008,
        "movie_index": 3.061570789139943,
        "tssim": 0.9717996004443913,
        "tpsnr": 42.99354770839614
    },
    "FishAndRock_1920x1080_30fps_vp9.webm": {
        "psnr": 41.148199999999996,
        "ssim": 0.9682,
        "vmaf": 92.39647122,
        "fvd": 28.58420456732142,
        "st_rred": 2.1513158087524538,
        "movie_index": 1.281291802957554,
        "tssim": 0.9623504128449151,
        "tpsnr": 39.4610767236492
    },
    "Fountain_1920x1080_50fps_vp9.webm": {
        "psnr": 34.06428,
        "ssim": 0.8267279999999999,
        "vmaf": 63.145997696,
        "fvd": 168.55801284083554,
        "st_rred": 9.880067339295454,
        "movie_index": 2.658236646747972,
        "tssim": 0.7561551166783351,
        "tpsnr": 31.10175457536935
    },
    "Grass_1920x1080_60fps_vp9.webm": {
        "psnr": 32.70353333333333,
        "ssim": 0.9078266666666667,
        "vmaf": 74.42730140666667,
        "fvd": 8.01078817110573,
        "st_rred": 4.074829266181766,
        "movie_index": 1.7210701396782262,
        "tssim": 0.9174948938714121,
        "tpsnr": 30.74534945663401
    },
    "Hamster_1920x1080_60fps_vp9.webm": {
        "psnr": 42.754666666666665,
        "ssim": 0.97988,
        "vmaf": 95.02207342666667,
        "fvd": 7.388064394254911,
        "st_rred": 0.29837151003602713,
        "movie_index": 1.517318891641687,
        "tssim": 0.965775414763999,
        "tpsnr": 36.90181845725579
    },
    "KineticFastPainting_1920x1080_60fps_vp9.webm": {
        "psnr": 34.916866666666664,
        "ssim": 0.9009699999999999,
        "vmaf": 75.66484419333334,
        "fvd": 12.676995422928997,
        "st_rred": 0.7404813665794414,
        "movie_index": 4.746391402837824,
        "tssim": 0.8015741973648022,
        "tpsnr": 28.409815230098456
    },
    "Lightreef_1920x1080_30fps_vp9.webm": {
        "psnr": 32.275400000000005,
        "ssim": 0.8826533333333333,
        "vmaf": 80.97754626000001,
        "fvd": 35.98029607669537,
        "st_rred": 5.4617329562481025,
        "movie_index": 8.405570232578173,
        "tssim": 0.8758290874735293,
        "tpsnr": 30.89963234510998
    },
    "MartialArts_1920x1080_60fps_vp9.webm": {
        "psnr": 48.52633333333333,
        "ssim": 0.9910433333333333,
        "vmaf": 95.86251956333334,
        "fvd": 5.203817703065056,
        "st_rred": 0.38692212776083057,
        "movie_index": 0.6353052154332898,
        "tssim": 0.9845882193219054,
        "tpsnr": 44.84363480634913
    },
    "Music_1920x1080_30fps_vp9.webm": {
        "psnr": 42.952999999999996,
        "ssim": 0.9700066666666667,
        "vmaf": 93.93816706,
        "fvd": 20.475604260001546,
        "st_rred": 1.8836675278606378,
        "movie_index": 9.262540609694568,
        "tssim": 0.9435243602978366,
        "tpsnr": 37.257104771249246
    },
    "PaintingTilting_1920x1080_60fps_vp9.webm": {
        "psnr": 37.104366666666664,
        "ssim": 0.9684099999999999,
        "vmaf": 99.97757412666667,
        "fvd": 3.7253085026055714,
        "st_rred": 0.5616066548775294,
        "movie_index": 2.2497434243933614,
        "tssim": 0.9858800853492533,
        "tpsnr": 35.9130623858908
    },
    "ParkPlay_1920x1080_50fps_vp9.webm": {
        "psnr": 32.21052,
        "ssim": 0.8339,
        "vmaf": 72.804549716,
        "fvd": 46.26057382051454,
        "st_rred": 10.215556007812104,
        "movie_index": 3.239175325895409,
        "tssim": 0.8008697122292242,
        "tpsnr": 29.253722615988856
    },
    "PlasmaAveragePan_1920x1080_60fps_vp9.webm": {
        "psnr": 46.469233333333335,
        "ssim": 0.9916133333333332,
        "vmaf": 86.8507673,
        "fvd": 4.04901302025948,
        "st_rred": 0.09883080896154173,
        "movie_index": 0.20800265722151184,
        "tssim": 0.9820925363951611,
        "tpsnr": 42.00008371920889
    },
    "PlasmaSlowRandom_1920x1080_60fps_vp9.webm": {
        "psnr": 56.3744,
        "ssim": 0.9990333333333332,
        "vmaf": 93.19305132333334,
        "fvd": 0.6647047441580298,
        "st_rred": 0.016631759962477788,
        "movie_index": 0.03321785224059653,
        "tssim": 0.9975467442387567,
        "tpsnr": 52.32295585555775
    },
    "RockWater_1920x1080_30fps_vp9.webm": {
        "psnr": 35.6178,
        "ssim": 0.9538666666666665,
        "vmaf": 85.05964328666666,