{
    "Beauty_1920x1080_120fps_420_8bit_YUV_h264.mp4": {
        "psnr": 37.03791666666667,
        "ssim": 0.8844833333333334,
        "vmaf": 55.729423286666666,
        "tssim": 0.868977475883734,
        "tpsnr": 34.6865962956704,
        "fvd": 104.63296071279001
    },
    "Bosphorus_1920x1080_120fps_420_8bit_YUV_h264.mp4": {
        "psnr": 37.370983333333335,
        "ssim": 0.9265533333333333,
        "vmaf": 64.852487125,
        "tssim": 0.894945310645568,
        "tpsnr": 34.70257114607822,
        "fvd": 462.36871302488044
    },
    "HoneyBee_1920x1080_120fps_420_8bit_YUV_h264.mp4": {
        "psnr": 39.50535,
        "ssim": 0.9448799999999999,
        "vmaf": 78.93077345833333,
        "tssim": 0.9319876531859939,
        "tpsnr": 37.783753925253436,
        "fvd": 88.82651055365216
    },
    "Jockey_1920x1080_120fps_420_8bit_YUV_h264.mp4": {
        "psnr": 35.44121666666667,
        "ssim": 0.9142983333333334,
        "vmaf": 53.55306950166667,
        "tssim": 0.8645911745995892,
        "tpsnr": 29.35435656514112,
        "fvd": 1473.167339188311
    },
    "ReadySteadyGo_1920x1080_120fps_420_8bit_YUV_h264.mp4": {
        "psnr": 30.90675,
        "ssim": 0.8636883333333333,
        "vmaf": 54.810462408333336,
        "tssim": 0.7986800381403502,
        "tpsnr": 26.57179850290136,
        "fvd": 1127.6624518162284
    },
    "ShakeNDry_1920x1080_120fps_420_8bit_YUV_h264.mp4": {
        "psnr": 34.89856666666667,
        "ssim": 0.87641,
        "vmaf": 54.877088199999996,
        "tssim": 0.8339784700226288,
        "tpsnr": 32.067502790470186,
        "fvd": 735.2626632436616
    },
    "YachtRide_1920x1080_120fps_420_8bit_YUV_h264.mp4": {
        "psnr": 31.077416666666668,
        "ssim": 0.84442,
        "vmaf": 37.24568196,
        "tssim": 0.7773964925493119,
        "tpsnr": 28.049883579769993,
        "fvd": 508.8100690892911
    }
}