{
    "Jockey_1920x1080_120fps_420_8bit_YUV_h264.mp4": {
        "psnr": 32.889133333333334,
        "ssim": 0.8926683333333333,
        "vmaf": 39.016828051666664
    },
    "Beauty_1920x1080_120fps_420_8bit_YUV_h264.mp4": {
        "psnr": 12.988,
        "ssim": 0.6674533333333333,
        "vmaf": 4.376509506666667
    },
    "Bosphorus_1920x1080_120fps_420_8bit_YUV_h264.mp4": {
        "psnr": 12.467866666666668,
        "ssim": 0.6622566666666666,
        "vmaf": 7.7349514316666665
    },
    "HoneyBee_1920x1080_120fps_420_8bit_YUV_h264.mp4": {
        "psnr": 15.422266666666667,
        "ssim": 0.6208549999999999,
        "vmaf": 6.0213127433333336
    },
    "ReadySteadyGo_1920x1080_120fps_420_8bit_YUV_h264.mp4": {
        "psnr": 12.751283333333333,
        "ssim": 0.6021616666666667,
        "vmaf": 15.475596081666666
    },
    "ShakeNDry_1920x1080_120fps_420_8bit_YUV_h264.mp4": {
        "psnr": 14.891533333333333,
        "ssim": 0.5887733333333334,
        "vmaf": 7.168218436666666
    },
    "YachtRide_1920x1080_120fps_420_8bit_YUV_h264.mp4": {
        "psnr": 11.339816666666668,
        "ssim": 0.6422066666666667,
        "vmaf": 8.159349058333333
    }
}