{
    "BasketballDrive_1920x1080_50_vp9.webm": {
        "psnr": 36.6396,
        "ssim": 0.912262,
        "vmaf": 88.264911888,
        "tssim": 0.8899890040386866,
        "tpsnr": 33.643779372404474,
        "fvd": 24.713207238736686
    },
    "BQTerrace_1920x1080_60_vp9.webm": {
        "psnr": 32.8793,
        "ssim": 0.8716533333333333,
        "vmaf": 81.79545678833334,
        "tssim": 0.8596030053072787,
        "tpsnr": 31.362998806375494,
        "fvd": 106.62157732706874
    },
    "Cactus_1920x1080_50_vp9.webm": {
        "psnr": 32.36304,
        "ssim": 0.8462999999999999,
        "vmaf": 63.508404524,
        "tssim": 0.8154589573589742,
        "tpsnr": 29.935420305791027,
        "fvd": 65.7290381339576
    },
    "Kimono_1920x1080_24_vp9.webm": {
        "psnr": 37.01883333333333,
        "ssim": 0.9138916666666667,
        "vmaf": 71.62564895416668,
        "tssim": 0.8870744349108698,
        "tpsnr": 34.360396014097844,
        "fvd": 45.12915127854626
    },
    "ParkScene_1920x1080_24_vp9.webm": {
        "psnr": 34.25645833333333,
        "ssim": 0.8793416666666667,
        "vmaf": 72.23484789166667,
        "tssim": 0.8647985904929598,
        "tpsnr": 32.35008452826464,
        "fvd": 42.25368836576979
    }
}