{
    "BallUnderWater_1920x1080_60fps_vp9.webm": {
        "psnr": 47.68873333333334,
        "ssim": 0.98709,
        "vmaf": 98.61304004,
        "fvd": 5.369346381359321,
        "st_rred": 0.6389329946701618,
        "tssim": 0.9742087051364209,
        "tpsnr": 41.572089791696605,
        "movie_index": 0.5418152438358319
    },
    "Bookcase_1920x1080_60fps_vp9.webm": {
        "psnr": 44.79343333333333,
        "ssim": 0.9856066666666667,
        "vmaf": 99.98386788333333,
        "fvd": 0.37448969758497697,
        "st_rred": 0.08022079802187676,
        "tssim": 0.9595086874188785,
        "tpsnr": 34.04196652441121,
        "movie_index": 1.414166863297539
    },
    "Boxing_1920x1080_30fps_vp9.webm": {
        "psnr": 43.91506666666667,
        "ssim": 0.9754933333333332,
        "vmaf": 99.96909332666667,
        "fvd": 5.485284002880917,
        "st_rred": 2.3056923590396927,
        "tssim": 0.9581538112756192,
        "tpsnr": 36.219957492495546,
        "movie_index": 0.77315927541896
    },
    "BricksLeaves_1920x1080_60fps_vp9.webm": {
        "psnr": 37.87346666666667,
        "ssim": 0.9658833333333333,
        "vmaf": 94.90216119666667,
        "fvd": 3.872143040532194,
        "st_rred": 2.069100773164063,
        "tssim": 0.9608533155520582,
        "tpsnr": 34.59385206547868,
        "movie_index": 1.2204276332351376
    },
    "BridgeRiver_1920x1080_30fps_vp9.webm": {
        "psnr": 35.37126666666666,
        "ssim": 0.9487066666666666,
        "vmaf": 86.44422718666668,
        "fvd": 70.21647312361563,
        "st_rred": 3.7028135410193492,
        "tssim": 0.9182755742306271,
        "tpsnr": 31.88124267526921,
        "movie_index": 1.9930628040592944
    },
    "BubblesPitcher_1920x1080_60fps_vp9.webm": {
        "psnr": 45.67156666666666,
        "ssim": 0.9786600000000001,
        "vmaf": 88.47975563,
        "fvd": 27.3866579282344,
        "st_rred": 0.8267838277153281,
        "tssim": 0.9624812750484635,
        "tpsnr": 40.58892863729726,
        "movie_index": 0.47425224182248915
    },
    "CalmingWater_1920x1080_60fps_vp9.webm": {
        "psnr": 33.1409,
        "ssim": 0.83784,
        "vmaf": 63.83018550333333,
        "fvd": 13.173094509942757,
        "st_rred": 4.158739553441173,
        "tssim": 0.7148267651813022,
        "tpsnr": 27.398344333355244,
        "movie_index": 4.569011062184305
    },
    "CarpetCircleFast_1920x1080_60fps_vp9.webm": {
        "psnr": 45.82556666666667,
        "ssim": 0.9776766666666666,
        "vmaf": 91.73602646666666,
        "fvd": 0.8986389155692507,
        "st_rred": 0.24524329035958203,
        "tssim": 0.955343445821968,
        "tpsnr": 40.04103157273104,
        "movie_index": 1.2629375080998526
    },
    "CloudsZoom_1920x1080_60fps_vp9.webm": {
        "psnr": 60.69076666666667,
        "ssim": 0.9989966666666668,
        "vmaf": 95.17713950666666,
        "fvd": 0.1155020313811459,
        "st_rred": 0.012644026577790068,
        "tssim": 0.9985040599395905,
        "tpsnr": 58.43371659856177,
        "movie_index": 0.10190823480461951
    },
    "DiverFishAndRock_1920x1080_30fps_vp9.webm": {
        "psnr": 44.7626,
        "ssim": 0.9836933333333333,
        "vmaf": 99.67523938,
        "fvd": 8.165832210765757,
        "st_rred": 1.644524834631424,
        "tssim": 0.9776622879642346,
        "tpsnr": 41.697865710162475,
        "movie_index": 3.068660977002758
    },
    "Diver_1920x1080_30fps_vp9.webm": {
        "psnr": 47.907266666666665,
        "ssim": 0.9856733333333333,
        "vmaf": 98.30320393333332,
        "fvd": 10.71296881635135,
        "st_rred": 1.7137584356529842,
        "tssim": 0.9774538771015022,
        "tpsnr": 44.93774344937113,
        "movie_index": 2.165829213498623
    },
    "FishAndRock_1920x1080_30fps_vp9.webm": {
        "psnr": 43.315133333333335,
        "ssim": 0.9783000000000001,
        "vmaf": 98.26488077333333,
        "fvd": 9.891244463897351,
        "st_rred": 1.6036356667909537,
        "tssim": 0.9766152266282406,
        "tpsnr": 42.19795385783151,
        "movie_index": 1.1320505665002654
    },
    "Fountain_1920x1080_50fps_vp9.webm": {
        "psnr": 35.91632,
        "ssim": 0.8714679999999999,
        "vmaf": 79.345618032,
        "fvd": 74.95451874628156,
        "st_rred": 7.483825571127095,
        "tssim": 0.8085398038280032,
        "tpsnr": 32.746765971662526,
        "movie_index": 2.1233227685034035
    },
    "Grass_1920x1080_60fps_vp9.webm": {
        "psnr": 35.71103333333333,
        "ssim": 0.9488366666666667,
        "vmaf": 85.11230531,
        "fvd": 3.841213186040889,
        "st_rred": 2.346786574364394,
        "tssim": 0.9579138252878937,
        "tpsnr": 33.87443371520792,
        "movie_index": 1.0760210955322387
    },
    "Hamster_1920x1080_60fps_vp9.webm": {
        "psnr": 46.300866666666664,
        "ssim": 0.9888766666666667,
        "vmaf": 99.80348512666666,
        "fvd": 2.115504705820399,
        "st_rred": 0.14061313517624008,
        "tssim": 0.9813284749743488,
        "tpsnr": 40.39789725466317,
        "movie_index": 0.8920700912142677
    },
    "KineticFastPainting_1920x1080_60fps_vp9.webm": {
        "psnr": 39.59513333333334,
        "ssim": 0.9551466666666666,
        "vmaf": 98.54451933666667,
        "fvd": 2.55258872138225,
        "st_rred": 0.002347184867769414,
        "tssim": 0.9040057971630568,
        "tpsnr": 32.8353010707077,
        "movie_index": 3.4893693232217364
    },
    "Lightreef_1920x1080_30fps_vp9.webm": {
        "psnr": 34.806666666666665,
        "ssim": 0.9212133333333334,
        "vmaf": 92.91791445333334,
        "fvd": 23.910027028685363,
        "st_rred": 3.3759055779096556,
        "tssim": 0.9173562629073732,
        "tpsnr": 33.61944650483611,
        "movie_index": 8.022620215761982
    },
    "MartialArts_1920x1080_60fps_vp9.webm": {
        "psnr": 51.1535,
        "ssim": 0.9943400000000001,
        "vmaf": 98.02059326,
        "fvd": 1.9872142329249982,
        "st_rred": 0.1812594645259571,
        "tssim": 0.9899050498201337,
        "tpsnr": 47.71890140137943,
        "movie_index": 0.28494763856498295
    },
    "Music_1920x1080_30fps_vp9.webm": {
        "psnr": 45.13053333333333,
        "ssim": 0.9780666666666668,
        "vmaf": 98.46280028666666,
        "fvd": 7.967573051173531,
        "st_rred": 1.4725778846718196,
        "tssim": 0.9605919539416918,
        "tpsnr": 40.03444701073154,
        "movie_index": 8.477732874503072
    },
    "PaintingTilting_1920x1080_60fps_vp9.webm": {
        "psnr": 38.07946666666667,
        "ssim": 0.9741599999999999,
        "vmaf": 99.98476992666667,
        "fvd": 3.15604183557582,
        "st_rred": 0.564137689234613,
        "tssim": 0.9885268961335401,
        "tpsnr": 36.954870562090925,
        "movie_index": 1.6945216705380974
    },
    "ParkPlay_1920x1080_50fps_vp9.webm": {
        "psnr": 35.158,
        "ssim": 0.894124,
        "vmaf": 92.174303324,
        "fvd": 19.225738279191546,
        "st_rred": 6.81393587876196,
        "tssim": 0.8792227480057722,
        "tpsnr": 32.330652696540554,
        "movie_index": 2.3679408447809487
    },
    "PlasmaAveragePan_1920x1080_60fps_vp9.webm": {
        "psnr": 51.8579,
        "ssim": 0.99697,
        "vmaf": 96.05819784,
        "fvd": 0.9762256066148751,
        "st_rred": 0.037825709734609525,
        "tssim": 0.9926457398300322,
        "tpsnr": 46.96086937129298,
        "movie_index": 0.1076617604090418
    },
    "PlasmaSlowRandom_1920x1080_60fps_vp9.webm": {
        "psnr": Infinity,
        "ssim": 0.9999733333333334,
        "vmaf": 97.44747530333333,
        "fvd": 0.03967274575688862,
        "st_rred": 0.005802555274698307,
        "tssim": 0.9997147960833543,
        "tpsnr": 64.60612181596532,
        "movie_index": 0.007616404811524627
    },
    "RockWater_1920x1080_30fps_vp9.webm": {
        "psnr": 39.265,
        "ssim": 0.9747799999999999,
        "vmaf": 98.96595772666666,