{
    "BasketballDrive_1920x1080_50_vp9.webm": {
        "psnr": 33.91442,
        "ssim": 0.8755620000000001,
        "vmaf": 70.01611457,
        "tssim": 0.8407637679354892,
        "tpsnr": 30.69407989410217,
        "fvd": 52.058170000938844,
        "movie_index": 6.7575931027680936,
        "st_rred": 7.186149138666995
    },
    "BQTerrace_1920x1080_60_vp9.webm": {
        "psnr": 33.77178333333333,
        "ssim": 0.88434,
        "vmaf": 86.881435215,
        "tssim": 0.8762339253686011,
        "tpsnr": 32.46036163673974,
        "fvd": 82.86846797898625,
        "movie_index": 119.34594364310047,
        "st_rred": 9.453909890865887
    },
    "Cactus_1920x1080_50_vp9.webm": {
        "psnr": 33.63096,
        "ssim": 0.870348,
        "vmaf": 71.960705612,
        "tssim": 0.8474229605680852,
        "tpsnr": 31.277445898266258,
        "fvd": 46.476774194841994,
        "movie_index": 42.18748033847025,
        "st_rred": 7.861479847967537
    },
    "Kimono_1920x1080_24_vp9.webm": {
        "psnr": 38.283375,
        "ssim": 0.9284250000000001,
        "vmaf": 79.07405465000001,
        "tssim": 0.9089944402200423,
        "tpsnr": 35.792981566744366,
        "fvd": 29.29817580590702,
        "movie_index": 13.183308316979199,
        "st_rred": 3.96803234593191
    },
    "ParkScene_1920x1080_24_vp9.webm": {
        "psnr": 35.42808333333333,
        "ssim": 0.9011750000000001,
        "vmaf": 79.11934050833334,
        "tssim": 0.8923768805422533,
        "tpsnr": 33.717285491432605,
        "fvd": 24.174832655077807,
        "movie_index": 9.353606778582769,
        "st_rred": 5.440454979538885
    }
}