{
    "Beauty_1920x1080_120fps_420_8bit_YUV_vp9.webm": {
        "psnr": 38.48375,
        "ssim": 0.8977033333333333,
        "vmaf": 70.33909592333333,
        "tssim": 0.8907332801530254,
        "tpsnr": 36.41688056780221,
        "fvd": 71.57220085537386,
        "movie_index": 2.386072092094087,
        "st_rred": 7.6684634318380205
    },
    "Bosphorus_1920x1080_120fps_420_8bit_YUV_vp9.webm": {
        "psnr": 39.892849999999996,
        "ssim": 0.9502333333333333,
        "vmaf": 78.85440339833333,
        "tssim": 0.9321172561060723,
        "tpsnr": 37.58474374812513,
        "fvd": 45.59298721925961,
        "movie_index": 0.7177178304462082,
        "st_rred": 2.514366452505506
    },
    "HoneyBee_1920x1080_120fps_420_8bit_YUV_vp9.webm": {
        "psnr": 43.04763333333334,
        "ssim": 0.9684716666666666,
        "vmaf": 92.10652705999999,
        "tssim": 0.9604003234211342,
        "tpsnr": 41.407530579224655,
        "fvd": 10.369519811672319,
        "movie_index": 0.3845293581212104,
        "st_rred": 3.753524242384964
    },
    "Jockey_1920x1080_120fps_420_8bit_YUV_vp9.webm": {
        "psnr": 40.22125,
        "ssim": 0.9481,
        "vmaf": 84.10314435666668,
        "tssim": 0.9156860030477912,
        "tpsnr": 33.354921235863074,
        "fvd": 13.328600871913068,
        "movie_index": 1.9536781443628126,
        "st_rred": 3.1727371608180146
    },
    "ReadySteadyGo_1920x1080_120fps_420_8bit_YUV_vp9.webm": {
        "psnr": 33.586149999999996,
        "ssim": 0.8970800000000001,
        "vmaf": 73.96132817833335,
        "tssim": 0.8577166682897316,
        "tpsnr": 29.160489220850057,
        "fvd": 50.4976772727498,
        "movie_index": 2.4100426585477264,
        "st_rred": 2.8842850924272767
    },
    "ShakeNDry_1920x1080_120fps_420_8bit_YUV_vp9.webm": {
        "psnr": 36.80453333333333,
        "ssim": 0.9073866666666667,
        "vmaf": 66.30985492666667,
        "tssim": 0.8763656003861341,
        "tpsnr": 33.9967947931194,
        "fvd": 96.52517187900594,
        "movie_index": 2.0796381972954423,
        "st_rred": 4.638110481354171
    },
    "YachtRide_1920x1080_120fps_420_8bit_YUV_vp9.webm": {
        "psnr": 32.88963333333333,
        "ssim": 0.87437,
        "vmaf": 51.61241462666667,
        "tssim": 0.8249130607585995,
        "tpsnr": 30.011916206754705,
        "fvd": 131.19313047760738,
        "movie_index": 2.1986522106376034,
        "st_rred": 4.2510414222419115
    }
}