{
    "BasketballDrive_1920x1080_50_av1.mkv": {
        "psnr": 35.56968,
        "ssim": 0.903616,
        "vmaf": 80.642676898,
        "fvd": 48.07444473119381,
        "tssim": 0.8692180568332831,
        "tpsnr": 31.315930548077358,
        "movie_index": 6.340266802327666,
        "st_rred": 7.811444006813783
    },
    "BQTerrace_1920x1080_60_av1.mkv": {
        "psnr": 34.897083333333335,
        "ssim": 0.9009750000000001,
        "vmaf": 93.92660115333334,
        "fvd": 112.91542645180039,
        "tssim": 0.8920538610548587,
        "tpsnr": 33.505751815184524,
        "movie_index": 122.76054691310617,
        "st_rred": 9.871568916351823
    },
    "Cactus_1920x1080_50_av1.mkv": {
        "psnr": 35.28386,
        "ssim": 0.89768,
        "vmaf": 82.13229275399999,
        "fvd": 52.91064736750141,
        "tssim": 0.883743608757405,
        "tpsnr": 32.857873316518294,
        "movie_index": 42.49624168188993,
        "st_rred": 8.476805206276751
    },
    "Kimono_1920x1080_24_av1.mkv": {
        "psnr": 39.53208333333334,
        "ssim": 0.9428083333333334,
        "vmaf": 85.44390166666668,
        "fvd": 24.64963972971168,
        "tssim": 0.9298642190001821,
        "tpsnr": 36.82331964660389,
        "movie_index": 14.246652970254171,
        "st_rred": 4.544581411786831
    },
    "ParkScene_1920x1080_24_av1.mkv": {
        "psnr": 36.88791666666667,
        "ssim": 0.9266125,
        "vmaf": 86.9742989,
        "fvd": 39.164426104618315,
        "tssim": 0.9237392114808596,
        "tpsnr": 35.121436889201526,
        "movie_index": 9.440318193177548,
        "st_rred": 5.545491713704841
    }
}