{
    "BallUnderWater_1920x1080_60fps_hevc.mp4": {
        "psnr": 45.27573333333333,
        "ssim": 0.9810966666666667,
        "vmaf": 94.58882066,
        "fvd": 9.507949512756,
        "st_rred": 0.6336748330124742,
        "movie_index": 0.4124911269764836
    },
    "Bookcase_1920x1080_60fps_hevc.mp4": {
        "psnr": 42.9333,
        "ssim": 0.9797166666666667,
        "vmaf": 99.95810943333333,
        "fvd": 2.0067897340352374,
        "st_rred": 0.20797315423410367,
        "movie_index": 1.5064557253018669
    },
    "Boxing_1920x1080_30fps_hevc.mp4": {
        "psnr": 42.09673333333333,
        "ssim": 0.9675866666666667,
        "vmaf": 99.76834788666667,
        "fvd": 10.480694854872581,
        "st_rred": 2.4414771061189846,
        "movie_index": 0.7593091418279098
    },
    "BricksLeaves_1920x1080_60fps_hevc.mp4": {
        "psnr": 32.30616666666667,
        "ssim": 0.9117533333333334,
        "vmaf": 82.78465190666667,
        "fvd": 21.08813937599433,
        "st_rred": 4.490069896558062,
        "movie_index": 2.8504538304705087
    },
    "BridgeRiver_1920x1080_30fps_hevc.mp4": {
        "psnr": 32.1536,
        "ssim": 0.9180533333333333,
        "vmaf": 74.69459294,
        "fvd": 204.55302129494052,
        "st_rred": 4.298640142056442,
        "movie_index": 1.196772227151282
    },
    "BubblesPitcher_1920x1080_60fps_hevc.mp4": {
        "psnr": 41.97573333333333,
        "ssim": 0.9608,
        "vmaf": 76.42390542666666,
        "fvd": 105.7239082000483,
        "st_rred": 0.8323387329012517,
        "movie_index": 0.6285177432623595
    },
    "CalmingWater_1920x1080_60fps_hevc.mp4": {
        "psnr": 29.8191,
        "ssim": 0.74699,
        "vmaf": 40.93483361333333,
        "fvd": 45.57645291193472,
        "st_rred": 4.451172518090139,
        "movie_index": 3.0591632939102658
    },
    "CarpetCircleFast_1920x1080_60fps_hevc.mp4": {
        "psnr": 44.227833333333336,
        "ssim": 0.97113,
        "vmaf": 86.67350154666667,
        "fvd": 1.7652932562338606,
        "st_rred": 0.606376465952609,
        "movie_index": 2.0841455598639005
    },
    "CloudsZoom_1920x1080_60fps_hevc.mp4": {
        "psnr": 55.5481,
        "ssim": 0.9974633333333333,
        "vmaf": 92.86720950333334,
        "fvd": 2.2200889648837467,
        "st_rred": 0.02501616825245656,
        "movie_index": 0.1820824019545471
    },
    "DiverFishAndRock_1920x1080_30fps_hevc.mp4": {
        "psnr": 42.40913333333333,
        "ssim": 0.9751666666666667,
        "vmaf": 97.16080670000001,
        "fvd": 19.325941528549947,
        "st_rred": 1.4851607140021255,
        "movie_index": 3.222369786476929
    },
    "Diver_1920x1080_30fps_hevc.mp4": {
        "psnr": 46.351,
        "ssim": 0.9808066666666667,
        "vmaf": 97.19125414666667,
        "fvd": 14.989955853595802,
        "st_rred": 1.413053105407795,
        "movie_index": 3.0227943404308903
    },
    "FishAndRock_1920x1080_30fps_hevc.mp4": {
        "psnr": 41.2426,
        "ssim": 0.9684333333333333,
        "vmaf": 94.38533788,
        "fvd": 19.777293617997884,
        "st_rred": 1.752215923673253,
        "movie_index": 1.1861391627048485
    },
    "Fountain_1920x1080_50fps_hevc.mp4": {
        "psnr": 33.81596,
        "ssim": 0.821268,
        "vmaf": 67.129203116,
        "fvd": 118.35521486749485,
        "st_rred": 7.877987168101415,
        "movie_index": 1.5313688290406422
    },
    "Grass_1920x1080_60fps_hevc.mp4": {
        "psnr": 31.74816666666667,
        "ssim": 0.8864633333333334,
        "vmaf": 72.77859376,
        "fvd": 17.215324519972814,
        "st_rred": 5.55653381980143,
        "movie_index": 1.9450484848391252
    },
    "Hamster_1920x1080_60fps_hevc.mp4": {
        "psnr": 43.3619,
        "ssim": 0.9816699999999999,
        "vmaf": 97.021417,
        "fvd": 6.222551160796911,
        "st_rred": 0.371026754734574,
        "movie_index": 0.8448370166845545
    },
    "KineticFastPainting_1920x1080_60fps_hevc.mp4": {
        "psnr": 35.56276666666667,
        "ssim": 0.9155466666666666,
        "vmaf": 81.09286479666666,
        "fvd": 8.29580748765187,
        "st_rred": 0.5402222251899325,
        "movie_index": 2.572726646693654
    },
    "Lightreef_1920x1080_30fps_hevc.mp4": {
        "psnr": 32.1106,
        "ssim": 0.8803733333333335,
        "vmaf": 81.94682762666667,
        "fvd": 58.888652492473966,
        "st_rred": 4.749815376817676,
        "movie_index": 9.28446329460048
    },
    "MartialArts_1920x1080_60fps_hevc.mp4": {
        "psnr": 48.46853333333333,
        "ssim": 0.9904599999999999,
        "vmaf": 96.18740510666666,
        "fvd": 8.569380882649625,
        "st_rred": 0.3838347479853965,
        "movie_index": 0.6899978717832661
    },
    "Music_1920x1080_30fps_hevc.mp4": {
        "psnr": 43.2636,
        "ssim": 0.9703466666666666,
        "vmaf": 96.45058287333333,
        "fvd": 12.605791868622418,
        "st_rred": 1.482922315652015,
        "movie_index": 8.539029071370027
    },
    "PaintingTilting_1920x1080_60fps_hevc.mp4": {
        "psnr": 36.42646666666667,
        "ssim": 0.9621966666666666,
        "vmaf": 99.29471483333333,
        "fvd": 7.508510441994304,
        "st_rred": 0.8671036875318308,
        "movie_index": 2.4170891829021897
    },
    "ParkPlay_1920x1080_50fps_hevc.mp4": {
        "psnr": 32.24472,
        "ssim": 0.83402,
        "vmaf": 75.173663464,
        "fvd": 43.55257067834532,
        "st_rred": 8.285980157683198,
        "movie_index": 1.9909999241311866
    },
    "PlasmaAveragePan_1920x1080_60fps_hevc.mp4": {
        "psnr": 48.32573333333333,
        "ssim": 0.9939833333333333,
        "vmaf": 92.79506305,
        "fvd": 2.029624115187943,
        "st_rred": 0.030441595215791484,
        "movie_index": 0.13239165321366245
    },
    "PlasmaSlowRandom_1920x1080_60fps_hevc.mp4": {
        "psnr": 59.269533333333335,
        "ssim": 0.9993733333333333,
        "vmaf": 95.94300637,
        "fvd": 0.6477488724111424,
        "st_rred": 0.023507202957904982,
        "movie_index": 0.019290584673712585
    },
    "RockWater_1920x1080_30fps_hevc.mp4": {
        "psnr": 36.01166666666666,
        "ssim": 0.95504,
        "vmaf": 91.71566078666666,
        "fvd": 41.872694206130745,
        "st_rred": 1.1634661408705504,
        "movie_index": 3.2151168958852754
    },
    "RockWave_1920x1080_30fps_hevc.mp4": {
        "psnr": 27.649733333333334,
        "ssim": 0.85974,
        "vmaf": 53.77356356666667,
        "fvd": 137.35801473418735,
        "st_rred": 6.156526613724559,
        "movie_index": 3.3304621343244643
    },
    "Rowing_1920x1080_30fps_hevc.mp4": {
        "psnr": 31.145533333333333,
        "ssim": 0.8584799999999999,
        "vmaf": 54.06129516,
        "fvd": 146.84008672112668,
        "st_rred": 3.871357883834616,
        "movie_index": 3.232192867554274
    },
    "SmokeGuns_1920x1080_60fps_hevc.mp4": {
        "psnr": 42.30396666666667,
        "ssim": 0.9657099999999998,
        "vmaf": 89.55711644,
        "fvd": 22.05038491586754,
        "st_rred": 1.618053117462443,
        "movie_index": 0.7314876617496229
    },
    "Surfers_1920x1080_30fps_hevc.mp4": {
        "psnr": 39.12546666666667,
        "ssim": 0.9607600000000001,
        "vmaf": 88.58958263333334,
        "fvd": 34.87233949152528,
        "st_rred": 1.8764516100564137,
        "movie_index": 2.966955801384561
    },
    "Toys_1920x1080_30fps_hevc.mp4": {
        "psnr": 38.1258,
        "ssim": 0.9577466666666667,
        "vmaf": 98.28434778,
        "fvd": 25.460975187908616,
        "st_rred": 2.0002394292281167,
        "movie_index": 1.0544213294582878
    },
    "TreeGrassFamily_1920x1080_30fps_hevc.mp4": {
        "psnr": 32.2166,
        "ssim": 0.89154,
        "vmaf": 67.69179456666666,
        "fvd": 116.82533191816276,
        "st_rred": 4.797309814788921,
        "movie_index": 0.8497680959685536
    },
    "TreeTrunk_1920x1080_50fps_hevc.mp4": {
        "psnr": 34.95212,