{
    "Beauty_1920x1080_120fps_420_8bit_YUV_hevc.mp4": {
        "psnr": 12.9578,
        "ssim": 0.6607916666666667,
        "vmaf": 4.465262193333333
    },
    "Bosphorus_1920x1080_120fps_420_8bit_YUV_hevc.mp4": {
        "psnr": 12.494166666666667,
        "ssim": 0.636535,
        "vmaf": 8.575137416666667
    },
    "HoneyBee_1920x1080_120fps_420_8bit_YUV_hevc.mp4": {
        "psnr": 15.380066666666668,
        "ssim": 0.6090233333333334,
        "vmaf": 6.321036486666667
    },
    "Jockey_1920x1080_120fps_420_8bit_YUV_hevc.mp4": {
        "psnr": 40.705616666666664,
        "ssim": 0.9479266666666666,
        "vmaf": 90.782618665
    },
    "ReadySteadyGo_1920x1080_120fps_420_8bit_YUV_hevc.mp4": {
        "psnr": 12.66235,
        "ssim": 0.56453,
        "vmaf": 18.303892401666666
    },
    "ShakeNDry_1920x1080_120fps_420_8bit_YUV_hevc.mp4": {
        "psnr": 14.850966666666666,
        "ssim": 0.5608316666666667,
        "vmaf": 7.769511645
    },
    "YachtRide_1920x1080_120fps_420_8bit_YUV_hevc.mp4": {
        "psnr": 11.305566666666667,
        "ssim": 0.6083949999999999,
        "vmaf": 9.730125418333333
    }
}