{
    "BasketballDrive_1920x1080_50_h264.mp4": {
        "psnr": 30.49786,
        "ssim": 0.819986,
        "vmaf": 43.270438814,
        "tssim": 0.7620647909955068,
        "tpsnr": 27.216864297289646,
        "fvd": 169.8056751317563,
        "movie_index": 7.136313318011756,
        "st_rred": 9.642895933533733
    },
    "BQTerrace_1920x1080_60_h264.mp4": {
        "psnr": 29.9041,
        "ssim": 0.82446,
        "vmaf": 63.36128569666666,
        "tssim": 0.7842518604051766,
        "tpsnr": 27.73931023752152,
        "fvd": 205.6090974532317,
        "movie_index": 124.46508938004457,
        "st_rred": 11.437513202066025
    },
    "Cactus_1920x1080_50_h264.mp4": {
        "psnr": 31.00164,
        "ssim": 0.8182820000000001,
        "vmaf": 52.539617088,
        "tssim": 0.7698208849076974,
        "tpsnr": 28.39370242483869,
        "fvd": 123.05579969881495,
        "movie_index": 44.34962611363264,
        "st_rred": 9.509756739934343
    },
    "Kimono_1920x1080_24_h264.mp4": {
        "psnr": 35.79774999999999,
        "ssim": 0.9015583333333334,
        "vmaf": 62.45694182916667,
        "tssim": 0.8625354855584063,
        "tpsnr": 32.671901838550006,
        "fvd": 70.31525207938171,
        "movie_index": 15.627984703272956,
        "st_rred": 4.799151804998642
    },
    "ParkScene_1920x1080_24_h264.mp4": {
        "psnr": 33.11608333333333,
        "ssim": 0.8606833333333334,
        "vmaf": 66.35305365,
        "tssim": 0.8320170838000434,
        "tpsnr": 30.823935456854528,
        "fvd": 47.96530920726559,
        "movie_index": 9.641664969621841,
        "st_rred": 6.165648779583568
    }
}