{
    "BallUnderWater_1920x1080_60fps_vp9.webm": {
        "psnr": 44.02826666666667,
        "ssim": 0.9794866666666667,
        "vmaf": 86.05151932333332,
        "fvd": 13.123284578240657,
        "st_rred": 0.8681020573551059,
        "movie_index": 0.9617313184467048,
        "tssim": 0.9600201442789466,
        "tpsnr": 37.38782466773604
    },
    "Bookcase_1920x1080_60fps_vp9.webm": {
        "psnr": 41.95303333333333,
        "ssim": 0.9767,
        "vmaf": 99.95623181,
        "fvd": 1.525228711188447,
        "st_rred": 0.26930677620962484,
        "movie_index": 1.8598404814766403,
        "tssim": 0.9291185863150818,
        "tpsnr": 30.68878767721629
    },
    "Boxing_1920x1080_30fps_vp9.webm": {
        "psnr": 40.894600000000004,
        "ssim": 0.9642599999999999,
        "vmaf": 96.10662255333332,
        "fvd": 13.531312889595938,
        "st_rred": 2.751754528388851,
        "movie_index": 2.098713762808166,
        "tssim": 0.9360706680938036,
        "tpsnr": 32.6238769812872
    },
    "BricksLeaves_1920x1080_60fps_vp9.webm": {
        "psnr": 32.54043333333333,
        "ssim": 0.9162033333333333,
        "vmaf": 79.70570501333333,
        "fvd": 19.148219737164993,
        "st_rred": 3.4383241850084154,
        "movie_index": 3.24728171701814,
        "tssim": 0.8961171551270869,
        "tpsnr": 28.98370174420717
    },
    "BridgeRiver_1920x1080_30fps_vp9.webm": {
        "psnr": 30.645,
        "ssim": 0.90302,
        "vmaf": 65.47620089333333,
        "fvd": 211.21846186305433,
        "st_rred": 6.3658065097046155,
        "movie_index": 2.8587261736392975,
        "tssim": 0.8416016759351902,
        "tpsnr": 26.957288409239492
    },
    "BubblesPitcher_1920x1080_60fps_vp9.webm": {
        "psnr": 41.372033333333334,
        "ssim": 0.9579700000000001,
        "vmaf": 67.64424566666668,
        "fvd": 82.37684742042438,
        "st_rred": 1.548594576314052,
        "movie_index": 0.7818939119677081,
        "tssim": 0.9305187684936613,
        "tpsnr": 36.46962149246879
    },
    "CalmingWater_1920x1080_60fps_vp9.webm": {
        "psnr": 29.557233333333333,
        "ssim": 0.7445233333333333,
        "vmaf": 37.915422813333336,
        "fvd": 56.852139141997554,
        "st_rred": 5.774151721734917,
        "movie_index": 4.788744510216857,
        "tssim": 0.6055198113311091,
        "tpsnr": 24.610124798522744
    },
    "CarpetCircleFast_1920x1080_60fps_vp9.webm": {
        "psnr": 43.645833333333336,
        "ssim": 0.9667266666666666,
        "vmaf": 82.17585524333333,
        "fvd": 1.5985665936715066,
        "st_rred": 0.6584583306129321,
        "movie_index": 2.0644320896437334,
        "tssim": 0.9306245702098604,
        "tpsnr": 36.73420696194754
    },
    "CloudsZoom_1920x1080_60fps_vp9.webm": {
        "psnr": 56.148633333333336,
        "ssim": 0.99777,
        "vmaf": 92.45214506666667,
        "fvd": 0.26393623459377835,
        "st_rred": 0.09778316995867564,
        "movie_index": 0.1332706161439855,
        "tssim": 0.9963746192606091,
        "tpsnr": 53.84434501622433
    },
    "DiverFishAndRock_1920x1080_30fps_vp9.webm": {
        "psnr": 41.10066666666667,
        "ssim": 0.9712333333333334,
        "vmaf": 91.58305778666666,
        "fvd": 29.15144455095242,
        "st_rred": 1.983056360864266,
        "movie_index": 4.119677607645125,
        "tssim": 0.9569556365996831,
        "tpsnr": 36.96122964436576
    },
    "Diver_1920x1080_30fps_vp9.webm": {
        "psnr": 45.97353333333333,
        "ssim": 0.9813933333333333,
        "vmaf": 94.55772705999999,
        "fvd": 19.150286495048476,
        "st_rred": 1.9861746416870352,
        "movie_index": 3.208033356065518,
        "tssim": 0.9697013334193862,
        "tpsnr": 42.37510292002019
    },
    "FishAndRock_1920x1080_30fps_vp9.webm": {
        "psnr": 40.434866666666665,
        "ssim": 0.9638399999999999,
        "vmaf": 89.68248146,
        "fvd": 34.59533390453055,
        "st_rred": 2.33347915216671,
        "movie_index": 1.393576328586412,
        "tssim": 0.9558887445858908,
        "tpsnr": 38.589891472118815
    },
    "Fountain_1920x1080_50fps_vp9.webm": {
        "psnr": 33.58428,
        "ssim": 0.8142440000000001,
        "vmaf": 58.576278872,
        "fvd": 184.3293941812194,
        "st_rred": 10.565599453245081,
        "movie_index": 2.68076555652312,
        "tssim": 0.7426961107684101,
        "tpsnr": 30.71277521125763
    },
    "Grass_1920x1080_60fps_vp9.webm": {
        "psnr": 31.868266666666667,
        "ssim": 0.8893466666666667,
        "vmaf": 70.34431153,
        "fvd": 9.707840081519699,
        "st_rred": 4.76162160801351,
        "movie_index": 1.7931845179793229,
        "tssim": 0.9001909107838904,
        "tpsnr": 29.868976841802183
    },
    "Hamster_1920x1080_60fps_vp9.webm": {
        "psnr": 41.73826666666667,
        "ssim": 0.9763266666666666,
        "vmaf": 92.49187734666666,
        "fvd": 10.464621784380597,
        "st_rred": 0.33578979948163834,
        "movie_index": 1.709517701314046,
        "tssim": 0.9595881034723964,
        "tpsnr": 35.96383595546352
    },
    "KineticFastPainting_1920x1080_60fps_vp9.webm": {
        "psnr": 33.64433333333333,
        "ssim": 0.8786166666666666,
        "vmaf": 68.47326557000001,
        "fvd": 22.662831250634582,
        "st_rred": 0.8725933741759242,
        "movie_index": 4.99325811723403,
        "tssim": 0.7679867617018683,
        "tpsnr": 27.394671302974025
    },
    "Lightreef_1920x1080_30fps_vp9.webm": {
        "psnr": 31.556066666666666,
        "ssim": 0.8684133333333334,
        "vmaf": 76.48719477333333,
        "fvd": 48.24558578731671,
        "st_rred": 6.183595602283397,
        "movie_index": 8.471388783630909,
        "tssim": 0.8602114130762522,
        "tpsnr": 30.108097921281853
    },
    "MartialArts_1920x1080_60fps_vp9.webm": {
        "psnr": 47.80883333333333,
        "ssim": 0.9899566666666667,
        "vmaf": 94.7392063,
        "fvd": 6.082388878592269,
        "st_rred": 0.45619230982131764,
        "movie_index": 0.7760649339286579,
        "tssim": 0.9826503417544855,
        "tpsnr": 43.94279400879723
    },
    "Music_1920x1080_30fps_vp9.webm": {
        "psnr": 42.3126,
        "ssim": 0.9672466666666666,
        "vmaf": 91.89712876,
        "fvd": 22.123772566922526,
        "st_rred": 1.953986250500595,
        "movie_index": 9.406398857374919,
        "tssim": 0.9379913695797112,
        "tpsnr": 36.602583750782394
    },
    "PaintingTilting_1920x1080_60fps_vp9.webm": {
        "psnr": 36.729033333333334,
        "ssim": 0.9657533333333334,
        "vmaf": 99.97085782333333,
        "fvd": 4.170092881997846,
        "st_rred": 0.5294520506239735,
        "movie_index": 2.4091393594570882,
        "tssim": 0.984533583813972,
        "tpsnr": 35.515075007409955
    },
    "ParkPlay_1920x1080_50fps_vp9.webm": {
        "psnr": 31.39816,
        "ssim": 0.8127960000000001,
        "vmaf": 65.894374372,
        "fvd": 59.04167710892784,
        "st_rred": 11.229188895830234,
        "movie_index": 3.2818734316701392,
        "tssim": 0.7726726886053582,
        "tpsnr": 28.43400508620174
    },
    "PlasmaAveragePan_1920x1080_60fps_vp9.webm": {
        "psnr": 45.11103333333333,
        "ssim": 0.9894833333333333,
        "vmaf": 82.67740987333333,
        "fvd": 5.188735847724729,
        "st_rred": 0.12094902790250739,
        "movie_index": 0.2334861701298318,
        "tssim": 0.9779369815178497,
        "tpsnr": 40.84716290375062
    },
    "PlasmaSlowRandom_1920x1080_60fps_vp9.webm": {
        "psnr": 54.86846666666667,
        "ssim": 0.9983633333333334,
        "vmaf": 91.55872320666667,
        "fvd": 1.0179569984348689,
        "st_rred": 0.022313355249236277,
        "movie_index": 0.04183688059910185,
        "tssim": 0.9967123191212405,
        "tpsnr": 50.73429147216389
    },
    "RockWater_1920x1080_30fps_vp9.webm": {
        "psnr": 34.55153333333333,
        "ssim": 0.9450666666666666,