{
    "Bosphorus_1920x1080_120fps_420_8bit_YUV_hevc.mp4": {
        "psnr": 36.598933333333335,
        "ssim": 0.9149633333333335,
        "vmaf": 62.44561833833333,
        "tssim": 0.8890637995336235,
        "tpsnr": 34.398301864904234
    },
    "HoneyBee_1920x1080_120fps_420_8bit_YUV_hevc.mp4": {
        "psnr": 39.65813333333333,
        "ssim": 0.9430683333333334,
        "vmaf": 81.17068372166668,
        "tssim": 0.939342459842825,
        "tpsnr": 38.43019928398833
    },
    "Jockey_1920x1080_120fps_420_8bit_YUV_hevc.mp4": {
        "psnr": 35.29383333333333,
        "ssim": 0.9093566666666667,
        "vmaf": 52.90863705666666,
        "tssim": 0.865968975802262,
        "tpsnr": 29.302879960787713
    },
    "ReadySteadyGo_1920x1080_120fps_420_8bit_YUV_hevc.mp4": {
        "psnr": 28.512516666666663,
        "ssim": 0.797255,
        "vmaf": 37.95367926,
        "tssim": 0.7261785550944951,
        "tpsnr": 24.544294605669077
    },
    "ShakeNDry_1920x1080_120fps_420_8bit_YUV_hevc.mp4": {
        "psnr": 33.62273333333333,
        "ssim": 0.84816,
        "vmaf": 48.3220242,
        "tssim": 0.807847733135485,
        "tpsnr": 30.962450652616877
    },
    "YachtRide_1920x1080_120fps_420_8bit_YUV_hevc.mp4": {
        "psnr": 30.281200000000002,
        "ssim": 0.8248066666666667,
        "vmaf": 31.74665613666667,
        "tssim": 0.7655103363079925,
        "tpsnr": 27.69464116422879
    },
    "Beauty_1920x1080_120fps_420_8bit_YUV_hevc.mp4": {
        "psnr": 39.39558333333333,
        "ssim": 0.90484,
        "vmaf": 86.40392615666666,
        "tssim": 0.9064082205217667,
        "tpsnr": 38.3391200083126
    },
    "Beauty_1920x1080_120fps_420_8bit_YUV_vp9.webm": {
        "psnr": 39.37076666666667,
        "ssim": 0.90606,
        "vmaf": 82.09766887500001,
        "tssim": 0.9039033215048113,
        "tpsnr": 37.848363943211424
    },
    "Bosphorus_1920x1080_120fps_420_8bit_YUV_vp9.webm": {
        "psnr": 36.699216666666665,
        "ssim": 0.9157716666666667,
        "vmaf": 59.25645330333333,
        "tssim": 0.883584146107327,
        "tpsnr": 34.23307053593045
    },
    "HoneyBee_1920x1080_120fps_420_8bit_YUV_vp9.webm": {
        "psnr": 42.33283333333333,
        "ssim": 0.9643566666666668,
        "vmaf": 89.69158946499999,
        "tssim": 0.9563933098162427,
        "tpsnr": 40.759761179826896
    },
    "Jockey_1920x1080_120fps_420_8bit_YUV_vp9.webm": {
        "psnr": 36.50431666666667,
        "ssim": 0.9202316666666667,
        "vmaf": 58.41115459166667,
        "tssim": 0.8754629876785613,
        "tpsnr": 29.92103537812655
    },
    "ReadySteadyGo_1920x1080_120fps_420_8bit_YUV_vp9.webm": {
        "psnr": 31.154233333333334,
        "ssim": 0.856055,
        "vmaf": 58.20161121833333,
        "tssim": 0.8021464394873794,
        "tpsnr": 26.861841071229147
    },
    "ShakeNDry_1920x1080_120fps_420_8bit_YUV_vp9.webm": {
        "psnr": 34.0045,
        "ssim": 0.8591466666666667,
        "vmaf": 46.20091231,
        "tssim": 0.817031318151495,
        "tpsnr": 31.26180780850924
    },
    "YachtRide_1920x1080_120fps_420_8bit_YUV_vp9.webm": {
        "psnr": 30.835683333333332,
        "ssim": 0.8356816666666667,
        "vmaf": 38.007265939999996,
        "tssim": 0.7731932513794492,
        "tpsnr": 27.9945069250957
    },
    "Beauty_1920x1080_120fps_420_8bit_YUV_h264.mp4": {
        "tssim": 0.8939387954073938,
        "tpsnr": 37.362990511478685
    },
    "Bosphorus_1920x1080_120fps_420_8bit_YUV_h264.mp4": {
        "tssim": 0.894945310645568,
        "tpsnr": 34.70257114607822
    },
    "HoneyBee_1920x1080_120fps_420_8bit_YUV_h264.mp4": {
        "tssim": 0.9319876531859939,
        "tpsnr": 37.783753925253436
    },
    "Jockey_1920x1080_120fps_420_8bit_YUV_h264.mp4": {
        "tssim": 0.8645911745995892,
        "tpsnr": 29.35435656514112
    },
    "ReadySteadyGo_1920x1080_120fps_420_8bit_YUV_h264.mp4": {
        "tssim": 0.7986800381403502,
        "tpsnr": 26.57179850290136
    },
    "ShakeNDry_1920x1080_120fps_420_8bit_YUV_h264.mp4": {
        "tssim": 0.8339784700226288,
        "tpsnr": 32.067502790470186
    },
    "YachtRide_1920x1080_120fps_420_8bit_YUV_h264.mp4": {
        "tssim": 0.7773964925493119,
        "tpsnr": 28.049883579769993
    }
}