{
    "Beauty_1920x1080_120fps_420_8bit_YUV_av1.mkv": {
        "psnr": 39.30138333333333,
        "ssim": 0.9058366666666667,
        "vmaf": 79.43622625833333,
        "fvd": 71.31144172256205,
        "tssim": 0.9004475254468851,
        "tpsnr": 36.68514024992419,
        "movie_index": 2.157177421405837,
        "st_rred": 7.903888584489773
    },
    "Bosphorus_1920x1080_120fps_420_8bit_YUV_av1.mkv": {
        "psnr": 42.463,
        "ssim": 0.9713183333333333,
        "vmaf": 87.45491604166666,
        "fvd": 48.96309674305769,
        "tssim": 0.960006947930592,
        "tpsnr": 40.20870225298186,
        "movie_index": 0.3267087087980495,
        "st_rred": 2.553878225792774
    },
    "HoneyBee_1920x1080_120fps_420_8bit_YUV_av1.mkv": {
        "psnr": 43.94606666666667,
        "ssim": 0.9733716666666667,
        "vmaf": 94.4702299,
        "fvd": 17.62354475580409,
        "tssim": 0.96588028018124,
        "tpsnr": 42.195374324843165,
        "movie_index": 0.35269694744247027,
        "st_rred": 4.012533100249708
    },
    "Jockey_1920x1080_120fps_420_8bit_YUV_av1.mkv": {
        "psnr": 41.90116666666667,
        "ssim": 0.9594133333333333,
        "vmaf": 89.75937988,
        "fvd": 20.570152048642058,
        "tssim": 0.9278056027191446,
        "tpsnr": 33.611808659039276,
        "movie_index": 1.4236642230233685,
        "st_rred": 3.3981576978327226
    },
    "ReadySteadyGo_1920x1080_120fps_420_8bit_YUV_av1.mkv": {
        "psnr": 37.09293333333333,
        "ssim": 0.9424983333333333,
        "vmaf": 91.56844767833333,
        "fvd": 33.890373821302546,
        "tssim": 0.9148343366992928,
        "tpsnr": 31.82013990883039,
        "movie_index": 1.2256790319572706,
        "st_rred": 2.9013218154979654
    },
    "ShakeNDry_1920x1080_120fps_420_8bit_YUV_av1.mkv": {
        "psnr": 39.212,
        "ssim": 0.9413066666666666,
        "vmaf": 79.098819,
        "fvd": 71.84688845922983,
        "tssim": 0.9136763236196567,
        "tpsnr": 35.90539063418589,
        "movie_index": 0.8421302935650516,
        "st_rred": 4.685634478343018
    },
    "YachtRide_1920x1080_120fps_420_8bit_YUV_av1.mkv": {
        "psnr": 35.391783333333336,
        "ssim": 0.9182066666666666,
        "vmaf": 66.04967015166666,
        "fvd": 185.42322998868713,
        "tssim": 0.8855440780134901,
        "tpsnr": 32.5819467980794,
        "movie_index": 1.241012800565745,
        "st_rred": 4.631035846142961
    }
}