{
    "Beauty_1920x1080_120fps_420_8bit_YUV_vp9.webm": {
        "psnr": 38.27976666666667,
        "ssim": 0.8958450000000001,
        "vmaf": 68.022838205,
        "tssim": 0.887798605043931,
        "tpsnr": 36.12164036618648,
        "fvd": 75.12642047748159
    },
    "Bosphorus_1920x1080_120fps_420_8bit_YUV_vp9.webm": {
        "psnr": 39.37081666666667,
        "ssim": 0.9455516666666667,
        "vmaf": 76.252635265,
        "tssim": 0.883584146107327,
        "tpsnr": 34.23307053593045,
        "fvd": 131.50901383667997
    },
    "HoneyBee_1920x1080_120fps_420_8bit_YUV_vp9.webm": {
        "psnr": 42.951233333333334,
        "ssim": 0.9679366666666666,
        "vmaf": 91.85746306833333,
        "tssim": 0.9563933098162427,
        "tpsnr": 40.759761179826896,
        "fvd": 14.349618596488313
    },
    "Jockey_1920x1080_120fps_420_8bit_YUV_vp9.webm": {
        "psnr": 39.688383333333334,
        "ssim": 0.9444899999999999,
        "vmaf": 80.90589288000001,
        "tssim": 0.8754629876785613,
        "tpsnr": 29.92103537812655,
        "fvd": 44.22640952351503
    },
    "ReadySteadyGo_1920x1080_120fps_420_8bit_YUV_vp9.webm": {
        "psnr": 32.83025,
        "ssim": 0.8851583333333334,
        "vmaf": 69.19153727,
        "tssim": 0.8021464394873794,
        "tpsnr": 26.861841071229147,
        "fvd": 94.99594464893562
    },
    "ShakeNDry_1920x1080_120fps_420_8bit_YUV_vp9.webm": {
        "psnr": 36.340466666666664,
        "ssim": 0.9005299999999999,
        "vmaf": 63.43269677,
        "tssim": 0.817031318151495,
        "tpsnr": 31.26180780850924,
        "fvd": 163.24622489486
    },
    "YachtRide_1920x1080_120fps_420_8bit_YUV_vp9.webm": {
        "psnr": 32.58835,
        "ssim": 0.8696749999999999,
        "vmaf": 49.69294469333333,
        "tssim": 0.7731932513794492,
        "tpsnr": 27.9945069250957,
        "fvd": 310.86799259680015
    }
}