{
    "BasketballDrive_1920x1080_50_av1.mkv": {
        "psnr": 36.930519999999994,
        "ssim": 0.918312,
        "vmaf": 89.39670215,
        "fvd": 29.55337192046659,
        "tssim": 0.889758029150314,
        "tpsnr": 32.699512386130905,
        "movie_index": 6.5503145950232335,
        "st_rred": 7.192853740911609
    },
    "BQTerrace_1920x1080_60_av1.mkv": {
        "psnr": 35.84271666666667,
        "ssim": 0.9131866666666667,
        "vmaf": 96.40287169999999,
        "fvd": 79.87828217850483,
        "tssim": 0.904965807177834,
        "tpsnr": 34.467118525942894,
        "movie_index": 120.17758404523234,
        "st_rred": 9.214655767049166
    },
    "Cactus_1920x1080_50_av1.mkv": {
        "psnr": 36.58794,
        "ssim": 0.91351,
        "vmaf": 88.832665694,
        "fvd": 39.09746937450433,
        "tssim": 0.9047082304254888,
        "tpsnr": 34.358905700500124,
        "movie_index": 41.93084324776888,
        "st_rred": 7.817524015573582
    },
    "Kimono_1920x1080_24_av1.mkv": {
        "psnr": 40.738958333333336,
        "ssim": 0.9521708333333333,
        "vmaf": 91.61112588750001,
        "fvd": 17.753079506401946,
        "tssim": 0.9439894187777212,
        "tpsnr": 38.37839627764714,
        "movie_index": 14.11861483207183,
        "st_rred": 4.211410484141744
    },
    "ParkScene_1920x1080_24_av1.mkv": {
        "psnr": 38.237833333333334,
        "ssim": 0.9416291666666666,
        "vmaf": 91.73287352083334,
        "fvd": 20.793830862923983,
        "tssim": 0.9410610585940775,
        "tpsnr": 36.738846383832986,
        "movie_index": 9.357344818944462,
        "st_rred": 4.77439168185394
    }
}