{
    "Beauty_1920x1080_120fps_420_8bit_YUV_av1.mkv": {
        "psnr": 38.93645,
        "ssim": 0.9024566666666668,
        "vmaf": 74.11929416666668,
        "fvd": 77.46321337303084,
        "tssim": 0.8952107647734672,
        "tpsnr": 36.10458070885558,
        "movie_index": 2.1906291572299343,
        "st_rred": 8.004444439984209
    },
    "Bosphorus_1920x1080_120fps_420_8bit_YUV_av1.mkv": {
        "psnr": 41.32715,
        "ssim": 0.9644916666666665,
        "vmaf": 83.68497093666666,
        "fvd": 64.57812136119014,
        "tssim": 0.9505216692465022,
        "tpsnr": 39.04811515234945,
        "movie_index": 0.38818081457149206,
        "st_rred": 2.841058271856129
    },
    "HoneyBee_1920x1080_120fps_420_8bit_YUV_av1.mkv": {
        "psnr": 43.418616666666665,
        "ssim": 0.9707016666666666,
        "vmaf": 93.50190372666667,
        "fvd": 17.46859976806951,
        "tssim": 0.9636988687036907,
        "tpsnr": 41.782882747745674,
        "movie_index": 0.3521795483408667,
        "st_rred": 4.095510330977512
    },
    "Jockey_1920x1080_120fps_420_8bit_YUV_av1.mkv": {
        "psnr": 40.82326666666666,
        "ssim": 0.9543333333333334,
        "vmaf": 83.475738335,
        "fvd": 33.321081885708054,
        "tssim": 0.919760584233844,
        "tpsnr": 32.730025343982525,
        "movie_index": 1.534500045400231,
        "st_rred": 3.5789282603851085
    },
    "ReadySteadyGo_1920x1080_120fps_420_8bit_YUV_av1.mkv": {
        "psnr": 34.9832,
        "ssim": 0.9217216666666667,
        "vmaf": 81.13887806333334,
        "fvd": 64.17052089954973,
        "tssim": 0.8854677400629886,
        "tpsnr": 29.96396058389858,
        "movie_index": 1.4211574507898996,
        "st_rred": 3.510196295942052
    },
    "ShakeNDry_1920x1080_120fps_420_8bit_YUV_av1.mkv": {
        "psnr": 38.710366666666665,
        "ssim": 0.9345866666666666,
        "vmaf": 76.42367934,
        "fvd": 97.48278627983382,
        "tssim": 0.9070680402638739,
        "tpsnr": 35.478170363002,
        "movie_index": 0.8652005081990093,
        "st_rred": 5.026913614870213
    },
    "YachtRide_1920x1080_120fps_420_8bit_YUV_av1.mkv": {
        "psnr": 34.07255,
        "ssim": 0.9016966666666667,
        "vmaf": 57.08298263333333,
        "fvd": 251.06190779436338,
        "tssim": 0.8622340701903559,
        "tpsnr": 31.28409201633154,
        "movie_index": 1.3440521571890938,
        "st_rred": 5.410747927430814
    }
}