{
    "Bosphorus_1920x1080_120fps_420_8bit_YUV_hevc.mp4": {
        "psnr": 37.865916666666664,
        "ssim": 0.9294416666666668,
        "vmaf": 70.88949959166666,
        "tssim": 0.9103624063453927,
        "tpsnr": 35.782763024204364,
        "fvd": 102.57727816234865,
        "movie_index": 0.5859955001952055,
        "st_rred": 14.338850586777486
    },
    "HoneyBee_1920x1080_120fps_420_8bit_YUV_hevc.mp4": {
        "psnr": 41.01808333333333,
        "ssim": 0.9540516666666665,
        "vmaf": 86.97536821666667,
        "tssim": 0.950335174016597,
        "tpsnr": 39.732774428811815,
        "fvd": 18.882833173474012,
        "movie_index": 0.3637481138906216,
        "st_rred": 30.52438753538938
    },
    "Jockey_1920x1080_120fps_420_8bit_YUV_hevc.mp4": {
        "psnr": 37.10458333333333,
        "ssim": 0.9227033333333334,
        "vmaf": 66.88797696166667,
        "tssim": 0.8850086277175393,
        "tpsnr": 30.987136824899206,
        "fvd": 32.54610606770484,
        "movie_index": 1.9650794071128252,
        "st_rred": 23.292127801350347
    },
    "ReadySteadyGo_1920x1080_120fps_420_8bit_YUV_hevc.mp4": {
        "psnr": 30.243816666666667,
        "ssim": 0.83131,
        "vmaf": 51.17372518,
        "tssim": 0.7749148913939335,
        "tpsnr": 26.190766479415768,
        "fvd": 304.3765230948454,
        "movie_index": 2.2133638757298106,
        "st_rred": 24.52318897816609
    },
    "ShakeNDry_1920x1080_120fps_420_8bit_YUV_hevc.mp4": {
        "psnr": 34.7275,
        "ssim": 0.8697900000000001,
        "vmaf": 56.67029107333333,
        "tssim": 0.8362343846714473,
        "tpsnr": 32.077683573183805,
        "fvd": 173.00022602236595,
        "movie_index": 0.9468818961527435,
        "st_rred": 20.410003909970396
    },
    "YachtRide_1920x1080_120fps_420_8bit_YUV_hevc.mp4": {
        "psnr": 31.417,
        "ssim": 0.84716,
        "vmaf": 41.109860821666665,
        "tssim": 0.796192137976146,
        "tpsnr": 28.814447606744274,
        "fvd": 364.3541803802291,
        "movie_index": 1.6534592656042422,
        "st_rred": 15.006005497271904
    },
    "Beauty_1920x1080_120fps_420_8bit_YUV_hevc.mp4": {
        "psnr": 37.244,
        "ssim": 0.8853449999999999,
        "vmaf": 60.80229596833333,
        "tssim": 0.8754745346235936,
        "tpsnr": 35.07734134718651,
        "fvd": 91.18522748678714,
        "movie_index": 2.2003740031950065,
        "st_rred": 10.589565287678457
    }
}