{
    "Beauty_1920x1080_120fps_420_8bit_YUV_h264.mp4": {
        "psnr": 35.831066666666665,
        "ssim": 0.874765,
        "vmaf": 43.263875621666664,
        "tssim": 0.8533492449850993,
        "tpsnr": 33.18474340996082,
        "fvd": 171.34027189835643
    },
    "Bosphorus_1920x1080_120fps_420_8bit_YUV_h264.mp4": {
        "psnr": 35.63503333333333,
        "ssim": 0.90516,
        "vmaf": 51.41559959666667,
        "tssim": 0.8378304209638979,
        "tpsnr": 31.618132688366313,
        "fvd": 462.36871302488044
    },
    "HoneyBee_1920x1080_120fps_420_8bit_YUV_h264.mp4": {
        "psnr": 37.854533333333336,
        "ssim": 0.9304449999999999,
        "vmaf": 68.33632279833334,
        "tssim": 0.8669774064899098,
        "tpsnr": 32.57599089340694,
        "fvd": 88.82651055365216
    },
    "Jockey_1920x1080_120fps_420_8bit_YUV_h264.mp4": {
        "psnr": 32.889133333333334,
        "ssim": 0.8926683333333333,
        "vmaf": 39.016828051666664,
        "tssim": 0.7786138814151158,
        "tpsnr": 23.982810776699367,
        "fvd": 1473.167339188311
    },
    "ReadySteadyGo_1920x1080_120fps_420_8bit_YUV_h264.mp4": {
        "psnr": 28.556883333333335,
        "ssim": 0.81434,
        "vmaf": 38.95832878833333,
        "tssim": 0.6277296296962415,
        "tpsnr": 20.940518003473297,
        "fvd": 1127.6624518162284
    },
    "ShakeNDry_1920x1080_120fps_420_8bit_YUV_h264.mp4": {
        "psnr": 33.3716,
        "ssim": 0.8475966666666667,
        "vmaf": 42.11092820666667,
        "tssim": 0.6953475551456326,
        "tpsnr": 27.455542829124425,
        "fvd": 735.2626632436616
    },
    "YachtRide_1920x1080_120fps_420_8bit_YUV_h264.mp4": {
        "psnr": 29.727600000000002,
        "ssim": 0.8163433333333333,
        "vmaf": 27.944622996666663,
        "tssim": 0.688831253301706,
        "tpsnr": 24.899793347850665,
        "fvd": 508.8100690892911
    }
}