{
    "BallUnderWater_1920x1080_60fps_av1.mkv": {
        "psnr": 46.12136666666667,
        "ssim": 0.9843999999999999,
        "vmaf": 94.70441905666667,
        "fvd": 13.608540028445702,
        "st_rred": 0.8828237053359445,
        "movie_index": 0.511571319107228
    },
    "Bookcase_1920x1080_60fps_av1.mkv": {
        "psnr": 44.3059,
        "ssim": 0.9851833333333334,
        "vmaf": 99.97835528666667,
        "fvd": 0.9861224151659371,
        "st_rred": 0.2744936609794095,
        "movie_index": 1.591209407634161
    },
    "Boxing_1920x1080_30fps_av1.mkv": {
        "psnr": 42.90626666666667,
        "ssim": 0.9734666666666667,
        "vmaf": 99.91036271333333,
        "fvd": 12.707895955936237,
        "st_rred": 2.956353786085913,
        "movie_index": 0.9633113199832456
    },
    "BricksLeaves_1920x1080_60fps_av1.mkv": {
        "psnr": 36.56803333333333,
        "ssim": 0.9616966666666668,
        "vmaf": 90.66576286,
        "fvd": 19.708798468033137,
        "st_rred": 3.053985613868935,
        "movie_index": 2.9905037362888507
    },
    "BridgeRiver_1920x1080_30fps_av1.mkv": {
        "psnr": 33.9714,
        "ssim": 0.9415533333333334,
        "vmaf": 82.49224064666666,
        "fvd": 165.79914329299442,
        "st_rred": 5.333581994374363,
        "movie_index": 1.4749126766352045
    },
    "BubblesPitcher_1920x1080_60fps_av1.mkv": {
        "psnr": 43.80603333333333,
        "ssim": 0.9742633333333334,
        "vmaf": 83.74534315,
        "fvd": 52.655892832069185,
        "st_rred": 1.19559711902974,
        "movie_index": 0.5530948578862841
    },
    "CalmingWater_1920x1080_60fps_av1.mkv": {
        "psnr": 31.305799999999998,
        "ssim": 0.7961,
        "vmaf": 46.365600906666664,
        "fvd": 29.075979684051333,
        "st_rred": 6.1416022180846355,
        "movie_index": 3.1769525181489646
    },
    "CarpetCircleFast_1920x1080_60fps_av1.mkv": {
        "psnr": 45.036966666666665,
        "ssim": 0.9759899999999999,
        "vmaf": 86.77228883,
        "fvd": 1.7710812608804645,
        "st_rred": 0.8459677136773642,
        "movie_index": 2.541941938641478
    },
    "CloudsZoom_1920x1080_60fps_av1.mkv": {
        "psnr": 57.121500000000005,
        "ssim": 0.99831,
        "vmaf": 92.58845952,
        "fvd": 0.45328890635360075,
        "st_rred": 0.17110553055581357,
        "movie_index": 0.20788340268338903
    },
    "DiverFishAndRock_1920x1080_30fps_av1.mkv": {
        "psnr": 43.36213333333333,
        "ssim": 0.98008,
        "vmaf": 98.41305234,
        "fvd": 17.363229313249576,
        "st_rred": 1.9508669577447026,
        "movie_index": 3.325320921188233
    },
    "Diver_1920x1080_30fps_av1.mkv": {
        "psnr": 46.64313333333334,
        "ssim": 0.9829999999999999,
        "vmaf": 96.35534392666668,
        "fvd": 19.085111235036493,
        "st_rred": 2.044748931275376,
        "movie_index": 2.9181037891231125
    },
    "FishAndRock_1920x1080_30fps_av1.mkv": {
        "psnr": 42.22913333333333,
        "ssim": 0.97492,
        "vmaf": 96.27454764,
        "fvd": 15.767448371965202,
        "st_rred": 2.1211318024656833,
        "movie_index": 1.2056463452293569
    },
    "Fountain_1920x1080_50fps_av1.mkv": {
        "psnr": 35.0376,
        "ssim": 0.85226,
        "vmaf": 71.70713262000001,
        "fvd": 182.78053561843808,
        "st_rred": 9.657555245147257,
        "movie_index": 1.7136120379689228
    },
    "Grass_1920x1080_60fps_av1.mkv": {
        "psnr": 35.1033,
        "ssim": 0.9445166666666666,
        "vmaf": 84.10420080666667,
        "fvd": 32.07080440664539,
        "st_rred": 4.3995439478044105,
        "movie_index": 1.7251492117758978
    },
    "Hamster_1920x1080_60fps_av1.mkv": {
        "psnr": 45.0405,
        "ssim": 0.9873199999999999,
        "vmaf": 98.90334384666667,
        "fvd": 6.551377435060317,
        "st_rred": 0.4636564652665953,
        "movie_index": 0.6301424065262179
    },
    "KineticFastPainting_1920x1080_60fps_av1.mkv": {
        "psnr": 37.426433333333335,
        "ssim": 0.9385066666666667,
        "vmaf": 89.05534349666667,
        "fvd": 8.193066131155064,
        "st_rred": 1.3076957033454342,
        "movie_index": 3.372257029133098
    },
    "Lightreef_1920x1080_30fps_av1.mkv": {
        "psnr": 33.4,
        "ssim": 0.9073,
        "vmaf": 87.40159397333333,
        "fvd": 50.67582749360781,
        "st_rred": 5.8083485383092395,
        "movie_index": 9.187662905494639
    },
    "MartialArts_1920x1080_60fps_av1.mkv": {
        "psnr": 49.584666666666664,
        "ssim": 0.9933766666666666,
        "vmaf": 96.32708313,
        "fvd": 6.107140162980954,
        "st_rred": 0.5691452736616918,
        "movie_index": 0.5499874096376242
    },
    "Music_1920x1080_30fps_av1.mkv": {
        "psnr": 43.96153333333333,
        "ssim": 0.9751333333333334,
        "vmaf": 96.52545515333334,
        "fvd": 16.589863967081783,
        "st_rred": 2.077190180938768,
        "movie_index": 8.606688568506065
    },
    "PaintingTilting_1920x1080_60fps_av1.mkv": {
        "psnr": 38.625566666666664,
        "ssim": 0.97647,
        "vmaf": 99.98175893,
        "fvd": 3.774390670441221,
        "st_rred": 0.07910366523097423,
        "movie_index": 2.399460341239404
    },
    "ParkPlay_1920x1080_50fps_av1.mkv": {
        "psnr": 33.664,
        "ssim": 0.870564,
        "vmaf": 81.86255408400001,
        "fvd": 47.79383769019205,
        "st_rred": 9.38040835288686,
        "movie_index": 2.316487040505352
    },
    "PlasmaAveragePan_1920x1080_60fps_av1.mkv": {
        "psnr": 49.837133333333334,
        "ssim": 0.9956133333333335,
        "vmaf": 94.42287388,
        "fvd": 1.7095619311262027,
        "st_rred": 0.08865446729797233,
        "movie_index": 0.13859740945582205
    },
    "PlasmaSlowRandom_1920x1080_60fps_av1.mkv": {
        "psnr": 60.24536666666667,
        "ssim": 0.9996166666666666,
        "vmaf": 96.29985308666666,
        "fvd": 0.2622893175642673,
        "st_rred": 0.005393879041678873,
        "movie_index": 0.020838332055666077
    },
    "RockWater_1920x1080_30fps_av1.mkv": {
        "psnr": 37.84073333333333,
        "ssim": 0.9682799999999999,
        "vmaf": 96.43915118666666,
        "fvd": 37.72134659208132,
        "st_rred": 1.8832996354296156,
        "movie_index": 3.235866258608415
    },
    "RockWave_1920x1080_30fps_av1.mkv": {
        "psnr": 28.60346666666667,
        "ssim": 0.8754333333333333,
        "vmaf": 57.79473302666667,
        "fvd": 161.59826594901688,
        "st_rred": 9.80406745475668,
        "movie_index": 3.439598473726503
    },
    "Rowing_1920x1080_30fps_av1.mkv": {
        "psnr": 32.656533333333336,
        "ssim": 0.8897800000000001,
        "vmaf": 61.557395146666664,
        "fvd": 134.40714882176394,
        "st_rred": 5.991279163516381,
        "movie_index": 3.5605578882582236
    },
    "SmokeGuns_1920x1080_60fps_av1.mkv": {
        "psnr": 43.3538,
        "ssim": 0.9726166666666666,
        "vmaf": 90.90909150666667,
        "fvd": 28.420867291867467,
        "st_rred": 1.9185654769370117,
        "movie_index": 0.6872747501102977
    },
    "Surfers_1920x1080_30fps_av1.mkv": {
        "psnr": 40.16133333333333,
        "ssim": 0.9675599999999999,
        "vmaf": 90.71552222666666,
        "fvd": 34.611609590460375,
        "st_rred": 2.7290448945904835,
        "movie_index": 3.0835579538705367
    },
    "Toys_1920x1080_30fps_av1.mkv": {
        "psnr": 39.183933333333336,
        "ssim": 0.9663333333333333,
        "vmaf": 99.87113824,
        "fvd": 18.647748190920993,
        "st_rred": 2.4316922700548176,
        "movie_index": 0.917445782547029
    },
    "TreeGrassFamily_1920x1080_30fps_av1.mkv": {
        "psnr": 33.5784,
        "ssim": 0.9168533333333333,
        "vmaf": 73.0737163,
        "fvd": 97.68682956898544,
        "st_rred": 5.8451344685161,
        "movie_index": 1.0143331932341493
    },