{
    "BasketballDrive_1920x1080_50_h264.mp4": {
        "psnr": 31.95372,
        "ssim": 0.8458559999999999,
        "vmaf": 54.594395972,
        "tssim": 0.7981319196380141,
        "tpsnr": 28.715397626460195,
        "fvd": 82.7096464866056,
        "movie_index": 6.87980532658124,
        "st_rred": 8.358221870171668
    },
    "BQTerrace_1920x1080_60_h264.mp4": {
        "psnr": 31.133866666666666,
        "ssim": 0.8477549999999999,
        "vmaf": 72.55051201166667,
        "tssim": 0.8198513015736059,
        "tpsnr": 29.18226576090257,
        "fvd": 119.8227811682109,
        "movie_index": 124.26297153482751,
        "st_rred": 10.186460783710377
    },
    "Cactus_1920x1080_50_h264.mp4": {
        "psnr": 32.32784,
        "ssim": 0.84565,
        "vmaf": 63.392972588,
        "tssim": 0.8097093118294107,
        "tpsnr": 29.868904197861053,
        "fvd": 78.38032137319965,
        "movie_index": 44.06483922250763,
        "st_rred": 8.532243160650001
    },
    "Kimono_1920x1080_24_h264.mp4": {
        "psnr": 37.088125,
        "ssim": 0.9180166666666667,
        "vmaf": 71.50017907083334,
        "tssim": 0.8899384203369887,
        "tpsnr": 34.154633917070335,
        "fvd": 32.08072591522068,
        "movie_index": 15.489872984182885,
        "st_rred": 4.253140789500765
    },
    "ParkScene_1920x1080_24_h264.mp4": {
        "psnr": 34.158625,
        "ssim": 0.8823333333333333,
        "vmaf": 73.89736631666666,
        "tssim": 0.8641694361884074,
        "tpsnr": 32.069834034812004,
        "fvd": 38.444676173325206,
        "movie_index": 9.648750187805756,
        "st_rred": 5.287796898742721
    }
}