{
    "Beauty_1920x1080_120fps_420_8bit_YUV_av1.mkv": {
        "psnr": 39.88388333333334,
        "ssim": 0.9117633333333334,
        "vmaf": 87.80427671333334
    },
    "Bosphorus_1920x1080_120fps_420_8bit_YUV_av1.mkv": {
        "psnr": 44.92865,
        "ssim": 0.9814549999999999,
        "vmaf": 93.70074624833333
    },
    "HoneyBee_1920x1080_120fps_420_8bit_YUV_av1.mkv": {
        "psnr": 44.18031666666666,
        "ssim": 0.9743983333333334,
        "vmaf": 94.74242522166668
    },
    "Jockey_1920x1080_120fps_420_8bit_YUV_av1.mkv": {
        "psnr": 43.60698333333333,
        "ssim": 0.96682,
        "vmaf": 96.006264575
    },
    "ReadySteadyGo_1920x1080_120fps_420_8bit_YUV_av1.mkv": {
        "psnr": 41.398583333333335,
        "ssim": 0.9725716666666667,
        "vmaf": 99.74700786333334
    },
    "ShakeNDry_1920x1080_120fps_420_8bit_YUV_av1.mkv": {
        "psnr": 41.26636666666666,
        "ssim": 0.9603100000000001,
        "vmaf": 87.71703519666667
    },
    "YachtRide_1920x1080_120fps_420_8bit_YUV_av1.mkv": {
        "psnr": 38.8145,
        "ssim": 0.9534666666666666,
        "vmaf": 84.25588590666666
    }
}