{
    "BallUnderWater_1920x1080_60fps_av1.mkv": {
        "psnr": 43.569066666666664,
        "ssim": 0.9792,
        "vmaf": 82.22933147333333,
        "fvd": 36.41733691527844,
        "st_rred": 0.9669294581905383,
        "movie_index": 0.6241161588043672,
        "tssim": 0.9573737285051185,
        "tpsnr": 35.44351106981769
    },
    "Bookcase_1920x1080_60fps_av1.mkv": {
        "psnr": 41.7938,
        "ssim": 0.9766733333333334,
        "vmaf": 99.97097562,
        "fvd": 2.4156796102897715,
        "st_rred": 0.5174506901756715,
        "movie_index": 1.9776853161013646,
        "tssim": 0.9017918569342546,
        "tpsnr": 27.410439169127805
    },
    "Boxing_1920x1080_30fps_av1.mkv": {
        "psnr": 40.79553333333333,
        "ssim": 0.96556,
        "vmaf": 95.99631239333333,
        "fvd": 22.422512966301156,
        "st_rred": 3.1655100270665883,
        "movie_index": 1.2365984814679063,
        "tssim": 0.9316118272236056,
        "tpsnr": 30.807471460944054
    },
    "BricksLeaves_1920x1080_60fps_av1.mkv": {
        "psnr": 32.327933333333334,
        "ssim": 0.9237566666666667,
        "vmaf": 78.33822155666667,
        "fvd": 59.11103577963797,
        "st_rred": 4.80898505688544,
        "movie_index": 2.707670801646235,
        "tssim": 0.9035528440669977,
        "tpsnr": 28.487294933867695
    },
    "BridgeRiver_1920x1080_30fps_av1.mkv": {
        "psnr": 29.966133333333335,
        "ssim": 0.8966733333333333,
        "vmaf": 63.15350844666666,
        "fvd": 561.0787120343608,
        "st_rred": 8.801417173949442,
        "movie_index": 1.618905917110059,
        "tssim": 0.8372526607175305,
        "tpsnr": 26.592113661286014
    },
    "BubblesPitcher_1920x1080_60fps_av1.mkv": {
        "psnr": 40.77133333333333,
        "ssim": 0.9564966666666667,
        "vmaf": 62.982276886666675,
        "fvd": 139.29394261198377,
        "st_rred": 1.8722239724837255,
        "movie_index": 0.8048914700098659,
        "tssim": 0.92811584967403,
        "tpsnr": 35.64495959329765
    },
    "CalmingWater_1920x1080_60fps_av1.mkv": {
        "psnr": 27.835699999999996,
        "ssim": 0.70357,
        "vmaf": 19.100661640000002,
        "fvd": 164.10212637903612,
        "st_rred": 9.726250650315873,
        "movie_index": 3.9743822384438787,
        "tssim": 0.5741454527524563,
        "tpsnr": 23.26245119739137
    },
    "CarpetCircleFast_1920x1080_60fps_av1.mkv": {
        "psnr": 43.08756666666667,
        "ssim": 0.9641299999999999,
        "vmaf": 74.91327987666666,
        "fvd": 3.637943384997243,
        "st_rred": 1.3719478500436981,
        "movie_index": 3.220849680462011,
        "tssim": 0.9100985563172342,
        "tpsnr": 33.489020159411986
    },
    "CloudsZoom_1920x1080_60fps_av1.mkv": {
        "psnr": 55.62033333333333,
        "ssim": 0.9978566666666667,
        "vmaf": 91.60455597,
        "fvd": 0.7012201918015091,
        "st_rred": 0.22738001730304713,
        "movie_index": 0.21941031863520477,
        "tssim": 0.9964467122138706,
        "tpsnr": 53.32219356677205
    },
    "DiverFishAndRock_1920x1080_30fps_av1.mkv": {
        "psnr": 40.63506666666667,
        "ssim": 0.96972,
        "vmaf": 90.75519694,
        "fvd": 41.91866050331964,
        "st_rred": 2.3147387563178388,
        "movie_index": 3.532292301422798,
        "tssim": 0.9518845336647324,
        "tpsnr": 35.66186920268424
    },
    "Diver_1920x1080_30fps_av1.mkv": {
        "psnr": 45.367333333333335,
        "ssim": 0.9805200000000001,
        "vmaf": 91.94970609333333,
        "fvd": 49.313424265865706,
        "st_rred": 2.2336010842602967,
        "movie_index": 3.082569453690276,
        "tssim": 0.9659863059414457,
        "tpsnr": 40.58739450953951
    },
    "FishAndRock_1920x1080_30fps_av1.mkv": {
        "psnr": 39.7322,
        "ssim": 0.9601333333333332,
        "vmaf": 87.82598364666667,
        "fvd": 38.5272275824143,
        "st_rred": 2.883939532367707,
        "movie_index": 1.2752661367990827,
        "tssim": 0.9500259328461348,
        "tpsnr": 37.54220066454587
    },
    "Fountain_1920x1080_50fps_av1.mkv": {
        "psnr": 33.70992,
        "ssim": 0.820708,
        "vmaf": 56.971859076,
        "fvd": 396.69739558272033,
        "st_rred": 11.386100824641158,
        "movie_index": 2.07721913004496,
        "tssim": 0.7583905065383696,
        "tpsnr": 30.919075456489043
    },
    "Grass_1920x1080_60fps_av1.mkv": {
        "psnr": 32.0563,
        "ssim": 0.8929,
        "vmaf": 72.04479867333333,
        "fvd": 79.90870654834806,
        "st_rred": 6.287293874127748,
        "movie_index": 1.8287712720574743,
        "tssim": 0.9044921109923328,
        "tpsnr": 30.165066498976486
    },
    "Hamster_1920x1080_60fps_av1.mkv": {
        "psnr": 42.10756666666667,
        "ssim": 0.97992,
        "vmaf": 92.82366735666666,
        "fvd": 16.934860569973694,
        "st_rred": 0.665997997418522,
        "movie_index": 0.848480412543418,
        "tssim": 0.9591771618708311,
        "tpsnr": 34.79771305964543
    },
    "KineticFastPainting_1920x1080_60fps_av1.mkv": {
        "psnr": 32.9912,
        "ssim": 0.8769666666666666,
        "vmaf": 59.41621995333333,
        "fvd": 33.42390440201498,
        "st_rred": 2.8773953962948333,
        "movie_index": 5.776005403652638,
        "tssim": 0.719036772054797,
        "tpsnr": 25.156552203124182
    },
    "Lightreef_1920x1080_30fps_av1.mkv": {
        "psnr": 31.100266666666666,
        "ssim": 0.8654733333333333,
        "vmaf": 72.91582925333333,
        "fvd": 111.30765629033635,
        "st_rred": 8.160164559080428,
        "movie_index": 9.313563779696523,
        "tssim": 0.8559908035887077,
        "tpsnr": 29.511208681452196
    },
    "MartialArts_1920x1080_60fps_av1.mkv": {
        "psnr": 47.45453333333334,
        "ssim": 0.9906566666666666,
        "vmaf": 92.54800567,
        "fvd": 11.414217239326717,
        "st_rred": 0.7481600007892384,
        "movie_index": 0.6814899096221828,
        "tssim": 0.982318919965044,
        "tpsnr": 41.926776796679036
    },
    "Music_1920x1080_30fps_av1.mkv": {
        "psnr": 42.107,
        "ssim": 0.9684533333333334,
        "vmaf": 90.79533382,
        "fvd": 32.29784241267589,
        "st_rred": 2.3168043824398605,
        "movie_index": 8.649941473249221,
        "tssim": 0.9362370463109934,
        "tpsnr": 35.275230663734796
    },
    "PaintingTilting_1920x1080_60fps_av1.mkv": {
        "psnr": 36.3702,
        "ssim": 0.9631299999999999,
        "vmaf": 99.97153295333334,
        "fvd": 5.924212929696807,
        "st_rred": 0.49870353598498696,
        "movie_index": 2.6805585864931345,
        "tssim": 0.9843010966370631,
        "tpsnr": 35.177585716630304
    },
    "ParkPlay_1920x1080_50fps_av1.mkv": {
        "psnr": 31.09008,
        "ssim": 0.813904,
        "vmaf": 58.178228071999996,
        "fvd": 124.1621746686319,
        "st_rred": 12.435664085555185,
        "movie_index": 2.7082773192101213,
        "tssim": 0.7629364682701116,
        "tpsnr": 27.316572825113933
    },
    "PlasmaAveragePan_1920x1080_60fps_av1.mkv": {
        "psnr": 45.9409,
        "ssim": 0.99112,
        "vmaf": 84.94613517666667,
        "fvd": 7.6173704790157615,
        "st_rred": 0.17402296782742788,
        "movie_index": 0.21127850419053665,
        "tssim": 0.9762747154378157,
        "tpsnr": 40.2654768519577
    },
    "PlasmaSlowRandom_1920x1080_60fps_av1.mkv": {
        "psnr": 54.6236,
        "ssim": 0.99858,
        "vmaf": 92.11104338,
        "fvd": 0.7378120914523265,
        "st_rred": 0.03281886246120458,
        "movie_index": 0.042195686997291336,
        "tssim": 0.9965195644990227,
        "tpsnr": 50.516479313572916
    },
    "RockWater_1920x1080_30fps_av1.mkv": {
        "psnr": 34.21866666666667,
        "ssim": 0.9423999999999999,
        "vmaf": 79.55012184,
        "fvd": 112.63050800892779,
        "st_rred": 3.0704328106875067,
        "movie_index": 3.7731582362379803,