{
    "BasketballDrive_1920x1080_50.y4m": 24.189361572265625,
    "BQTerrace_1920x1080_60.y4m": 21.026521682739258,
    "Cactus_1920x1080_50.y4m": 15.751893997192383,
    "Kimono_1920x1080_24.y4m": 14.283069610595703,
    "ParkScene_1920x1080_24.y4m": 14.017094612121582
}