{
    "BallUnderWater_1920x1080_60fps_hevc.mp4": {
        "psnr": 47.705,
        "ssim": 0.9863666666666666,
        "vmaf": 99.78972533
    },
    "Bookcase_1920x1080_60fps_hevc.mp4": {
        "psnr": 45.1652,
        "ssim": 0.9865566666666666,
        "vmaf": 99.98258231666667
    },
    "Boxing_1920x1080_30fps_hevc.mp4": {
        "psnr": 43.973,
        "ssim": 0.9755533333333333,
        "vmaf": 99.97250199333332
    },
    "BricksLeaves_1920x1080_60fps_hevc.mp4": {
        "psnr": 37.9049,
        "ssim": 0.96685,
        "vmaf": 97.03653247333332
    },
    "BridgeRiver_1920x1080_30fps_hevc.mp4": {
        "psnr": 37.436933333333336,
        "ssim": 0.9612266666666667,
        "vmaf": 94.17271138666666
    },
    "BubblesPitcher_1920x1080_60fps_hevc.mp4": {
        "psnr": 45.618566666666666,
        "ssim": 0.9790833333333334,
        "vmaf": 92.20861055333333
    },
    "CalmingWater_1920x1080_60fps_hevc.mp4": {
        "psnr": 33.16456666666667,
        "ssim": 0.8428433333333334,
        "vmaf": 70.53780959
    },
    "CarpetCircleFast_1920x1080_60fps_hevc.mp4": {
        "psnr": 46.05683333333333,
        "ssim": 0.9798733333333333,
        "vmaf": 93.97502343000001
    },
    "CloudsZoom_1920x1080_60fps_hevc.mp4": {
        "psnr": 60.301966666666665,
        "ssim": 0.9989666666666667,
        "vmaf": 95.88030435333333
    },
    "DiverFishAndRock_1920x1080_30fps_hevc.mp4": {
        "psnr": 45.00873333333334,
        "ssim": 0.9835133333333332,
        "vmaf": 99.84915360000001
    },
    "Diver_1920x1080_30fps_hevc.mp4": {
        "psnr": 47.74693333333333,
        "ssim": 0.9845933333333333,
        "vmaf": 98.72967872
    },
    "FishAndRock_1920x1080_30fps_hevc.mp4": {
        "psnr": 43.385999999999996,
        "ssim": 0.9786133333333333,
        "vmaf": 98.77621645333333
    },
    "Fountain_1920x1080_50fps_hevc.mp4": {
        "psnr": 35.934239999999996,
        "ssim": 0.874284,
        "vmaf": 84.387776804
    },
    "Grass_1920x1080_60fps_hevc.mp4": {
        "psnr": 35.654599999999995,
        "ssim": 0.9503466666666666,
        "vmaf": 86.50496132666667
    },
    "Hamster_1920x1080_60fps_hevc.mp4": {
        "psnr": 47.022999999999996,
        "ssim": 0.9904633333333334,
        "vmaf": 99.89872969666666
    },
    "KineticFastPainting_1920x1080_60fps_hevc.mp4": {
        "psnr": 41.10296666666667,
        "ssim": 0.96765,
        "vmaf": 99.92504381
    },
    "Lightreef_1920x1080_30fps_hevc.mp4": {
        "psnr": 34.983333333333334,
        "ssim": 0.9272533333333333,
        "vmaf": 94.46691729333332
    },
    "MartialArts_1920x1080_60fps_hevc.mp4": {
        "psnr": 50.8983,
        "ssim": 0.9939,
        "vmaf": 98.11519667333334
    },
    "Music_1920x1080_30fps_hevc.mp4": {
        "psnr": 45.3742,
        "ssim": 0.9788333333333332,
        "vmaf": 99.29533355333334
    },
    "PaintingTilting_1920x1080_60fps_hevc.mp4": {
        "psnr": 38.72,
        "ssim": 0.9775766666666665,
        "vmaf": 99.96941275333333
    },
    "ParkPlay_1920x1080_50fps_hevc.mp4": {
        "psnr": 35.40284,
        "ssim": 0.8978,
        "vmaf": 94.16538958400001
    },
    "PlasmaAveragePan_1920x1080_60fps_hevc.mp4": {
        "psnr": 54.16856666666666,
        "ssim": 0.9982166666666665,
        "vmaf": 98.34991391333332
    },
    "PlasmaSlowRandom_1920x1080_60fps_hevc.mp4": {
        "psnr": 66.756,
        "ssim": 0.9999766666666666,
        "vmaf": 97.85688167
    },
    "RockWater_1920x1080_30fps_hevc.mp4": {
        "psnr": 40.288333333333334,
        "ssim": 0.9772866666666666,
        "vmaf": 99.96667502666668
    },
    "RockWave_1920x1080_30fps_hevc.mp4": {
        "psnr": 31.89633333333333,
        "ssim": 0.9295866666666668,
        "vmaf": 82.59639776
    },
    "Rowing_1920x1080_30fps_hevc.mp4": {
        "psnr": 35.8314,
        "ssim": 0.9253400000000002,
        "vmaf": 86.95053188
    },
    "SmokeGuns_1920x1080_60fps_hevc.mp4": {
        "psnr": 44.175066666666666,
        "ssim": 0.9749233333333333,
        "vmaf": 94.13063891
    },
    "Surfers_1920x1080_30fps_hevc.mp4": {
        "psnr": 43.013400000000004,
        "ssim": 0.97794,
        "vmaf": 98.84431446666667
    },
    "Toys_1920x1080_30fps_hevc.mp4": {
        "psnr": 41.099399999999996,
        "ssim": 0.97432,
        "vmaf": 99.97199669333334
    },
    "TreeGrassFamily_1920x1080_30fps_hevc.mp4": {
        "psnr": 36.2872,
        "ssim": 0.9447533333333333,
        "vmaf": 87.63375916666666
    },
    "TreeTrunk_1920x1080_50fps_hevc.mp4": {
        "psnr": 36.78244,
        "ssim": 0.945612,
        "vmaf": 99.947016348
    },
    "Typing_1920x1080_60fps_hevc.mp4": {
        "psnr": 48.07316666666667,
        "ssim": 0.98999,
        "vmaf": 96.83938497999999
    }
}