{
    "BallUnderWater_1920x1080_60fps_av1.mkv": {
        "psnr": 48.143633333333334,
        "ssim": 0.9881366666666666,
        "vmaf": 99.38913467333333
    },
    "Bookcase_1920x1080_60fps_av1.mkv": {
        "psnr": 45.7972,
        "ssim": 0.98863,
        "vmaf": 99.98287921000001
    },
    "Boxing_1920x1080_30fps_av1.mkv": {
        "psnr": 44.47213333333333,
        "ssim": 0.9780466666666666,
        "vmaf": 99.95844352666667
    },
    "BricksLeaves_1920x1080_60fps_av1.mkv": {
        "psnr": 39.85836666666667,
        "ssim": 0.97801,
        "vmaf": 98.31326827666666
    },
    "BridgeRiver_1920x1080_30fps_av1.mkv": {
        "psnr": 39.23093333333333,
        "ssim": 0.9699866666666666,
        "vmaf": 97.36916737333333
    },
    "BubblesPitcher_1920x1080_60fps_av1.mkv": {
        "psnr": 47.576566666666665,
        "ssim": 0.9869033333333332,
        "vmaf": 95.90120084333333
    },
    "CalmingWater_1920x1080_60fps_av1.mkv": {
        "psnr": 34.64403333333333,
        "ssim": 0.87754,
        "vmaf": 77.17500756333334
    },
    "CarpetCircleFast_1920x1080_60fps_av1.mkv": {
        "psnr": 46.39033333333334,
        "ssim": 0.9817066666666666,
        "vmaf": 92.65787628666666
    },
    "CloudsZoom_1920x1080_60fps_av1.mkv": {
        "psnr": 59.44800000000001,
        "ssim": 0.9989366666666666,
        "vmaf": 94.15603611666667
    },
    "DiverFishAndRock_1920x1080_30fps_av1.mkv": {
        "psnr": 45.486,
        "ssim": 0.9854533333333334,
        "vmaf": 99.93182455333333
    },
    "Diver_1920x1080_30fps_av1.mkv": {
        "psnr": 48.06286666666667,
        "ssim": 0.9860866666666668,
        "vmaf": 98.33819665333334
    },
    "FishAndRock_1920x1080_30fps_av1.mkv": {
        "psnr": 44.0086,
        "ssim": 0.9813200000000001,
        "vmaf": 99.64870867333333
    },
    "Fountain_1920x1080_50fps_av1.mkv": {
        "psnr": 36.7614,
        "ssim": 0.89066,
        "vmaf": 85.987566156
    },
    "Grass_1920x1080_60fps_av1.mkv": {
        "psnr": 37.9286,
        "ssim": 0.96947,
        "vmaf": 90.83745324666667
    },
    "Hamster_1920x1080_60fps_av1.mkv": {
        "psnr": 47.666666666666664,
        "ssim": 0.9920766666666666,
        "vmaf": 99.92050729
    },
    "KineticFastPainting_1920x1080_60fps_av1.mkv": {
        "psnr": 42.15913333333333,
        "ssim": 0.9732633333333333,
        "vmaf": 99.97278859
    },
    "Lightreef_1920x1080_30fps_av1.mkv": {
        "psnr": 35.77086666666667,
        "ssim": 0.9347666666666666,
        "vmaf": 97.25857282
    },
    "MartialArts_1920x1080_60fps_av1.mkv": {
        "psnr": 51.44493333333333,
        "ssim": 0.9950833333333332,
        "vmaf": 98.10066018333333
    },
    "Music_1920x1080_30fps_av1.mkv": {
        "psnr": 45.77,
        "ssim": 0.9807533333333334,
        "vmaf": 99.27082676666666
    },
    "PaintingTilting_1920x1080_60fps_av1.mkv": {
        "psnr": 39.7069,
        "ssim": 0.9813233333333333,
        "vmaf": 99.98489253666666
    },
    "ParkPlay_1920x1080_50fps_av1.mkv": {
        "psnr": 36.08944,
        "ssim": 0.90984,
        "vmaf": 96.371692364
    },
    "PlasmaAveragePan_1920x1080_60fps_av1.mkv": {
        "psnr": 55.430733333333336,
        "ssim": 0.9985866666666667,
        "vmaf": 98.80554388666665
    },
    "PlasmaSlowRandom_1920x1080_60fps_av1.mkv": {
        "psnr": 67.61216666666667,
        "ssim": 1.0,
        "vmaf": 97.87228042
    },
    "RockWater_1920x1080_30fps_av1.mkv": {
        "psnr": 41.10066666666667,
        "ssim": 0.9810066666666667,
        "vmaf": 99.96423363333334
    },
    "RockWave_1920x1080_30fps_av1.mkv": {
        "psnr": 33.242399999999996,
        "ssim": 0.9402466666666667,
        "vmaf": 88.54317186666667
    },
    "Rowing_1920x1080_30fps_av1.mkv": {
        "psnr": 37.50306666666667,
        "ssim": 0.9446599999999999,
        "vmaf": 92.6972553
    },
    "SmokeGuns_1920x1080_60fps_av1.mkv": {
        "psnr": 44.7351,
        "ssim": 0.9781333333333333,
        "vmaf": 94.52754742
    },
    "Surfers_1920x1080_30fps_av1.mkv": {
        "psnr": 43.568733333333334,
        "ssim": 0.9804999999999999,
        "vmaf": 99.10216490666667
    },
    "Toys_1920x1080_30fps_av1.mkv": {
        "psnr": 41.6514,
        "ssim": 0.9765066666666666,
        "vmaf": 99.96641033333333
    },
    "TreeGrassFamily_1920x1080_30fps_av1.mkv": {
        "psnr": 37.50433333333333,
        "ssim": 0.9537,
        "vmaf": 90.54919932
    },
    "TreeTrunk_1920x1080_50fps_av1.mkv": {
        "psnr": 37.76872,
        "ssim": 0.957264,
        "vmaf": 99.967181388
    },
    "Typing_1920x1080_60fps_av1.mkv": {
        "psnr": 49.18853333333333,
        "ssim": 0.9926533333333333,
        "vmaf": 97.09079052
    }
}