{
    "BallUnderWater_1920x1080_60fps_h264.mp4": {
        "psnr": 37.25613333333333,
        "ssim": 0.9587699999999999,
        "vmaf": 43.795805273333336,
        "fvd": 259.7899655392841,
        "st_rred": 2.073223055869531,
        "movie_index": 1.0573901934767247
    },
    "Bookcase_1920x1080_60fps_h264.mp4": {
        "psnr": 33.25273333333333,
        "ssim": 0.9137466666666667,
        "vmaf": 74.93732155333333,
        "fvd": 20.846499852806573,
        "st_rred": 2.3177187183121504,
        "movie_index": 3.200214612842802
    },
    "Boxing_1920x1080_30fps_h264.mp4": {
        "psnr": 35.730999999999995,
        "ssim": 0.9324466666666668,
        "vmaf": 68.53231415333333,
        "fvd": 91.02871917493371,
        "st_rred": 3.6949549269650923,
        "movie_index": 2.6586477908512087
    },
    "BricksLeaves_1920x1080_60fps_h264.mp4": {
        "psnr": 26.276066666666665,
        "ssim": 0.7972266666666666,
        "vmaf": 48.750496489999996,
        "fvd": 80.7976571877343,
        "st_rred": 9.536642938707303,
        "movie_index": 3.671103294403059
    },
    "BridgeRiver_1920x1080_30fps_h264.mp4": {
        "psnr": 27.2578,
        "ssim": 0.8325266666666666,
        "vmaf": 45.20584836,
        "fvd": 574.4393761461971,
        "st_rred": 8.976487558819773,
        "movie_index": 2.2939484611453627
    },
    "BubblesPitcher_1920x1080_60fps_h264.mp4": {
        "psnr": 37.03103333333333,
        "ssim": 0.9322733333333334,
        "vmaf": 36.97649969,
        "fvd": 197.61719696402088,
        "st_rred": 3.255286249002161,
        "movie_index": 1.0959884482918674
    },
    "CalmingWater_1920x1080_60fps_h264.mp4": {
        "psnr": 24.377266666666667,
        "ssim": 0.6276333333333333,
        "vmaf": 11.390332646666668,
        "fvd": 671.0251838076327,
        "st_rred": 17.24933436440871,
        "movie_index": 5.857113260887937
    },
    "CarpetCircleFast_1920x1080_60fps_h264.mp4": {
        "psnr": 36.888333333333335,
        "ssim": 0.9026166666666667,
        "vmaf": 30.970765556666667,
        "fvd": 65.27408547283295,
        "st_rred": 3.8337396109029402,
        "movie_index": 5.030369681458808
    },
    "CloudsZoom_1920x1080_60fps_h264.mp4": {
        "psnr": 53.68946666666667,
        "ssim": 0.9968866666666666,
        "vmaf": 87.37900403666667,
        "fvd": 2.9114524297517788,
        "st_rred": 0.22496508384429575,
        "movie_index": 0.2253347224147872
    },
    "DiverFishAndRock_1920x1080_30fps_h264.mp4": {
        "psnr": 35.254533333333335,
        "ssim": 0.9328133333333333,
        "vmaf": 63.75474431333333,
        "fvd": 99.64381079754071,
        "st_rred": 3.1399045831952375,
        "movie_index": 3.2791039823685715
    },
    "Diver_1920x1080_30fps_h264.mp4": {
        "psnr": 42.39986666666666,
        "ssim": 0.9720399999999999,
        "vmaf": 79.01022783333333,
        "fvd": 94.75512370469642,
        "st_rred": 1.9971696455882162,
        "movie_index": 2.9785081268156937
    },
    "FishAndRock_1920x1080_30fps_h264.mp4": {
        "psnr": 35.09413333333333,
        "ssim": 0.9071266666666667,
        "vmaf": 59.93493706666667,
        "fvd": 142.61280123803306,
        "st_rred": 4.26376214349953,
        "movie_index": 1.6424170550483985
    },
    "Fountain_1920x1080_50fps_h264.mp4": {
        "psnr": 30.38268,
        "ssim": 0.7415879999999999,
        "vmaf": 31.914583032,
        "fvd": 797.9650710271535,
        "st_rred": 15.281312265621128,
        "movie_index": 2.9434957135633293
    },
    "Grass_1920x1080_60fps_h264.mp4": {
        "psnr": 26.839266666666667,
        "ssim": 0.7161733333333333,
        "vmaf": 38.85236777666666,
        "fvd": 38.37726891740189,
        "st_rred": 10.400991069092196,
        "movie_index": 2.0207281078283605
    },
    "Hamster_1920x1080_60fps_h264.mp4": {
        "psnr": 35.73566666666667,
        "ssim": 0.9502866666666667,
        "vmaf": 64.9643581,
        "fvd": 58.21019095120414,
        "st_rred": 1.7637829852724103,
        "movie_index": 1.690481779268354
    },
    "KineticFastPainting_1920x1080_60fps_h264.mp4": {
        "psnr": 25.401933333333332,
        "ssim": 0.6952200000000001,
        "vmaf": 26.074350566666666,
        "fvd": 664.2967667804571,
        "st_rred": 16.28279209690954,
        "movie_index": 12.160062195066624
    },
    "Lightreef_1920x1080_30fps_h264.mp4": {
        "psnr": 26.8228,
        "ssim": 0.7515,
        "vmaf": 41.33237967333333,
        "fvd": 294.2601888563446,
        "st_rred": 12.22575167099076,
        "movie_index": 11.427768685273676
    },
    "MartialArts_1920x1080_60fps_h264.mp4": {
        "psnr": 42.54826666666666,
        "ssim": 0.9786633333333333,
        "vmaf": 78.15312084,
        "fvd": 29.72719438831723,
        "st_rred": 1.1284031679135356,
        "movie_index": 0.7862252662313423
    },
    "Music_1920x1080_30fps_h264.mp4": {
        "psnr": 37.9278,
        "ssim": 0.94342,
        "vmaf": 68.85164546666667,
        "fvd": 76.3403570719056,
        "st_rred": 2.8651993451715168,
        "movie_index": 7.954399517918593
    },
    "PaintingTilting_1920x1080_60fps_h264.mp4": {
        "psnr": 27.85346666666667,
        "ssim": 0.8786966666666666,
        "vmaf": 76.64938439666668,
        "fvd": 30.14854014996604,
        "st_rred": 4.8762565178681925,
        "movie_index": 3.3340481769754535
    },
    "ParkPlay_1920x1080_50fps_h264.mp4": {
        "psnr": 26.87552,
        "ssim": 0.672036,
        "vmaf": 22.352820544,
        "fvd": 299.5159107010493,
        "st_rred": 18.76191403388244,
        "movie_index": 2.836704129914203
    },
    "PlasmaAveragePan_1920x1080_60fps_h264.mp4": {
        "psnr": 40.81163333333333,
        "ssim": 0.9818366666666666,
        "vmaf": 58.694368960000006,
        "fvd": 25.642282978962726,
        "st_rred": 0.3981865597838987,
        "movie_index": 0.28734899492915655
    },
    "PlasmaSlowRandom_1920x1080_60fps_h264.mp4": {
        "psnr": 51.49,
        "ssim": 0.9975333333333333,
        "vmaf": 85.46513562666667,
        "fvd": 2.4561139397449665,
        "st_rred": 0.043772010417957086,
        "movie_index": 0.05454176163805468
    },
    "RockWater_1920x1080_30fps_h264.mp4": {
        "psnr": 28.835133333333335,
        "ssim": 0.8759666666666668,
        "vmaf": 48.57254286,
        "fvd": 343.3205690643774,
        "st_rred": 6.454940307899712,
        "movie_index": 3.411423569557651
    },
    "RockWave_1920x1080_30fps_h264.mp4": {
        "psnr": 23.4464,
        "ssim": 0.7363866666666666,
        "vmaf": 18.033000726666668,
        "fvd": 562.3336772997661,
        "st_rred": 16.13380331423309,
        "movie_index": 4.441500618953833
    },
    "Rowing_1920x1080_30fps_h264.mp4": {
        "psnr": 26.881066666666666,
        "ssim": 0.7733733333333334,
        "vmaf": 11.231815893333334,
        "fvd": 1189.8099313401667,
        "st_rred": 14.634202755035291,
        "movie_index": 7.600749345433792
    },
    "SmokeGuns_1920x1080_60fps_h264.mp4": {
        "psnr": 35.828700000000005,
        "ssim": 0.9193133333333333,
        "vmaf": 49.09539916333333,
        "fvd": 111.69855949939847,
        "st_rred": 2.8137494202425435,
        "movie_index": 2.3488245517214805
    },
    "Surfers_1920x1080_30fps_h264.mp4": {
        "psnr": 33.26173333333333,
        "ssim": 0.9003666666666668,
        "vmaf": 54.36678815333333,
        "fvd": 195.45050888579044,
        "st_rred": 4.908664666794408,
        "movie_index": 2.5825952611513587
    },
    "Toys_1920x1080_30fps_h264.mp4": {
        "psnr": 30.525266666666667,
        "ssim": 0.8743933333333332,
        "vmaf": 54.65010769333334,
        "fvd": 131.73965291762624,
        "st_rred": 5.43359295150972,
        "movie_index": 3.5252498132270453
    },
    "TreeGrassFamily_1920x1080_30fps_h264.mp4": {
        "psnr": 27.327466666666666,
        "ssim": 0.7622133333333334,
        "vmaf": 32.910452066666664,
        "fvd": 478.09877320911005,