{
    "BallUnderWater_1920x1080_60fps_vp9.webm": {
        "psnr": 44.02826666666667,
        "ssim": 0.9794866666666667,
        "vmaf": 86.05151932333332,
        "fvd": 13.123284578240657,
        "st_rred": 0.8681020573551059,
        "movie_index": 0.9617313184467048
    },
    "Bookcase_1920x1080_60fps_vp9.webm": {
        "psnr": 41.95303333333333,
        "ssim": 0.9767,
        "vmaf": 99.95623181,
        "fvd": 1.525228711188447,
        "st_rred": 0.26930677620962484,
        "movie_index": 1.8598404814766403
    },
    "Boxing_1920x1080_30fps_vp9.webm": {
        "psnr": 40.894600000000004,
        "ssim": 0.9642599999999999,
        "vmaf": 96.10662255333332,
        "fvd": 13.531312889595938,
        "st_rred": 2.751754528388851,
        "movie_index": 2.098713762808166
    },
    "BricksLeaves_1920x1080_60fps_vp9.webm": {
        "psnr": 32.54043333333333,
        "ssim": 0.9162033333333333,
        "vmaf": 79.70570501333333,
        "fvd": 19.148219737164993,
        "st_rred": 3.4383241850084154,
        "movie_index": 3.24728171701814
    },
    "BridgeRiver_1920x1080_30fps_vp9.webm": {
        "psnr": 30.645,
        "ssim": 0.90302,
        "vmaf": 65.47620089333333,
        "fvd": 211.21846186305433,
        "st_rred": 6.3658065097046155,
        "movie_index": 2.8587261736392975
    },
    "BubblesPitcher_1920x1080_60fps_vp9.webm": {
        "psnr": 41.372033333333334,
        "ssim": 0.9579700000000001,
        "vmaf": 67.64424566666668,
        "fvd": 82.37684742042438,
        "st_rred": 1.548594576314052,
        "movie_index": 0.7818939119677081
    },
    "CalmingWater_1920x1080_60fps_vp9.webm": {
        "psnr": 29.557233333333333,
        "ssim": 0.7445233333333333,
        "vmaf": 37.915422813333336,
        "fvd": 56.852139141997554,
        "st_rred": 5.774151721734917,
        "movie_index": 4.788744510216857
    },
    "CarpetCircleFast_1920x1080_60fps_vp9.webm": {
        "psnr": 43.645833333333336,
        "ssim": 0.9667266666666666,
        "vmaf": 82.17585524333333,
        "fvd": 1.5985665936715066,
        "st_rred": 0.6584583306129321,
        "movie_index": 2.0644320896437334
    },
    "CloudsZoom_1920x1080_60fps_vp9.webm": {
        "psnr": 56.148633333333336,
        "ssim": 0.99777,
        "vmaf": 92.45214506666667,
        "fvd": 0.26393623459377835,
        "st_rred": 0.09778316995867564,
        "movie_index": 0.1332706161439855
    },
    "DiverFishAndRock_1920x1080_30fps_vp9.webm": {
        "psnr": 41.10066666666667,
        "ssim": 0.9712333333333334,
        "vmaf": 91.58305778666666,
        "fvd": 29.15144455095242,
        "st_rred": 1.983056360864266,
        "movie_index": 4.119677607645125
    },
    "Diver_1920x1080_30fps_vp9.webm": {
        "psnr": 45.97353333333333,
        "ssim": 0.9813933333333333,
        "vmaf": 94.55772705999999,
        "fvd": 19.150286495048476,
        "st_rred": 1.9861746416870352,
        "movie_index": 3.208033356065518
    },
    "FishAndRock_1920x1080_30fps_vp9.webm": {
        "psnr": 40.434866666666665,
        "ssim": 0.9638399999999999,
        "vmaf": 89.68248146,
        "fvd": 34.59533390453055,
        "st_rred": 2.33347915216671,
        "movie_index": 1.393576328586412
    },
    "Fountain_1920x1080_50fps_vp9.webm": {
        "psnr": 33.58428,
        "ssim": 0.8142440000000001,
        "vmaf": 58.576278872,
        "fvd": 184.3293941812194,
        "st_rred": 10.565599453245081,
        "movie_index": 2.68076555652312
    },
    "Grass_1920x1080_60fps_vp9.webm": {
        "psnr": 31.868266666666667,
        "ssim": 0.8893466666666667,
        "vmaf": 70.34431153,
        "fvd": 9.707840081519699,
        "st_rred": 4.76162160801351,
        "movie_index": 1.7931845179793229
    },
    "Hamster_1920x1080_60fps_vp9.webm": {
        "psnr": 41.73826666666667,
        "ssim": 0.9763266666666666,
        "vmaf": 92.49187734666666,
        "fvd": 10.464621784380597,
        "st_rred": 0.33578979948163834,
        "movie_index": 1.709517701314046
    },
    "KineticFastPainting_1920x1080_60fps_vp9.webm": {
        "psnr": 33.64433333333333,
        "ssim": 0.8786166666666666,
        "vmaf": 68.47326557000001,
        "fvd": 22.662831250634582,
        "st_rred": 0.8725933741759242,
        "movie_index": 4.99325811723403
    },
    "Lightreef_1920x1080_30fps_vp9.webm": {
        "psnr": 31.556066666666666,
        "ssim": 0.8684133333333334,
        "vmaf": 76.48719477333333,
        "fvd": 48.24558578731671,
        "st_rred": 6.183595602283397,
        "movie_index": 8.471388783630909
    },
    "MartialArts_1920x1080_60fps_vp9.webm": {
        "psnr": 47.80883333333333,
        "ssim": 0.9899566666666667,
        "vmaf": 94.7392063,
        "fvd": 6.082388878592269,
        "st_rred": 0.45619230982131764,
        "movie_index": 0.7760649339286579
    },
    "Music_1920x1080_30fps_vp9.webm": {
        "psnr": 42.3126,
        "ssim": 0.9672466666666666,
        "vmaf": 91.89712876,
        "fvd": 22.123772566922526,
        "st_rred": 1.953986250500595,
        "movie_index": 9.406398857374919
    },
    "PaintingTilting_1920x1080_60fps_vp9.webm": {
        "psnr": 36.729033333333334,
        "ssim": 0.9657533333333334,
        "vmaf": 99.97085782333333,
        "fvd": 4.170092881997846,
        "st_rred": 0.5294520506239735,
        "movie_index": 2.4091393594570882
    },
    "ParkPlay_1920x1080_50fps_vp9.webm": {
        "psnr": 31.39816,
        "ssim": 0.8127960000000001,
        "vmaf": 65.894374372,
        "fvd": 59.04167710892784,
        "st_rred": 11.229188895830234,
        "movie_index": 3.2818734316701392
    },
    "PlasmaAveragePan_1920x1080_60fps_vp9.webm": {
        "psnr": 45.11103333333333,
        "ssim": 0.9894833333333333,
        "vmaf": 82.67740987333333,
        "fvd": 5.188735847724729,
        "st_rred": 0.12094902790250739,
        "movie_index": 0.2334861701298318
    },
    "PlasmaSlowRandom_1920x1080_60fps_vp9.webm": {
        "psnr": 54.86846666666667,
        "ssim": 0.9983633333333334,
        "vmaf": 91.55872320666667,
        "fvd": 1.0179569984348689,
        "st_rred": 0.022313355249236277,
        "movie_index": 0.04183688059910185
    },
    "RockWater_1920x1080_30fps_vp9.webm": {
        "psnr": 34.55153333333333,
        "ssim": 0.9450666666666666,
        "vmaf": 79.62390767333333,
        "fvd": 71.40268756739601,
        "st_rred": 2.5208177465683477,
        "movie_index": 4.735577326893006
    },
    "RockWave_1920x1080_30fps_vp9.webm": {
        "psnr": 26.85046666666667,
        "ssim": 0.83064,
        "vmaf": 43.67682024,
        "fvd": 140.6607990360718,
        "st_rred": 10.327652063568511,
        "movie_index": 4.535384128857779
    },
    "Rowing_1920x1080_30fps_vp9.webm": {
        "psnr": 30.6986,
        "ssim": 0.84902,
        "vmaf": 43.1752957,
        "fvd": 196.5045408592755,
        "st_rred": 8.321096979606843,
        "movie_index": 5.662958082736738
    },
    "SmokeGuns_1920x1080_60fps_vp9.webm": {
        "psnr": 41.0173,
        "ssim": 0.9592999999999999,
        "vmaf": 82.16854683,
        "fvd": 16.207212586554192,
        "st_rred": 1.583522376532457,
        "movie_index": 1.2494473461323359
    },
    "Surfers_1920x1080_30fps_vp9.webm": {
        "psnr": 37.11266666666666,
        "ssim": 0.94528,
        "vmaf": 77.16130186666666,
        "fvd": 69.17684816704048,
        "st_rred": 2.607935486663493,
        "movie_index": 4.084426965989523
    },
    "Toys_1920x1080_30fps_vp9.webm": {
        "psnr": 36.8848,
        "ssim": 0.9482799999999999,
        "vmaf": 92.78849733333334,
        "fvd": 28.04879281280091,
        "st_rred": 2.289359989996754,
        "movie_index": 1.4138148336002492
    },
    "TreeGrassFamily_1920x1080_30fps_vp9.webm": {
        "psnr": 30.8776,
        "ssim": 0.8688933333333334,
        "vmaf": 54.32286652,
        "fvd": 126.89135291716286,
        "st_rred": 5.882696941932842,
        "movie_index": 2.2239952353923114
    },