{
    "Beauty_1920x1080_120fps_420_8bit_YUV_vp9.webm": {
        "psnr": 37.955866666666665,
        "ssim": 0.8931050000000001,
        "vmaf": 64.30650695166668,
        "tssim": 0.8834461142360891,
        "tpsnr": 35.66871774893173,
        "fvd": 77.8751593797898
    },
    "Bosphorus_1920x1080_120fps_420_8bit_YUV_vp9.webm": {
        "psnr": 38.69206666666667,
        "ssim": 0.9386766666666667,
        "vmaf": 72.44205356833334,
        "tssim": 0.883584146107327,
        "tpsnr": 34.23307053593045,
        "fvd": 131.50901383667997
    },
    "HoneyBee_1920x1080_120fps_420_8bit_YUV_vp9.webm": {
        "psnr": 42.83786666666667,
        "ssim": 0.9673433333333332,
        "vmaf": 91.49842094,
        "tssim": 0.9563933098162427,
        "tpsnr": 40.759761179826896,
        "fvd": 14.349618596488313
    },
    "Jockey_1920x1080_120fps_420_8bit_YUV_vp9.webm": {
        "psnr": 38.93095,
        "ssim": 0.9391666666666667,
        "vmaf": 76.13944787,
        "tssim": 0.8754629876785613,
        "tpsnr": 29.92103537812655,
        "fvd": 44.22640952351503
    },
    "ReadySteadyGo_1920x1080_120fps_420_8bit_YUV_vp9.webm": {
        "psnr": 32.07948333333333,
        "ssim": 0.8725566666666666,
        "vmaf": 64.468105645,
        "tssim": 0.8021464394873794,
        "tpsnr": 26.861841071229147,
        "fvd": 94.99594464893562
    },
    "ShakeNDry_1920x1080_120fps_420_8bit_YUV_vp9.webm": {
        "psnr": 35.777966666666664,
        "ssim": 0.8914266666666667,
        "vmaf": 59.897518183333325,
        "tssim": 0.817031318151495,
        "tpsnr": 31.26180780850924,
        "fvd": 163.24622489486
    },
    "YachtRide_1920x1080_120fps_420_8bit_YUV_vp9.webm": {
        "psnr": 32.10776666666666,
        "ssim": 0.8605783333333333,
        "vmaf": 46.253709218333334,
        "tssim": 0.7731932513794492,
        "tpsnr": 27.9945069250957,
        "fvd": 310.86799259680015
    },
    "Beauty_1920x1080_120fps_420_8bit_YUV_h264.mp4": {},
    "Bosphorus_1920x1080_120fps_420_8bit_YUV_h264.mp4": {},
    "HoneyBee_1920x1080_120fps_420_8bit_YUV_h264.mp4": {},
    "Jockey_1920x1080_120fps_420_8bit_YUV_h264.mp4": {},
    "ReadySteadyGo_1920x1080_120fps_420_8bit_YUV_h264.mp4": {},
    "ShakeNDry_1920x1080_120fps_420_8bit_YUV_h264.mp4": {},
    "YachtRide_1920x1080_120fps_420_8bit_YUV_h264.mp4": {},
    "Beauty_1920x1080_120fps_420_8bit_YUV_hevc.mp4": {},
    "Bosphorus_1920x1080_120fps_420_8bit_YUV_hevc.mp4": {},
    "HoneyBee_1920x1080_120fps_420_8bit_YUV_hevc.mp4": {},
    "Jockey_1920x1080_120fps_420_8bit_YUV_hevc.mp4": {},
    "ReadySteadyGo_1920x1080_120fps_420_8bit_YUV_hevc.mp4": {},
    "ShakeNDry_1920x1080_120fps_420_8bit_YUV_hevc.mp4": {},
    "YachtRide_1920x1080_120fps_420_8bit_YUV_hevc.mp4": {}
}