{
    "BasketballDrive_1920x1080_50_hevc.mp4": {
        "psnr": 32.48876,
        "ssim": 0.8490639999999999,
        "vmaf": 61.337621654,
        "tssim": 0.8132633859473364,
        "tpsnr": 29.376630114171213,
        "fvd": 86.12347021885307,
        "movie_index": 6.331294791731901,
        "st_rred": 7.297861192349977
    },
    "BQTerrace_1920x1080_60_hevc.mp4": {
        "psnr": 32.538783333333335,
        "ssim": 0.8629533333333335,
        "vmaf": 80.75532931333333,
        "tssim": 0.8500121120619084,
        "tpsnr": 31.070855674043123,
        "fvd": 142.17631303757207,
        "movie_index": 124.04488010980648,
        "st_rred": 10.149480647519098
    },
    "Cactus_1920x1080_50_hevc.mp4": {
        "psnr": 31.97016,
        "ssim": 0.8299739999999999,
        "vmaf": 61.58718450200001,
        "tssim": 0.8030757239780877,
        "tpsnr": 29.824683886969495,
        "fvd": 127.51009377900729,
        "movie_index": 43.86971107358206,
        "st_rred": 8.67314496987416
    },
    "Kimono_1920x1080_24_hevc.mp4": {
        "psnr": 37.14275,
        "ssim": 0.9136166666666666,
        "vmaf": 75.49985897083334,
        "tssim": 0.8947113454518498,
        "tpsnr": 34.56520635213812,
        "fvd": 55.123166944302056,
        "movie_index": 14.395679955078467,
        "st_rred": 3.7704505908508317
    },
    "ParkScene_1920x1080_24_hevc.mp4": {
        "psnr": 34.17395833333333,
        "ssim": 0.8763500000000001,
        "vmaf": 74.89273735,
        "tssim": 0.8700407901051792,
        "tpsnr": 32.434135460953335,
        "fvd": 43.675508313619844,
        "movie_index": 9.464589596231113,
        "st_rred": 5.944704734696234
    }
}