{
    "BallUnderWater_1920x1080_60fps_hevc.mp4": {
        "psnr": 43.69853333333333,
        "ssim": 0.9773133333333334,
        "vmaf": 87.99613900333334,
        "fvd": 9.999275825042275,
        "st_rred": 0.7025140288766902,
        "movie_index": 0.483126110057767,
        "tssim": 0.9606816418027204,
        "tpsnr": 37.56338367015622
    },
    "Bookcase_1920x1080_60fps_hevc.mp4": {
        "psnr": 41.47593333333334,
        "ssim": 0.9733499999999999,
        "vmaf": 99.93571948666667,
        "fvd": 3.2596956484512702,
        "st_rred": 0.3040604591393503,
        "movie_index": 1.6853339037169581,
        "tssim": 0.9210856815594874,
        "tpsnr": 29.51159090022977
    },
    "Boxing_1920x1080_30fps_hevc.mp4": {
        "psnr": 40.7194,
        "ssim": 0.9603733333333332,
        "vmaf": 98.05862525333333,
        "fvd": 15.119635590983762,
        "st_rred": 2.4895528287002513,
        "movie_index": 0.8904667096650041,
        "tssim": 0.9380058301220486,
        "tpsnr": 32.952675288155575
    },
    "BricksLeaves_1920x1080_60fps_hevc.mp4": {
        "psnr": 30.0795,
        "ssim": 0.8774866666666666,
        "vmaf": 72.02051526999999,
        "fvd": 35.10360581266133,
        "st_rred": 5.756842311509477,
        "movie_index": 3.012570251663991,
        "tssim": 0.8556024897793777,
        "tpsnr": 26.806551336843434
    },
    "BridgeRiver_1920x1080_30fps_hevc.mp4": {
        "psnr": 30.336599999999997,
        "ssim": 0.8924533333333333,
        "vmaf": 64.52233521333333,
        "fvd": 301.30913759350403,
        "st_rred": 5.33724813300087,
        "movie_index": 1.1770892543280684,
        "tssim": 0.8332036028473953,
        "tpsnr": 26.898983142519956
    },
    "BubblesPitcher_1920x1080_60fps_hevc.mp4": {
        "psnr": 40.611266666666666,
        "ssim": 0.95255,
        "vmaf": 67.57232543333333,
        "fvd": 149.18757310956198,
        "st_rred": 1.1214847633293248,
        "movie_index": 0.7451494018793305,
        "tssim": 0.9263677671486513,
        "tpsnr": 35.77079109523607
    },
    "CalmingWater_1920x1080_60fps_hevc.mp4": {
        "psnr": 28.526333333333334,
        "ssim": 0.7089799999999999,
        "vmaf": 30.57362726,
        "fvd": 100.58467141814157,
        "st_rred": 5.942222527853474,
        "movie_index": 3.3727376564689306,
        "tssim": 0.5789048224426115,
        "tpsnr": 24.055627535816818
    },
    "CarpetCircleFast_1920x1080_60fps_hevc.mp4": {
        "psnr": 43.2095,
        "ssim": 0.96451,
        "vmaf": 81.38880256666666,
        "fvd": 2.610270287436265,
        "st_rred": 0.7693660392000243,
        "movie_index": 2.3535051540188165,
        "tssim": 0.9254703544886863,
        "tpsnr": 35.83603814932016
    },
    "CloudsZoom_1920x1080_60fps_hevc.mp4": {
        "psnr": 54.47003333333333,
        "ssim": 0.99689,
        "vmaf": 91.94524020333333,
        "fvd": 2.994806474160855,
        "st_rred": 0.05000577578984122,
        "movie_index": 0.21157586212927182,
        "tssim": 0.9952899157494468,
        "tpsnr": 47.18137979666923
    },
    "DiverFishAndRock_1920x1080_30fps_hevc.mp4": {
        "psnr": 40.742000000000004,
        "ssim": 0.9676333333333332,
        "vmaf": 92.90985842,
        "fvd": 27.209807847586262,
        "st_rred": 1.6158369470164597,
        "movie_index": 3.28407041888509,
        "tssim": 0.955267542599772,
        "tpsnr": 36.549038317379534
    },
    "Diver_1920x1080_30fps_hevc.mp4": {
        "psnr": 45.5916,
        "ssim": 0.9789066666666666,
        "vmaf": 95.35875751333333,
        "fvd": 20.929583987354363,
        "st_rred": 1.4852338923585213,
        "movie_index": 3.0467470060008885,
        "tssim": 0.9682297095376781,
        "tpsnr": 42.0997013373663
    },
    "FishAndRock_1920x1080_30fps_hevc.mp4": {
        "psnr": 39.91206666666667,
        "ssim": 0.9595199999999999,
        "vmaf": 90.06461300000001,
        "fvd": 37.13821316309418,
        "st_rred": 2.023395674524263,
        "movie_index": 1.2014592500441026,
        "tssim": 0.953541171652462,
        "tpsnr": 37.92629313628946
    },
    "Fountain_1920x1080_50fps_hevc.mp4": {
        "psnr": 33.030480000000004,
        "ssim": 0.7998999999999999,
        "vmaf": 59.047337332000005,
        "fvd": 170.97394784609173,
        "st_rred": 8.937694500207623,
        "movie_index": 1.6894615630069412,
        "tssim": 0.727330470783297,
        "tpsnr": 30.373651067894624
    },
    "Grass_1920x1080_60fps_hevc.mp4": {
        "psnr": 30.097033333333336,
        "ssim": 0.8395,
        "vmaf": 63.542654479999996,
        "fvd": 35.83943892603574,
        "st_rred": 6.791196589013705,
        "movie_index": 2.1781261964486194,
        "tssim": 0.8660491610425031,
        "tpsnr": 28.181424029296057
    },
    "Hamster_1920x1080_60fps_hevc.mp4": {
        "psnr": 41.358133333333335,
        "ssim": 0.9745366666666666,
        "vmaf": 91.94006601666666,
        "fvd": 12.470039373955501,
        "st_rred": 0.4654429317396289,
        "movie_index": 0.923692086069879,
        "tssim": 0.9606513353293376,
        "tpsnr": 35.65864414993337
    },
    "KineticFastPainting_1920x1080_60fps_hevc.mp4": {
        "psnr": 33.2712,
        "ssim": 0.87811,
        "vmaf": 65.46846544666667,
        "fvd": 15.958737254956588,
        "st_rred": 1.0495341988727844,
        "movie_index": 3.4035299433314283,
        "tssim": 0.7632594191204778,
        "tpsnr": 26.909190493682555
    },
    "Lightreef_1920x1080_30fps_hevc.mp4": {
        "psnr": 30.883,
        "ssim": 0.85408,
        "vmaf": 74.33710524,
        "fvd": 84.06315172090899,
        "st_rred": 5.829212404757715,
        "movie_index": 9.403708603158092,
        "tssim": 0.8490556001869715,
        "tpsnr": 29.30388551750439
    },
    "MartialArts_1920x1080_60fps_hevc.mp4": {
        "psnr": 47.34826666666667,
        "ssim": 0.9884166666666666,
        "vmaf": 94.51961556333333,
        "fvd": 11.31119070549903,
        "st_rred": 0.5044952217590009,
        "movie_index": 0.7394964239469739,
        "tssim": 0.9824923932565757,
        "tpsnr": 42.58962261238226
    },
    "Music_1920x1080_30fps_hevc.mp4": {
        "psnr": 42.1604,
        "ssim": 0.9652466666666667,
        "vmaf": 93.76764925333333,
        "fvd": 18.926505137894765,
        "st_rred": 1.6405921014064972,
        "movie_index": 8.487373831513144,
        "tssim": 0.9392499270791472,
        "tpsnr": 36.98165814188503
    },
    "PaintingTilting_1920x1080_60fps_hevc.mp4": {
        "psnr": 34.66736666666667,
        "ssim": 0.9446466666666666,
        "vmaf": 97.76984048333333,
        "fvd": 11.492084524475217,
        "st_rred": 1.203183568513694,
        "movie_index": 2.660996231565059,
        "tssim": 0.9685089809426082,
        "tpsnr": 33.17487966097318
    },
    "ParkPlay_1920x1080_50fps_hevc.mp4": {
        "psnr": 30.883119999999998,
        "ssim": 0.79796,
        "vmaf": 63.363821023999996,
        "fvd": 77.57561716948817,
        "st_rred": 9.700260094792753,
        "movie_index": 2.1110536177234955,
        "tssim": 0.765257132496072,
        "tpsnr": 28.054041322455348
    },
    "PlasmaAveragePan_1920x1080_60fps_hevc.mp4": {
        "psnr": 45.941066666666664,
        "ssim": 0.9907633333333333,
        "vmaf": 87.29781257666667,
        "fvd": 4.581204087678728,
        "st_rred": 0.0014110736813899294,
        "movie_index": 0.16919372821332618,
        "tssim": 0.9817063241107203,
        "tpsnr": 41.968992711708296
    },
    "PlasmaSlowRandom_1920x1080_60fps_hevc.mp4": {
        "psnr": 56.2478,
        "ssim": 0.99891,
        "vmaf": 94.09914705,
        "fvd": 0.873475391449773,
        "st_rred": 0.016063020392477534,
        "movie_index": 0.027236101896592407,
        "tssim": 0.9981621021362386,
        "tpsnr": 53.90673044772451
    },
    "RockWater_1920x1080_30fps_hevc.mp4": {
        "psnr": 33.98126666666666,
        "ssim": 0.9383266666666666,
        "vmaf": 81.17185384,
        "fvd": 61.88062698621343,