{
    "Jockey_1920x1080_120fps_420_8bit_YUV_h264.mp4": {
        "psnr": 27.995533333333334,
        "ssim": 0.8435566666666667,
        "vmaf": 19.454529691666668
    },
    "Beauty_1920x1080_120fps_420_8bit_YUV_h264.mp4": {
        "psnr": 13.071416666666668,
        "ssim": 0.67217,
        "vmaf": 4.4639845466666666
    },
    "Bosphorus_1920x1080_120fps_420_8bit_YUV_h264.mp4": {
        "psnr": 12.4774,
        "ssim": 0.6803716666666667,
        "vmaf": 7.141090141666667
    },
    "HoneyBee_1920x1080_120fps_420_8bit_YUV_h264.mp4": {
        "psnr": 15.455783333333333,
        "ssim": 0.6331916666666667,
        "vmaf": 6.053384368333333
    },
    "ReadySteadyGo_1920x1080_120fps_420_8bit_YUV_h264.mp4": {
        "psnr": 13.042916666666667,
        "ssim": 0.6418933333333334,
        "vmaf": 11.292635273333334
    },
    "ShakeNDry_1920x1080_120fps_420_8bit_YUV_h264.mp4": {
        "psnr": 14.939383333333332,
        "ssim": 0.6177583333333333,
        "vmaf": 6.45355584
    },
    "YachtRide_1920x1080_120fps_420_8bit_YUV_h264.mp4": {
        "psnr": 11.446583333333333,
        "ssim": 0.6572566666666667,
        "vmaf": 6.80581737
    }
}