{
    "BasketballDrive_1920x1080_50_vp9.webm": {
        "psnr": 35.8813,
        "ssim": 0.90388,
        "vmaf": 83.554778896,
        "tssim": 0.8777820515612735,
        "tpsnr": 32.741625348169485,
        "fvd": 24.140065917856873,
        "movie_index": 7.484742382724204,
        "st_rred": 6.4523344710253845
    },
    "BQTerrace_1920x1080_60_vp9.webm": {
        "psnr": 35.019000000000005,
        "ssim": 0.9010116666666667,
        "vmaf": 92.66324439333333,
        "tssim": 0.8960864079921047,
        "tpsnr": 33.947440448308825,
        "fvd": 58.11553102784637,
        "movie_index": 111.37611715220699,
        "st_rred": 8.441515463427777
    },
    "Cactus_1920x1080_50_vp9.webm": {
        "psnr": 35.62696,
        "ssim": 0.900476,
        "vmaf": 83.669642568,
        "tssim": 0.8881287655374784,
        "tpsnr": 33.523593317769574,
        "fvd": 29.635341960124634,
        "movie_index": 41.419530183046994,
        "st_rred": 7.185510243341621
    },
    "Kimono_1920x1080_24_vp9.webm": {
        "psnr": 40.194041666666664,
        "ssim": 0.9463583333333333,
        "vmaf": 89.16543435,
        "tssim": 0.9361534872251385,
        "tpsnr": 38.11131995292887,
        "fvd": 15.385863048017654,
        "movie_index": 12.640477676303068,
        "st_rred": 3.5998658552674403
    },
    "ParkScene_1920x1080_24_vp9.webm": {
        "psnr": 37.4385,
        "ssim": 0.9302250000000001,
        "vmaf": 88.05257731666667,
        "tssim": 0.9263765742368314,
        "tpsnr": 35.985400163977715,
        "fvd": 14.33807148901883,
        "movie_index": 9.26837941418133,
        "st_rred": 4.2419005738071895
    }
}