{
    "BasketballDrive_1920x1080_50_hevc.mp4": {
        "psnr": 35.383019999999995,
        "ssim": 0.89215,
        "vmaf": 83.455714122,
        "tssim": 0.871776678950543,
        "tpsnr": 32.42595408483593,
        "fvd": 30.467553779931677,
        "movie_index": 6.330832479652279,
        "st_rred": 6.202893763781422
    },
    "BQTerrace_1920x1080_60_hevc.mp4": {
        "psnr": 34.61066666666667,
        "ssim": 0.8931266666666666,
        "vmaf": 91.86566673833333,
        "tssim": 0.8887533125019336,
        "tpsnr": 33.33325840435761,
        "fvd": 83.4738307061134,
        "movie_index": 110.63498296329941,
        "st_rred": 8.674753161057609
    },
    "Cactus_1920x1080_50_hevc.mp4": {
        "psnr": 34.89596,
        "ssim": 0.884528,
        "vmaf": 82.774602948,
        "tssim": 0.8763366774306715,
        "tpsnr": 33.031919762223424,
        "fvd": 44.34203665196617,
        "movie_index": 43.480600441415945,
        "st_rred": 7.380828190934336
    },
    "Kimono_1920x1080_24_hevc.mp4": {
        "psnr": 40.04275,
        "ssim": 0.9439916666666667,
        "vmaf": 91.03115340833332,
        "tssim": 0.9389906916646529,
        "tpsnr": 37.98114004095229,
        "fvd": 19.196032077009022,
        "movie_index": 13.708729287165228,
        "st_rred": 3.397191250089456
    },
    "ParkScene_1920x1080_24_hevc.mp4": {
        "psnr": 37.10433333333333,
        "ssim": 0.9240625,
        "vmaf": 89.04889444166666,
        "tssim": 0.9276573290699283,
        "tpsnr": 35.71740740213434,
        "fvd": 17.556636030377035,
        "movie_index": 9.377020296161394,
        "st_rred": 4.4270899871816205
    }
}