{
    "BallUnderWater_1920x1080_60fps.mp4": 14.197169303894043,
    "Bookcase_1920x1080_60fps.mp4": 48.5636100769043,
    "Boxing_1920x1080_30fps.mp4": 34.01934051513672,
    "BricksLeaves_1920x1080_60fps.mp4": 17.926645278930664,
    "BridgeRiver_1920x1080_30fps.mp4": 20.49507713317871,
    "BubblesPitcher_1920x1080_60fps.mp4": 12.62933349609375,
    "CalmingWater_1920x1080_60fps.mp4": 30.619382858276367,
    "CarpetCircleFast_1920x1080_60fps.mp4": 17.721065521240234,
    "CloudsZoom_1920x1080_60fps.mp4": 0.8466953039169312,
    "DiverFishAndRock_1920x1080_30fps.mp4": 19.184484481811523,
    "Diver_1920x1080_30fps.mp4": 11.495521545410156,
    "FishAndRock_1920x1080_30fps.mp4": 15.530558586120605,
    "Fountain_1920x1080_50fps.mp4": 16.66073226928711,
    "Grass_1920x1080_60fps.mp4": 7.361621379852295,
    "Hamster_1920x1080_60fps.mp4": 20.337566375732422,
    "KineticFastPainting_1920x1080_60fps.mp4": 32.22602844238281,
    "Lightreef_1920x1080_30fps.mp4": 31.154178619384766,
    "MartialArts_1920x1080_60fps.mp4": 8.847921371459961,
    "Music_1920x1080_30fps.mp4": 25.090255737304688,
    "PaintingTilting_1920x1080_60fps.mp4": 42.062137603759766,
    "ParkPlay_1920x1080_50fps.mp4": 29.252790451049805,
    "PlasmaAveragePan_1920x1080_60fps.mp4": 15.18246841430664,
    "PlasmaSlowRandom_1920x1080_60fps.mp4": 7.782846450805664,
    "RockWater_1920x1080_30fps.mp4": 31.415016174316406,
    "RockWave_1920x1080_30fps.mp4": 32.621803283691406,
    "Rowing_1920x1080_30fps.mp4": 33.282562255859375,
    "SmokeGuns_1920x1080_60fps.mp4": 6.548753261566162,
    "Surfers_1920x1080_30fps.mp4": 19.26322364807129,
    "Toys_1920x1080_30fps.mp4": 27.74122428894043,
    "TreeGrassFamily_1920x1080_30fps.mp4": 13.483660697937012,
    "TreeTrunk_1920x1080_50fps.mp4": 35.720481872558594,
    "Typing_1920x1080_60fps.mp4": 6.185751914978027
}