{
    "Bosphorus_1920x1080_120fps_420_8bit_YUV_hevc.mp4": {
        "psnr": 40.008050000000004,
        "ssim": 0.95045,
        "vmaf": 82.24925047666666,
        "tssim": 0.9401429452061647,
        "tpsnr": 38.04077654728707,
        "fvd": 43.919203035821965
    },
    "HoneyBee_1920x1080_120fps_420_8bit_YUV_hevc.mp4": {
        "psnr": 42.43781666666666,
        "ssim": 0.9642166666666666,
        "vmaf": 91.82764407166667,
        "tssim": 0.959540670889888,
        "tpsnr": 40.961365828729036,
        "fvd": 15.908074498232423
    },
    "Jockey_1920x1080_120fps_420_8bit_YUV_hevc.mp4": {
        "psnr": 39.71123333333333,
        "ssim": 0.9410983333333334,
        "vmaf": 85.08743928,
        "tssim": 0.9142329457270831,
        "tpsnr": 33.64092393152304,
        "fvd": 12.2970068980635
    },
    "ReadySteadyGo_1920x1080_120fps_420_8bit_YUV_hevc.mp4": {
        "psnr": 33.94933333333333,
        "ssim": 0.9024433333333334,
        "vmaf": 77.70594633833333,
        "tssim": 0.87207479094488,
        "tpsnr": 29.61551190855507,
        "fvd": 83.77932307528454
    },
    "ShakeNDry_1920x1080_120fps_420_8bit_YUV_hevc.mp4": {
        "psnr": 36.33433333333333,
        "ssim": 0.8967266666666668,
        "vmaf": 67.53692576,
        "tssim": 0.8686676175326568,
        "tpsnr": 33.654012660916436,
        "fvd": 90.65283293240782
    },
    "YachtRide_1920x1080_120fps_420_8bit_YUV_hevc.mp4": {
        "psnr": 30.281200000000002,
        "ssim": 0.8248066666666667,
        "vmaf": 31.74665613666667,
        "tssim": 0.7655103363079925,
        "tpsnr": 27.69464116422879
    },
    "Beauty_1920x1080_120fps_420_8bit_YUV_hevc.mp4": {
        "psnr": 38.400333333333336,
        "ssim": 0.8950266666666666,
        "vmaf": 74.89051993833333,
        "tssim": 0.8915007096033065,
        "tpsnr": 36.74981872227435,
        "fvd": 68.55353588347384
    }
}