{
    "BallUnderWater_1920x1080_60fps_av1.mkv": {
        "psnr": 47.405166666666666,
        "ssim": 0.9867,
        "vmaf": 98.53403371666667,
        "fvd": 10.011883835724802,
        "st_rred": 0.7867256277462076,
        "movie_index": 0.5074457544148168,
        "tssim": 0.9720716586760707,
        "tpsnr": 39.965430524436925
    },
    "Bookcase_1920x1080_60fps_av1.mkv": {
        "psnr": 45.40146666666667,
        "ssim": 0.9878533333333334,
        "vmaf": 99.98128744,
        "fvd": 0.8467766642420429,
        "st_rred": 0.18366718798386472,
        "movie_index": 1.4544732614006088,
        "tssim": 0.9496998418997199,
        "tpsnr": 31.06679811126811
    },
    "Boxing_1920x1080_30fps_av1.mkv": {
        "psnr": 43.91506666666667,
        "ssim": 0.9767,
        "vmaf": 99.95121857333334,
        "fvd": 9.697529128670567,
        "st_rred": 2.7962673613268834,
        "movie_index": 0.8916743103689795,
        "tssim": 0.9564355915406897,
        "tpsnr": 34.90584730621952
    },
    "BricksLeaves_1920x1080_60fps_av1.mkv": {
        "psnr": 38.80993333333333,
        "ssim": 0.9736899999999999,
        "vmaf": 96.35214762333334,
        "fvd": 7.818948153088911,
        "st_rred": 2.543698663540681,
        "movie_index": 3.111835087085747,
        "tssim": 0.96798792656572,
        "tpsnr": 35.35198399853148
    },
    "BridgeRiver_1920x1080_30fps_av1.mkv": {
        "psnr": 37.35713333333333,
        "ssim": 0.9620266666666667,
        "vmaf": 93.41678132666667,
        "fvd": 81.30112846945372,
        "st_rred": 3.7864715912150935,
        "movie_index": 1.4565929732466705,
        "tssim": 0.9428134561171758,
        "tpsnr": 34.21286315405929
    },
    "BubblesPitcher_1920x1080_60fps_av1.mkv": {
        "psnr": 45.97246666666667,
        "ssim": 0.98259,
        "vmaf": 92.52659321333334,
        "fvd": 25.259346777887913,
        "st_rred": 0.8631483017487138,
        "movie_index": 0.42936568868573893,
        "tssim": 0.9697969212929946,
        "tpsnr": 40.936557757017205
    },
    "CalmingWater_1920x1080_60fps_av1.mkv": {
        "psnr": 33.186733333333336,
        "ssim": 0.8442333333333333,
        "vmaf": 64.51765332666668,
        "fvd": 16.144125358416716,
        "st_rred": 4.7591817361885305,
        "movie_index": 2.6333069920938548,
        "tssim": 0.7228043528749895,
        "tpsnr": 27.218722710242638
    },
    "CarpetCircleFast_1920x1080_60fps_av1.mkv": {
        "psnr": 45.88206666666667,
        "ssim": 0.9798233333333334,
        "vmaf": 90.68739967,
        "fvd": 1.0466967511138137,
        "st_rred": 0.6628429366643083,
        "movie_index": 2.250281764761261,
        "tssim": 0.9432548702404123,
        "tpsnr": 36.608071011444395
    },
    "CloudsZoom_1920x1080_60fps_av1.mkv": {
        "psnr": 58.44316666666667,
        "ssim": 0.9989166666666667,
        "vmaf": 93.44047234,
        "fvd": 0.42194027289484204,
        "st_rred": 0.11424587411785858,
        "movie_index": 0.17904412759511568,
        "tssim": 0.9977583788485737,
        "tpsnr": 56.02894652248625
    },
    "DiverFishAndRock_1920x1080_30fps_av1.mkv": {
        "psnr": 44.7692,
        "ssim": 0.98388,
        "vmaf": 99.80251128666667,
        "fvd": 10.394218374358616,
        "st_rred": 1.7743575562909086,
        "movie_index": 3.2074547355507046,
        "tssim": 0.9765198922878516,
        "tpsnr": 40.86214810569815
    },
    "Diver_1920x1080_30fps_av1.mkv": {
        "psnr": 47.54626666666666,
        "ssim": 0.9849666666666667,
        "vmaf": 97.82128460666667,
        "fvd": 12.942957129299884,
        "st_rred": 1.8687555379916176,
        "movie_index": 2.603489352027642,
        "tssim": 0.9756557572600969,
        "tpsnr": 43.829330188315986
    },
    "FishAndRock_1920x1080_30fps_av1.mkv": {
        "psnr": 43.300999999999995,
        "ssim": 0.9791066666666666,
        "vmaf": 98.77327477333334,
        "fvd": 11.3238579720919,
        "st_rred": 1.8580448399135516,
        "movie_index": 1.221714602020763,
        "tssim": 0.9771280077316402,
        "tpsnr": 41.92172783973233
    },
    "Fountain_1920x1080_50fps_av1.mkv": {
        "psnr": 36.10292,
        "ssim": 0.876896,
        "vmaf": 81.21663933599999,
        "fvd": 120.89888155212316,
        "st_rred": 8.368800985980961,
        "movie_index": 1.44974207315579,
        "tssim": 0.8177869757221039,
        "tpsnr": 32.96038866617594
    },
    "Grass_1920x1080_60fps_av1.mkv": {
        "psnr": 36.9846,
        "ssim": 0.9628333333333332,
        "vmaf": 88.96022540333333,
        "fvd": 16.84749669548311,
        "st_rred": 3.5019200723949524,
        "movie_index": 1.7936417992697113,
        "tssim": 0.9715196333712078,
        "tpsnr": 35.34829937733934
    },
    "Hamster_1920x1080_60fps_av1.mkv": {
        "psnr": 46.76553333333333,
        "ssim": 0.9905833333333334,
        "vmaf": 99.79840884666667,
        "fvd": 3.76669992581742,
        "st_rred": 0.3715127260621838,
        "movie_index": 0.652680733580653,
        "tssim": 0.9810228508921135,
        "tpsnr": 39.48267368329409
    },
    "KineticFastPainting_1920x1080_60fps_av1.mkv": {
        "psnr": 40.448933333333336,
        "ssim": 0.96387,
        "vmaf": 99.80195544666667,
        "fvd": 3.46257120697544,
        "st_rred": 0.6278108346085922,
        "movie_index": 2.2420942128502004,
        "tssim": 0.9001849985817966,
        "tpsnr": 31.96353382250936
    },
    "Lightreef_1920x1080_30fps_av1.mkv": {
        "psnr": 34.75353333333333,
        "ssim": 0.9233666666666667,
        "vmaf": 94.20015804666667,
        "fvd": 32.814524533547,
        "st_rred": 4.7623933483597725,
        "movie_index": 8.987153831744354,
        "tssim": 0.9209548089601418,
        "tpsnr": 33.568155979950156
    },
    "MartialArts_1920x1080_60fps_av1.mkv": {
        "psnr": 50.7545,
        "ssim": 0.9945333333333334,
        "vmaf": 97.57325115666667,
        "fvd": 4.12195331757232,
        "st_rred": 0.4698113619042208,
        "movie_index": 0.5093245391163937,
        "tssim": 0.9895512816869064,
        "tpsnr": 45.85785874076512
    },
    "Music_1920x1080_30fps_av1.mkv": {
        "psnr": 45.031200000000005,
        "ssim": 0.9784266666666668,
        "vmaf": 98.49700786666666,
        "fvd": 9.134876216859993,
        "st_rred": 1.8573271294656433,
        "movie_index": 8.382672287398737,
        "tssim": 0.9584066037933708,
        "tpsnr": 38.72667571202221
    },
    "PaintingTilting_1920x1080_60fps_av1.mkv": {
        "psnr": 39.29323333333333,
        "ssim": 0.9795433333333333,
        "vmaf": 99.98407817333333,
        "fvd": 2.932419555148499,
        "st_rred": 0.03204008553244364,
        "movie_index": 2.146805619472096,
        "tssim": 0.9920120768365163,
        "tpsnr": 38.27273925730217
    },
    "ParkPlay_1920x1080_50fps_av1.mkv": {
        "psnr": 35.280559999999994,
        "ssim": 0.89844,
        "vmaf": 92.64708689999999,
        "fvd": 28.717114045489325,
        "st_rred": 7.855751785351281,
        "movie_index": 1.9830633543102616,
        "tssim": 0.8768512051555475,
        "tpsnr": 31.34616206065718
    },
    "PlasmaAveragePan_1920x1080_60fps_av1.mkv": {
        "psnr": 53.04026666666667,
        "ssim": 0.9976666666666667,
        "vmaf": 97.41129570666666,
        "fvd": 0.6608575638098841,
        "st_rred": 0.049517474324995536,
        "movie_index": 0.09267150318517932,
        "tssim": 0.9935678730378936,
        "tpsnr": 47.90109703293612
    },
    "PlasmaSlowRandom_1920x1080_60fps_av1.mkv": {
        "psnr": 65.821,
        "ssim": 0.9999800000000001,
        "vmaf": 97.68475601,
        "fvd": 0.0681178973590022,
        "st_rred": 0.00047165022812667434,
        "movie_index": 0.015243853770981365,
        "tssim": 0.9996554125973737,
        "tpsnr": 63.598824070448856
    },
    "RockWater_1920x1080_30fps_av1.mkv": {
        "psnr": 39.74713333333333,
        "ssim": 0.97698,
        "vmaf": 99.89039234,
        "fvd": 18.61426114574715,