{
    "Beauty_1920x1080_120fps_420_8bit_YUV_h264.mp4": {
        "psnr": 38.83383333333333,
        "ssim": 0.8991916666666666,
        "vmaf": 78.31107531500001,
        "tssim": 0.8939387954073936,
        "tpsnr": 37.362990511478685,
        "fvd": 52.563434910270246
    },
    "Bosphorus_1920x1080_120fps_420_8bit_YUV_h264.mp4": {
        "psnr": 41.29885,
        "ssim": 0.9620833333333333,
        "vmaf": 85.86366387333332,
        "tssim": 0.9503548309898462,
        "tpsnr": 39.11722319512216,
        "fvd": 21.247847695662585
    },
    "HoneyBee_1920x1080_120fps_420_8bit_YUV_h264.mp4": {
        "psnr": 42.3936,
        "ssim": 0.9647799999999999,
        "vmaf": 92.02741138500001,
        "tssim": 0.9551985404678108,
        "tpsnr": 40.70643040652267,
        "fvd": 10.728893948417976
    },
    "Jockey_1920x1080_120fps_420_8bit_YUV_h264.mp4": {
        "psnr": 40.76155,
        "ssim": 0.9510466666666666,
        "vmaf": 87.38459362666667,
        "tssim": 0.9232263281003921,
        "tpsnr": 34.2942406713266,
        "fvd": 11.929605412654382
    },
    "ReadySteadyGo_1920x1080_120fps_420_8bit_YUV_h264.mp4": {
        "psnr": 36.37898333333333,
        "ssim": 0.9388183333333334,
        "vmaf": 89.85926907,
        "tssim": 0.9135869291344625,
        "tpsnr": 31.90292035836807,
        "fvd": 22.22124809116599
    },
    "ShakeNDry_1920x1080_120fps_420_8bit_YUV_h264.mp4": {
        "psnr": 37.48853333333333,
        "ssim": 0.91815,
        "vmaf": 73.04775488666667,
        "tssim": 0.885230668695903,
        "tpsnr": 34.531352767178845,
        "fvd": 50.68161765931745
    },
    "YachtRide_1920x1080_120fps_420_8bit_YUV_h264.mp4": {
        "psnr": 34.626016666666665,
        "ssim": 0.9082766666666667,
        "vmaf": 63.924519608333334,
        "tssim": 0.8706029168909029,
        "tpsnr": 31.76637114905356,
        "fvd": 55.13586281602056
    }
}