{
    "BallUnderWater_1920x1080_60fps_h264.mp4": {
        "psnr": 46.389966666666666,
        "ssim": 0.9850133333333334,
        "vmaf": 94.86205669
    },
    "Bookcase_1920x1080_60fps_h264.mp4": {
        "psnr": 43.4665,
        "ssim": 0.9834966666666666,
        "vmaf": 99.98033777666666
    },
    "Boxing_1920x1080_30fps_h264.mp4": {
        "psnr": 43.1,
        "ssim": 0.9734466666666667,
        "vmaf": 99.96267572
    },
    "BricksLeaves_1920x1080_60fps_h264.mp4": {
        "psnr": 36.99293333333333,
        "ssim": 0.9631533333333332,
        "vmaf": 95.90506072333334
    },
    "BridgeRiver_1920x1080_30fps_h264.mp4": {
        "psnr": 36.172133333333335,
        "ssim": 0.9571133333333334,
        "vmaf": 92.19847810666666
    },
    "BubblesPitcher_1920x1080_60fps_h264.mp4": {
        "psnr": 44.585100000000004,
        "ssim": 0.9779533333333332,
        "vmaf": 86.5082258
    },
    "CalmingWater_1920x1080_60fps_h264.mp4": {
        "psnr": 31.640333333333334,
        "ssim": 0.8106633333333334,
        "vmaf": 51.283185753333335
    },
    "CarpetCircleFast_1920x1080_60fps_h264.mp4": {
        "psnr": 44.5036,
        "ssim": 0.9723333333333333,
        "vmaf": 86.52707450999999
    },
    "CloudsZoom_1920x1080_60fps_h264.mp4": {
        "psnr": 61.6701,
        "ssim": 0.9992133333333334,
        "vmaf": 95.21470523333333
    },
    "DiverFishAndRock_1920x1080_30fps_h264.mp4": {
        "psnr": 43.983333333333334,
        "ssim": 0.98198,
        "vmaf": 99.13194114666666
    },
    "Diver_1920x1080_30fps_h264.mp4": {
        "psnr": 46.89333333333333,
        "ssim": 0.9828466666666666,
        "vmaf": 97.24267332666666
    },
    "FishAndRock_1920x1080_30fps_h264.mp4": {
        "psnr": 42.5336,
        "ssim": 0.9761066666666667,
        "vmaf": 97.53234220666667
    },
    "Fountain_1920x1080_50fps_h264.mp4": {
        "psnr": 35.18764,
        "ssim": 0.8579840000000001,
        "vmaf": 76.141477844
    },
    "Grass_1920x1080_60fps_h264.mp4": {
        "psnr": 34.9242,
        "ssim": 0.9398666666666666,
        "vmaf": 85.28797662666666
    },
    "Hamster_1920x1080_60fps_h264.mp4": {
        "psnr": 45.56096666666667,
        "ssim": 0.9889133333333333,
        "vmaf": 99.12343122333333
    },
    "KineticFastPainting_1920x1080_60fps_h264.mp4": {
        "psnr": 38.1181,
        "ssim": 0.9486833333333332,
        "vmaf": 93.37075769
    },
    "Lightreef_1920x1080_30fps_h264.mp4": {
        "psnr": 34.16993333333333,
        "ssim": 0.9203866666666666,
        "vmaf": 91.83235163333333
    },
    "MartialArts_1920x1080_60fps_h264.mp4": {
        "psnr": 50.00946666666667,
        "ssim": 0.9939833333333333,
        "vmaf": 96.21553642
    },
    "Music_1920x1080_30fps_h264.mp4": {
        "psnr": 44.51586666666667,
        "ssim": 0.9769733333333332,
        "vmaf": 98.06580516666666
    },
    "PaintingTilting_1920x1080_60fps_h264.mp4": {
        "psnr": 37.41683333333333,
        "ssim": 0.9724399999999999,
        "vmaf": 99.98091690333334
    },
    "ParkPlay_1920x1080_50fps_h264.mp4": {
        "psnr": 34.658480000000004,
        "ssim": 0.890648,
        "vmaf": 90.706936712
    },
    "PlasmaAveragePan_1920x1080_60fps_h264.mp4": {
        "psnr": 52.43496666666667,
        "ssim": 0.9977033333333333,
        "vmaf": 96.9786442
    },
    "PlasmaSlowRandom_1920x1080_60fps_h264.mp4": {
        "psnr": 65.6888,
        "ssim": 1.0,
        "vmaf": 97.66314817
    },
    "RockWater_1920x1080_30fps_h264.mp4": {
        "psnr": 38.94446666666667,
        "ssim": 0.9754533333333332,
        "vmaf": 99.69132345999999
    },
    "RockWave_1920x1080_30fps_h264.mp4": {
        "psnr": 30.7542,
        "ssim": 0.9215,
        "vmaf": 77.55491924666666
    },
    "Rowing_1920x1080_30fps_h264.mp4": {
        "psnr": 34.3926,
        "ssim": 0.9205266666666667,
        "vmaf": 79.33174956666667
    },
    "SmokeGuns_1920x1080_60fps_h264.mp4": {
        "psnr": 43.19886666666667,
        "ssim": 0.9714999999999999,
        "vmaf": 90.81901498333333
    },
    "Surfers_1920x1080_30fps_h264.mp4": {
        "psnr": 41.63153333333333,
        "ssim": 0.97432,
        "vmaf": 96.05816778
    },
    "Toys_1920x1080_30fps_h264.mp4": {
        "psnr": 40.050133333333335,
        "ssim": 0.9710599999999999,
        "vmaf": 99.96861437333332
    },
    "TreeGrassFamily_1920x1080_30fps_h264.mp4": {
        "psnr": 35.26873333333334,
        "ssim": 0.9383,
        "vmaf": 84.56485991333334
    },
    "TreeTrunk_1920x1080_50fps_h264.mp4": {
        "psnr": 32.675560000000004,
        "ssim": 0.8993720000000001,
        "vmaf": 95.02404727199999
    },
    "Typing_1920x1080_60fps_h264.mp4": {
        "psnr": 47.104166666666664,
        "ssim": 0.9887800000000001,
        "vmaf": 95.54451389
    }
}