{
    "Beauty_1920x1080_120fps_420_8bit_YUV_av1.mkv": {
        "psnr": 39.71721666666667,
        "ssim": 0.9098666666666668,
        "vmaf": 85.67181299833334,
        "fvd": 60.4917004034628,
        "tssim": 0.9073324422377758,
        "tpsnr": 37.563589634202756,
        "movie_index": 2.1090223277251985,
        "st_rred": 7.719410805206465
    },
    "Bosphorus_1920x1080_120fps_420_8bit_YUV_av1.mkv": {
        "psnr": 44.07266666666666,
        "ssim": 0.9784916666666668,
        "vmaf": 91.85503445833334,
        "fvd": 26.158705879105355,
        "tssim": 0.9703016588870843,
        "tpsnr": 41.91346605711668,
        "movie_index": 0.2829172441328507,
        "st_rred": 2.1975910452498857
    },
    "HoneyBee_1920x1080_120fps_420_8bit_YUV_av1.mkv": {
        "psnr": 44.12368333333333,
        "ssim": 0.9741016666666666,
        "vmaf": 94.702154405,
        "fvd": 17.837127374448357,
        "tssim": 0.9666084606061507,
        "tpsnr": 42.3333557714803,
        "movie_index": 0.3569827144328063,
        "st_rred": 3.9530197964677285
    },
    "Jockey_1920x1080_120fps_420_8bit_YUV_av1.mkv": {
        "psnr": 43.13175,
        "ssim": 0.964815,
        "vmaf": 94.66073368666667,
        "fvd": 11.232772068227632,
        "tssim": 0.9375930301617807,
        "tpsnr": 34.72977881837568,
        "movie_index": 1.2969708648169775,
        "st_rred": 3.1492929228863105
    },
    "ReadySteadyGo_1920x1080_120fps_420_8bit_YUV_av1.mkv": {
        "psnr": 39.9266,
        "ssim": 0.9645833333333333,
        "vmaf": 98.89393844333333,
        "fvd": 11.67704758992204,
        "tssim": 0.9469430502289723,
        "tpsnr": 34.266038502994085,
        "movie_index": 0.9554007222412624,
        "st_rred": 2.25504973007245
    },
    "ShakeNDry_1920x1080_120fps_420_8bit_YUV_av1.mkv": {
        "psnr": 40.44336666666667,
        "ssim": 0.9535266666666666,
        "vmaf": 84.46158633666667,
        "fvd": 43.96521665900923,
        "tssim": 0.9295960180038545,
        "tpsnr": 37.13449433495767,
        "movie_index": 0.7634125934247189,
        "st_rred": 4.07187774473511
    },
    "YachtRide_1920x1080_120fps_420_8bit_YUV_av1.mkv": {
        "psnr": 37.50403333333333,
        "ssim": 0.9425583333333333,
        "vmaf": 78.07821664666668,
        "fvd": 80.76051606850638,
        "tssim": 0.9185258390855207,
        "tpsnr": 34.67198588095842,
        "movie_index": 0.9586229202942379,
        "st_rred": 3.560071860065449
    }
}