{
    "Bosphorus_1920x1080_120fps_420_8bit_YUV_hevc.mp4": {
        "psnr": 42.84681666666667,
        "ssim": 0.9701399999999999,
        "vmaf": 91.35138135833334,
        "tssim": 0.966258874003969,
        "tpsnr": 41.12141787826717,
        "fvd": 22.268160265323104,
        "movie_index": 0.27594005698353696,
        "st_rred": 1.7217897758132343
    },
    "HoneyBee_1920x1080_120fps_420_8bit_YUV_hevc.mp4": {
        "psnr": 43.241749999999996,
        "ssim": 0.96917,
        "vmaf": 93.94627093333334,
        "tssim": 0.9637117597575097,
        "tpsnr": 41.605722946396256,
        "fvd": 12.687320872462777,
        "movie_index": 0.35874434944882816,
        "st_rred": 3.5959441594213315
    },
    "Jockey_1920x1080_120fps_420_8bit_YUV_hevc.mp4": {
        "psnr": 42.61581666666667,
        "ssim": 0.9600483333333333,
        "vmaf": 97.160287375,
        "tssim": 0.9438952682322946,
        "tpsnr": 36.774608927298466,
        "fvd": 5.157328411348999,
        "movie_index": 1.1069787524528616,
        "st_rred": 2.537617637651186
    },
    "ReadySteadyGo_1920x1080_120fps_420_8bit_YUV_hevc.mp4": {
        "psnr": 38.401650000000004,
        "ssim": 0.9512733333333333,
        "vmaf": 97.75582139333333,
        "tssim": 0.9386835129716025,
        "tpsnr": 33.86511718609894,
        "fvd": 15.243047944780074,
        "movie_index": 0.9295414052592693,
        "st_rred": 1.8074325252494496
    },
    "ShakeNDry_1920x1080_120fps_420_8bit_YUV_hevc.mp4": {
        "psnr": 38.53263333333334,
        "ssim": 0.9277099999999999,
        "vmaf": 79.37442442666666,
        "tssim": 0.9052084428950339,
        "tpsnr": 35.820926168690555,
        "fvd": 48.51490296262091,
        "movie_index": 0.7554001300829309,
        "st_rred": 3.4934594062577435
    },
    "YachtRide_1920x1080_120fps_420_8bit_YUV_hevc.mp4": {
        "psnr": 36.099333333333334,
        "ssim": 0.923245,
        "vmaf": 73.98437659666666,
        "tssim": 0.9025293670380065,
        "tpsnr": 33.49189867519576,
        "fvd": 58.88282128463652,
        "movie_index": 0.9059880940066355,
        "st_rred": 2.4088348515771525
    },
    "Beauty_1920x1080_120fps_420_8bit_YUV_hevc.mp4": {
        "psnr": 39.39558333333333,
        "ssim": 0.90484,
        "vmaf": 86.40392615666666,
        "tssim": 0.9064082205217667,
        "tpsnr": 38.3391200083126,
        "fvd": 54.36473179495499,
        "movie_index": 2.0263075412613323,
        "st_rred": 6.959227160657529
    }
}