{
    "BasketballDrive_1920x1080_50_av1.mkv": {
        "psnr": 33.88094,
        "ssim": 0.882374,
        "vmaf": 68.54410351,
        "fvd": 90.91706779605306,
        "tssim": 0.8409221645465594,
        "tpsnr": 29.675336608428037,
        "movie_index": 6.4380394626476,
        "st_rred": 25.89009731647838
    },
    "BQTerrace_1920x1080_60_av1.mkv": {
        "psnr": 34.07845,
        "ssim": 0.8894316666666666,
        "vmaf": 90.564670195,
        "fvd": 154.61122655429085,
        "tssim": 0.8796338488644362,
        "tpsnr": 32.69956938054207,
        "movie_index": 123.95934323575939,
        "st_rred": 16.915062384051275
    },
    "Cactus_1920x1080_50_av1.mkv": {
        "psnr": 34.017739999999996,
        "ssim": 0.877636,
        "vmaf": 75.379272524,
        "fvd": 79.21034849963783,
        "tssim": 0.858913777056685,
        "tpsnr": 31.617450725578355,
        "movie_index": 43.03071587364038,
        "st_rred": 18.376698376466155
    },
    "Kimono_1920x1080_24_av1.mkv": {
        "psnr": 38.37620833333334,
        "ssim": 0.9323625,
        "vmaf": 78.846075125,
        "fvd": 35.2444173461397,
        "tssim": 0.9139506245955454,
        "tpsnr": 35.44534577086381,
        "movie_index": 14.380141310674375,
        "st_rred": 15.899835691383618
    },
    "ParkScene_1920x1080_24_av1.mkv": {
        "psnr": 35.7115,
        "ssim": 0.9104125,
        "vmaf": 81.70876435416668,
        "fvd": 40.22068929721854,
        "tssim": 0.9048441735739546,
        "tpsnr": 33.80930903765946,
        "movie_index": 9.480939289640682,
        "st_rred": 15.723051187171572
    }
}