{
    "Beauty_1920x1080_120fps_420_8bit_YUV_h264.mp4": {
        "psnr": 36.51631666666667,
        "ssim": 0.8803966666666667,
        "vmaf": 50.401818051666666,
        "tssim": 0.8615147299961012,
        "tpsnr": 33.98696044769032,
        "fvd": 105.06442391980272
    },
    "Bosphorus_1920x1080_120fps_420_8bit_YUV_h264.mp4": {
        "psnr": 36.577666666666666,
        "ssim": 0.9173283333333334,
        "vmaf": 58.916494740000005,
        "tssim": 0.8808525312356388,
        "tpsnr": 33.85726417324977,
        "fvd": 120.53933784688877
    },
    "HoneyBee_1920x1080_120fps_420_8bit_YUV_h264.mp4": {
        "psnr": 38.80168333333333,
        "ssim": 0.9390433333333332,
        "vmaf": 74.57199683333333,
        "tssim": 0.9244286309735066,
        "tpsnr": 37.01278167495345,
        "fvd": 26.563445369142272
    },
    "Jockey_1920x1080_120fps_420_8bit_YUV_h264.mp4": {
        "psnr": 34.260266666666666,
        "ssim": 0.9046783333333334,
        "vmaf": 46.925116958333334,
        "tssim": 0.8511715113629141,
        "tpsnr": 28.426299462931382,
        "fvd": 297.37103199326384
    },
    "ReadySteadyGo_1920x1080_120fps_420_8bit_YUV_h264.mp4": {
        "psnr": 29.832483333333336,
        "ssim": 0.8424416666666668,
        "vmaf": 47.429058049999995,
        "tssim": 0.7689314725474552,
        "tpsnr": 25.57717315661091,
        "fvd": 172.59729741594742
    },
    "ShakeNDry_1920x1080_120fps_420_8bit_YUV_h264.mp4": {
        "psnr": 34.2802,
        "ssim": 0.8652,
        "vmaf": 49.71459454666667,
        "tssim": 0.8198019972338403,
        "tpsnr": 31.46429354052081,
        "fvd": 186.99439406392753
    },
    "YachtRide_1920x1080_120fps_420_8bit_YUV_h264.mp4": {
        "psnr": 30.481616666666667,
        "ssim": 0.8320883333333333,
        "vmaf": 33.130548096666665,
        "tssim": 0.7611460017170768,
        "tpsnr": 27.461775453341424,
        "fvd": 345.0893368068864
    }
}