{
    "Beauty_1920x1080_120fps_420_8bit_YUV_vp9.webm": {
        "psnr": 38.785199999999996,
        "ssim": 0.9003733333333334,
        "vmaf": 74.43303275333334,
        "tssim": 0.8949830894667817,
        "tpsnr": 36.8823040053124,
        "fvd": 55.542030604436945
    },
    "Bosphorus_1920x1080_120fps_420_8bit_YUV_vp9.webm": {
        "psnr": 40.677083333333336,
        "ssim": 0.9566716666666666,
        "vmaf": 82.49551188166667,
        "tssim": 0.883584146107327,
        "tpsnr": 34.23307053593045,
        "fvd": 131.50901383667997
    },
    "HoneyBee_1920x1080_120fps_420_8bit_YUV_vp9.webm": {
        "psnr": 43.1762,
        "ssim": 0.9692333333333333,
        "vmaf": 92.45392098,
        "tssim": 0.9563933098162427,
        "tpsnr": 40.759761179826896,
        "fvd": 14.349618596488313
    },
    "Jockey_1920x1080_120fps_420_8bit_YUV_vp9.webm": {
        "psnr": 41.0627,
        "ssim": 0.9532516666666667,
        "vmaf": 88.957788705,
        "tssim": 0.8754629876785613,
        "tpsnr": 29.92103537812655,
        "fvd": 44.22640952351503
    },
    "ReadySteadyGo_1920x1080_120fps_420_8bit_YUV_vp9.webm": {
        "psnr": 34.81998333333333,
        "ssim": 0.9146766666666667,
        "vmaf": 81.092580275,
        "tssim": 0.8021464394873794,
        "tpsnr": 26.861841071229147,
        "fvd": 94.99594464893562
    },
    "ShakeNDry_1920x1080_120fps_420_8bit_YUV_vp9.webm": {
        "psnr": 37.455333333333336,
        "ssim": 0.9166633333333334,
        "vmaf": 70.00648332,
        "tssim": 0.817031318151495,
        "tpsnr": 31.26180780850924,
        "fvd": 163.24622489486
    },
    "YachtRide_1920x1080_120fps_420_8bit_YUV_vp9.webm": {
        "psnr": 33.49786666666667,
        "ssim": 0.8837883333333334,
        "vmaf": 55.72968006333334,
        "tssim": 0.7731932513794492,
        "tpsnr": 27.9945069250957,
        "fvd": 310.86799259680015
    }
}