{
    "BallUnderWater_1920x1080_60fps_hevc.mp4": {
        "psnr": 39.9221,
        "ssim": 0.9660133333333333,
        "vmaf": 64.45881299333332,
        "fvd": 82.40845362847563,
        "st_rred": 0.9231081090668294,
        "movie_index": 0.6596264244122649
    },
    "Bookcase_1920x1080_60fps_hevc.mp4": {
        "psnr": 37.630266666666664,
        "ssim": 0.9478766666666667,
        "vmaf": 96.79243346666667,
        "fvd": 7.4790730126042035,
        "st_rred": 0.6381072430435069,
        "movie_index": 2.235937287028019
    },
    "Boxing_1920x1080_30fps_hevc.mp4": {
        "psnr": 36.91726666666667,
        "ssim": 0.9344333333333332,
        "vmaf": 79.80348372,
        "fvd": 42.862327309452894,
        "st_rred": 2.5772443930472733,
        "movie_index": 1.2982157252778943
    },
    "BricksLeaves_1920x1080_60fps_hevc.mp4": {
        "psnr": 25.760966666666665,
        "ssim": 0.7642033333333333,
        "vmaf": 42.185930856666666,
        "fvd": 96.65256545751163,
        "st_rred": 9.262274779034545,
        "movie_index": 3.5723791071852316
    },
    "BridgeRiver_1920x1080_30fps_hevc.mp4": {
        "psnr": 27.686066666666665,
        "ssim": 0.8358199999999999,
        "vmaf": 45.39523192666667,
        "fvd": 873.2885675320391,
        "st_rred": 8.499795823968778,
        "movie_index": 1.7934667588080335
    },
    "BubblesPitcher_1920x1080_60fps_hevc.mp4": {
        "psnr": 37.99066666666667,
        "ssim": 0.9372166666666667,
        "vmaf": 48.67988909333333,
        "fvd": 356.5944457300793,
        "st_rred": 1.9920725143374867,
        "movie_index": 0.9798298658099163
    },
    "CalmingWater_1920x1080_60fps_hevc.mp4": {
        "psnr": 27.461599999999997,
        "ssim": 0.6767366666666668,
        "vmaf": 24.520829686666666,
        "fvd": 195.57641567008056,
        "st_rred": 5.699579903196696,
        "movie_index": 3.529196625967887
    },
    "CarpetCircleFast_1920x1080_60fps_hevc.mp4": {
        "psnr": 40.5586,
        "ssim": 0.94129,
        "vmaf": 63.622104946666674,
        "fvd": 5.769296515652314,
        "st_rred": 1.3543943895847939,
        "movie_index": 2.8702149315422596
    },
    "CloudsZoom_1920x1080_60fps_hevc.mp4": {
        "psnr": 52.572966666666666,
        "ssim": 0.9954033333333333,
        "vmaf": 89.64615952333334,
        "fvd": 4.002223992700181,
        "st_rred": 0.05874158746318309,
        "movie_index": 0.6124426665432428
    },
    "DiverFishAndRock_1920x1080_30fps_hevc.mp4": {
        "psnr": 36.7658,
        "ssim": 0.9413933333333333,
        "vmaf": 75.90260252666667,
        "fvd": 75.25667187851104,
        "st_rred": 2.0270054272999705,
        "movie_index": 3.427162936869884
    },
    "Diver_1920x1080_30fps_hevc.mp4": {
        "psnr": 43.59346666666667,
        "ssim": 0.9734733333333332,
        "vmaf": 87.31494628,
        "fvd": 55.602882814671375,
        "st_rred": 1.6274538819755149,
        "movie_index": 3.130222991758945
    },
    "FishAndRock_1920x1080_30fps_hevc.mp4": {
        "psnr": 36.678866666666664,
        "ssim": 0.9278933333333333,
        "vmaf": 73.35941226,
        "fvd": 94.94645190457527,
        "st_rred": 2.9087722926937474,
        "movie_index": 1.2811294112029492
    },
    "Fountain_1920x1080_50fps_hevc.mp4": {
        "psnr": 31.77372,
        "ssim": 0.767464,
        "vmaf": 45.00164994,
        "fvd": 324.2881369882366,
        "st_rred": 11.371567010464698,
        "movie_index": 1.9491973655769623
    },
    "Grass_1920x1080_60fps_hevc.mp4": {
        "psnr": 27.268433333333334,
        "ssim": 0.7250666666666667,
        "vmaf": 40.76233721,
        "fvd": 56.00569086753979,
        "st_rred": 10.01500868851246,
        "movie_index": 2.1950466736378678
    },
    "Hamster_1920x1080_60fps_hevc.mp4": {
        "psnr": 36.9024,
        "ssim": 0.9514266666666666,
        "vmaf": 73.69311193666667,
        "fvd": 39.61431911530326,
        "st_rred": 0.769183720533638,
        "movie_index": 1.3431445868517642
    },
    "KineticFastPainting_1920x1080_60fps_hevc.mp4": {
        "psnr": 28.8814,
        "ssim": 0.7709633333333333,
        "vmaf": 39.48020961333334,
        "fvd": 187.83417769281027,
        "st_rred": 3.6351336734265978,
        "movie_index": 6.652402100455402
    },
    "Lightreef_1920x1080_30fps_hevc.mp4": {
        "psnr": 28.430333333333333,
        "ssim": 0.7855800000000001,
        "vmaf": 55.82777243333334,
        "fvd": 218.04670603741658,
        "st_rred": 8.994313811987322,
        "movie_index": 9.711443014592932
    },
    "MartialArts_1920x1080_60fps_hevc.mp4": {
        "psnr": 43.94306666666667,
        "ssim": 0.9801166666666665,
        "vmaf": 85.75781291,
        "fvd": 41.53735442078414,
        "st_rred": 0.8076905474309073,
        "movie_index": 0.737669479537967
    },
    "Music_1920x1080_30fps_hevc.mp4": {
        "psnr": 38.9384,
        "ssim": 0.9468133333333333,
        "vmaf": 79.07384314666668,
        "fvd": 62.51554384312021,
        "st_rred": 1.9116993171210002,
        "movie_index": 8.417853083736544
    },
    "PaintingTilting_1920x1080_60fps_hevc.mp4": {
        "psnr": 29.2777,
        "ssim": 0.8626966666666668,
        "vmaf": 82.84314356666667,
        "fvd": 36.19858747496704,
        "st_rred": 3.391791922793047,
        "movie_index": 2.764224433280951
    },
    "ParkPlay_1920x1080_50fps_hevc.mp4": {
        "psnr": 28.49104,
        "ssim": 0.72274,
        "vmaf": 39.187483979999996,
        "fvd": 157.39670665788503,
        "st_rred": 13.878750686294556,
        "movie_index": 2.506310149368991
    },
    "PlasmaAveragePan_1920x1080_60fps_hevc.mp4": {
        "psnr": 41.166066666666666,
        "ssim": 0.9797066666666666,
        "vmaf": 67.74111479666666,
        "fvd": 33.644235639721444,
        "st_rred": 0.1586842885922901,
        "movie_index": 0.2721566469424146
    },
    "PlasmaSlowRandom_1920x1080_60fps_hevc.mp4": {
        "psnr": 51.135466666666666,
        "ssim": 0.9969766666666667,
        "vmaf": 87.45576859666666,
        "fvd": 3.286539173380902,
        "st_rred": 0.0031131242301156714,
        "movie_index": 0.051414282718380555
    },
    "RockWater_1920x1080_30fps_hevc.mp4": {
        "psnr": 30.178733333333337,
        "ssim": 0.8927866666666667,
        "vmaf": 56.659351013333335,
        "fvd": 170.2469994490425,
        "st_rred": 3.3799997549248104,
        "movie_index": 3.8236736243203184
    },
    "RockWave_1920x1080_30fps_hevc.mp4": {
        "psnr": 24.469466666666666,
        "ssim": 0.7550466666666668,
        "vmaf": 29.91300588666667,
        "fvd": 587.7307744238274,
        "st_rred": 13.692823121047034,
        "movie_index": 3.6628749250565598
    },
    "Rowing_1920x1080_30fps_hevc.mp4": {
        "psnr": 28.0148,
        "ssim": 0.7937733333333333,
        "vmaf": 21.809005966666668,
        "fvd": 916.0935684071069,
        "st_rred": 10.068880528756516,
        "movie_index": 6.009655650030046
    },
    "SmokeGuns_1920x1080_60fps_hevc.mp4": {
        "psnr": 38.01096666666667,
        "ssim": 0.9357533333333333,
        "vmaf": 68.21524420666667,
        "fvd": 95.50965718656471,
        "st_rred": 2.012926650015225,
        "movie_index": 0.8127095634522645
    },
    "Surfers_1920x1080_30fps_hevc.mp4": {
        "psnr": 34.474399999999996,
        "ssim": 0.91836,
        "vmaf": 63.24727974,
        "fvd": 136.44320944658523,
        "st_rred": 3.190314558735192,
        "movie_index": 3.246998637714642
    },
    "Toys_1920x1080_30fps_hevc.mp4": {
        "psnr": 32.5338,
        "ssim": 0.8991199999999999,
        "vmaf": 69.51911748666667,
        "fvd": 127.40405143586531,
        "st_rred": 3.9790199072779444,
        "movie_index": 1.5379377079490046
    },
    "TreeGrassFamily_1920x1080_30fps_hevc.mp4": {
        "psnr": 28.229866666666663,
        "ssim": 0.7900200000000001,
        "vmaf": 38.788956793333334,
        "fvd": 449.95430544656574,
        "st_rred": 8.758065701340556,