{
    "BallUnderWater_1920x1080_60fps_vp9.webm": {
        "psnr": 41.62766666666666,
        "ssim": 0.9729599999999999,
        "vmaf": 72.77214347333333,
        "fvd": 35.81178728917587,
        "st_rred": 0.9561860325097733,
        "movie_index": 1.1310137250152321,
        "tssim": 0.9494264511239939,
        "tpsnr": 35.201983978118385
    },
    "Bookcase_1920x1080_60fps_vp9.webm": {
        "psnr": 40.04956666666667,
        "ssim": 0.9672066666666665,
        "vmaf": 99.49177415,
        "fvd": 2.40351112693952,
        "st_rred": 0.4165474202739432,
        "movie_index": 2.2361771116487956,
        "tssim": 0.9039995956448802,
        "tpsnr": 29.14935052036043
    },
    "Boxing_1920x1080_30fps_vp9.webm": {
        "psnr": 38.5568,
        "ssim": 0.9519799999999999,
        "vmaf": 85.76636263333334,
        "fvd": 35.56790552520215,
        "st_rred": 2.8736326470019584,
        "movie_index": 2.9482781100993187,
        "tssim": 0.9144632308180518,
        "tpsnr": 30.2830228741537
    },
    "BricksLeaves_1920x1080_60fps_vp9.webm": {
        "psnr": 30.024099999999997,
        "ssim": 0.8801866666666666,
        "vmaf": 70.10827430333333,
        "fvd": 32.83545423590448,
        "st_rred": 4.5477112772814365,
        "movie_index": 4.583084408779407,
        "tssim": 0.8484429361439593,
        "tpsnr": 26.49272423045691
    },
    "BridgeRiver_1920x1080_30fps_vp9.webm": {
        "psnr": 29.059733333333334,
        "ssim": 0.8793466666666666,
        "vmaf": 57.00944704666667,
        "fvd": 274.2296419588944,
        "st_rred": 7.385360463920996,
        "movie_index": 3.096809692430816,
        "tssim": 0.8063104924837641,
        "tpsnr": 25.430152419429497
    },
    "BubblesPitcher_1920x1080_60fps_vp9.webm": {
        "psnr": 39.6616,
        "ssim": 0.9484533333333334,
        "vmaf": 56.32497907,
        "fvd": 155.27879732831752,
        "st_rred": 1.8904123213781894,
        "movie_index": 0.9012679195710548,
        "tssim": 0.9185050402611987,
        "tpsnr": 34.91723956870395
    },
    "CalmingWater_1920x1080_60fps_vp9.webm": {
        "psnr": 29.1598,
        "ssim": 0.7338366666666666,
        "vmaf": 34.8350606,
        "fvd": 63.928642339328235,
        "st_rred": 6.094222928763319,
        "movie_index": 4.7373314840737795,
        "tssim": 0.5964701697847364,
        "tpsnr": 24.38791211871399
    },
    "CarpetCircleFast_1920x1080_60fps_vp9.webm": {
        "psnr": 42.28516666666666,
        "ssim": 0.9563499999999999,
        "vmaf": 73.58762491333333,
        "fvd": 2.4126216607032234,
        "st_rred": 0.9734965312078483,
        "movie_index": 2.5473208296857153,
        "tssim": 0.9109192593022031,
        "tpsnr": 35.18087949720912
    },
    "CloudsZoom_1920x1080_60fps_vp9.webm": {
        "psnr": 54.985533333333336,
        "ssim": 0.9974266666666667,
        "vmaf": 91.31275036333334,
        "fvd": 0.26648601921671045,
        "st_rred": 0.12458138179433842,
        "movie_index": 0.10624050493211949,
        "tssim": 0.995748149690947,
        "tpsnr": 52.702557222500296
    },
    "DiverFishAndRock_1920x1080_30fps_vp9.webm": {
        "psnr": 38.4234,
        "ssim": 0.9566466666666665,
        "vmaf": 80.6773917,
        "fvd": 42.82001760687399,
        "st_rred": 2.2530059145589956,
        "movie_index": 4.209733881806367,
        "tssim": 0.9338064176179232,
        "tpsnr": 34.0018035453438
    },
    "Diver_1920x1080_30fps_vp9.webm": {
        "psnr": 44.65533333333333,
        "ssim": 0.9783133333333333,
        "vmaf": 89.30895078,
        "fvd": 29.64196352474937,
        "st_rred": 2.0651818483822177,
        "movie_index": 3.365593772381544,
        "tssim": 0.9629839588993085,
        "tpsnr": 40.66788943501927
    },
    "FishAndRock_1920x1080_30fps_vp9.webm": {
        "psnr": 38.4642,
        "ssim": 0.9480866666666666,
        "vmaf": 80.21931523333333,
        "fvd": 69.06131078923022,
        "st_rred": 2.9623051806280554,
        "movie_index": 1.5453930931203317,
        "tssim": 0.9317546248749191,
        "tpsnr": 36.26626292491119
    },
    "Fountain_1920x1080_50fps_vp9.webm": {
        "psnr": 32.488279999999996,
        "ssim": 0.785532,
        "vmaf": 48.348378235999995,
        "fvd": 309.26950312013605,
        "st_rred": 12.095432087640688,
        "movie_index": 2.636282251063121,
        "tssim": 0.7119621453136047,
        "tpsnr": 29.847974470820294
    },
    "Grass_1920x1080_60fps_vp9.webm": {
        "psnr": 30.1945,
        "ssim": 0.8416766666666666,
        "vmaf": 61.01360882333333,
        "fvd": 12.178779274479993,
        "st_rred": 6.203856451664585,
        "movie_index": 1.922081621843437,
        "tssim": 0.8542178435391649,
        "tpsnr": 28.08019988273697
    },
    "Hamster_1920x1080_60fps_vp9.webm": {
        "psnr": 39.003566666666664,
        "ssim": 0.9642566666666667,
        "vmaf": 83.57270272333334,
        "fvd": 21.45479110271276,
        "st_rred": 0.3876485005423618,
        "movie_index": 2.1235925754575824,
        "tssim": 0.9385720546145274,
        "tpsnr": 33.45805804785279
    },
    "KineticFastPainting_1920x1080_60fps_vp9.webm": {
        "psnr": 31.207033333333335,
        "ssim": 0.8302633333333334,
        "vmaf": 53.776274009999995,
        "fvd": 53.15514697780549,
        "st_rred": 1.76037041914406,
        "movie_index": 5.689193731167643,
        "tssim": 0.6980334692160882,
        "tpsnr": 25.461146925604066
    },
    "Lightreef_1920x1080_30fps_vp9.webm": {
        "psnr": 29.97286666666667,
        "ssim": 0.83238,
        "vmaf": 64.55208498666667,
        "fvd": 103.41479148985229,
        "st_rred": 8.083413631169385,
        "movie_index": 8.747681002288857,
        "tssim": 0.8182995349381682,
        "tpsnr": 28.355629440922065
    },
    "MartialArts_1920x1080_60fps_vp9.webm": {
        "psnr": 45.410466666666665,
        "ssim": 0.9852733333333333,
        "vmaf": 89.29897335666668,
        "fvd": 15.378876673454897,
        "st_rred": 0.641741262896641,
        "movie_index": 1.0364066643958108,
        "tssim": 0.9741717740011752,
        "tpsnr": 40.907125275270594
    },
    "Music_1920x1080_30fps_vp9.webm": {
        "psnr": 40.29266666666666,
        "ssim": 0.9571266666666666,
        "vmaf": 83.36984307333333,
        "fvd": 41.749566660575056,
        "st_rred": 2.1380257583996194,
        "movie_index": 9.57570747871127,
        "tssim": 0.9187274454939024,
        "tpsnr": 34.6318312395339
    },
    "PaintingTilting_1920x1080_60fps_vp9.webm": {
        "psnr": 35.334466666666664,
        "ssim": 0.95467,
        "vmaf": 99.94342427666666,
        "fvd": 7.1729139473554255,
        "st_rred": 0.5244384609470814,
        "movie_index": 2.488220407431291,
        "tssim": 0.978004169242349,
        "tpsnr": 34.023653260042835
    },
    "ParkPlay_1920x1080_50fps_vp9.webm": {
        "psnr": 29.59768,
        "ssim": 0.7582920000000001,
        "vmaf": 49.232824056,
        "fvd": 130.16801822454863,
        "st_rred": 14.074824883438065,
        "movie_index": 3.400247329688934,
        "tssim": 0.6977681146558733,
        "tpsnr": 26.62129993515321
    },
    "PlasmaAveragePan_1920x1080_60fps_vp9.webm": {
        "psnr": 42.01793333333333,
        "ssim": 0.9828633333333333,
        "vmaf": 69.2874776,
        "fvd": 19.00270074854896,
        "st_rred": 0.19373763284809042,
        "movie_index": 0.29096435065253523,
        "tssim": 0.9644244296414821,
        "tpsnr": 38.03301943265475
    },
    "PlasmaSlowRandom_1920x1080_60fps_vp9.webm": {
        "psnr": 51.3324,
        "ssim": 0.9971300000000001,
        "vmaf": 85.94767884,
        "fvd": 2.735129635462698,
        "st_rred": 0.03563950410834482,
        "movie_index": 0.06158408537245415,
        "tssim": 0.9942105981177312,
        "tpsnr": 47.50303174022049
    },
    "RockWater_1920x1080_30fps_vp9.webm": {
        "psnr": 32.284733333333335,
        "ssim": 0.9212800000000001,
        "vmaf": 67.56887152666667,