{
    "Beauty_1920x1080_120fps_420_8bit_YUV.y4m": 9.75664234161377,
    "Bosphorus_1920x1080_120fps_420_8bit_YUV.y4m": 5.662508964538574,
    "HoneyBee_1920x1080_120fps_420_8bit_YUV.y4m": 3.799950122833252,
    "Jockey_1920x1080_120fps_420_8bit_YUV.y4m": 24.88164520263672,
    "ReadySteadyGo_1920x1080_120fps_420_8bit_YUV.y4m": 32.25636291503906,
    "ShakeNDry_1920x1080_120fps_420_8bit_YUV.y4m": 7.953686714172363,
    "YachtRide_1920x1080_120fps_420_8bit_YUV.y4m": 14.212368965148926
}