{
    "BallUnderWater_1920x1080_60fps_hevc.mp4": {
        "psnr": 46.9684,
        "ssim": 0.9847066666666666,
        "vmaf": 99.20713346000001,
        "fvd": 6.01164543497805,
        "st_rred": 0.5169504524146848,
        "movie_index": 0.3493944607101954,
        "tssim": 0.9734703242004425,
        "tpsnr": 40.93177052883799
    },
    "Bookcase_1920x1080_60fps_hevc.mp4": {
        "psnr": 44.46406666666667,
        "ssim": 0.9848300000000001,
        "vmaf": 99.97656359333332,
        "fvd": 1.4990962822589609,
        "st_rred": 0.09775923566810718,
        "movie_index": 1.3674672364839742,
        "tssim": 0.9557492397774094,
        "tpsnr": 32.30243503608831
    },
    "Boxing_1920x1080_30fps_hevc.mp4": {
        "psnr": 43.39646666666667,
        "ssim": 0.9732933333333333,
        "vmaf": 99.96455918,
        "fvd": 7.887924114010275,
        "st_rred": 2.203552575037289,
        "movie_index": 0.6600163188956728,
        "tssim": 0.9589272498456649,
        "tpsnr": 36.18354725677695
    },
    "BricksLeaves_1920x1080_60fps_hevc.mp4": {
        "psnr": 35.900400000000005,
        "ssim": 0.9518166666666668,
        "vmaf": 93.49304776333334,
        "fvd": 9.282408132744308,
        "st_rred": 2.941209648502557,
        "movie_index": 2.3801373284696337,
        "tssim": 0.9521674310026698,
        "tpsnr": 32.78063778574251
    },
    "BridgeRiver_1920x1080_30fps_hevc.mp4": {
        "psnr": 35.37866666666667,
        "ssim": 0.9486333333333332,
        "vmaf": 88.30018570666667,
        "fvd": 98.18832968315678,
        "st_rred": 3.185534177912764,
        "movie_index": 0.9401849542288172,
        "tssim": 0.9248844593578645,
        "tpsnr": 32.207011587667786
    },
    "BubblesPitcher_1920x1080_60fps_hevc.mp4": {
        "psnr": 44.18953333333334,
        "ssim": 0.9728666666666667,
        "vmaf": 87.32644352666667,
        "fvd": 35.789670444000876,
        "st_rred": 0.5601203905529584,
        "movie_index": 0.48537534112141884,
        "tssim": 0.957123894260561,
        "tpsnr": 38.864312545112945
    },
    "CalmingWater_1920x1080_60fps_hevc.mp4": {
        "psnr": 31.802233333333334,
        "ssim": 0.8051,
        "vmaf": 59.09134887333334,
        "fvd": 20.665049728935116,
        "st_rred": 2.8197269705065438,
        "movie_index": 2.487358371150932,
        "tssim": 0.6817145833052449,
        "tpsnr": 26.68291977336973
    },
    "CarpetCircleFast_1920x1080_60fps_hevc.mp4": {
        "psnr": 45.4504,
        "ssim": 0.9773466666666667,
        "vmaf": 91.98430716666667,
        "fvd": 1.2659783340675972,
        "st_rred": 0.40036423016493394,
        "movie_index": 1.7329482098287563,
        "tssim": 0.9510574212089227,
        "tpsnr": 38.34509606504919
    },
    "CloudsZoom_1920x1080_60fps_hevc.mp4": {
        "psnr": 58.14713333333333,
        "ssim": 0.9985133333333333,
        "vmaf": 95.0675727,
        "fvd": 2.640261522821767,
        "st_rred": 0.02026797979289685,
        "movie_index": 0.10585821351428894,
        "tssim": 0.9970855852842899,
        "tpsnr": 47.54810023228062
    },
    "DiverFishAndRock_1920x1080_30fps_hevc.mp4": {
        "psnr": 44.211866666666666,
        "ssim": 0.9814266666666667,
        "vmaf": 99.55126394,
        "fvd": 10.077124186171432,
        "st_rred": 1.3273902042422758,
        "movie_index": 3.1629090895188736,
        "tssim": 0.9756519569811068,
        "tpsnr": 40.674399356714034
    },
    "Diver_1920x1080_30fps_hevc.mp4": {
        "psnr": 47.285466666666665,
        "ssim": 0.98332,
        "vmaf": 98.37207695333333,
        "fvd": 9.668186278194298,
        "st_rred": 1.2903408561794008,
        "movie_index": 2.994776339363932,
        "tssim": 0.9756983011553593,
        "tpsnr": 44.276647042908124
    },
    "FishAndRock_1920x1080_30fps_hevc.mp4": {
        "psnr": 42.7134,
        "ssim": 0.9759866666666667,
        "vmaf": 97.77760496666667,
        "fvd": 16.460696080008006,
        "st_rred": 1.4836223210463473,
        "movie_index": 1.2005768768339349,
        "tssim": 0.9748535711744162,
        "tpsnr": 41.14409611849177
    },
    "Fountain_1920x1080_50fps_hevc.mp4": {
        "psnr": 35.13168,
        "ssim": 0.855484,
        "vmaf": 78.58691623200001,
        "fvd": 79.74286877074974,
        "st_rred": 6.514437434692475,
        "movie_index": 1.2804218318807075,
        "tssim": 0.7989822433675952,
        "tpsnr": 32.38235626833506
    },
    "Grass_1920x1080_60fps_hevc.mp4": {
        "psnr": 34.26943333333333,
        "ssim": 0.9339833333333333,
        "vmaf": 82.64803095,
        "fvd": 13.011394973625755,
        "st_rred": 4.0333093263123345,
        "movie_index": 1.608780849575498,
        "tssim": 0.9498677667294879,
        "tpsnr": 32.560030149376914
    },
    "Hamster_1920x1080_60fps_hevc.mp4": {
        "psnr": 45.764966666666666,
        "ssim": 0.9880266666666667,
        "vmaf": 99.66626125666667,
        "fvd": 3.080237493119512,
        "st_rred": 0.22156359236506873,
        "movie_index": 0.5647056946985698,
        "tssim": 0.9812553606295359,
        "tpsnr": 39.851560286454934
    },
    "KineticFastPainting_1920x1080_60fps_hevc.mp4": {
        "psnr": 39.061299999999996,
        "ssim": 0.95356,
        "vmaf": 98.64189797666667,
        "fvd": 4.126119035040546,
        "st_rred": 0.24183048274985808,
        "movie_index": 1.7183102776972345,
        "tssim": 0.9012727071801545,
        "tpsnr": 32.080171840246706
    },
    "Lightreef_1920x1080_30fps_hevc.mp4": {
        "psnr": 33.88806666666667,
        "ssim": 0.9122133333333333,
        "vmaf": 90.71033928,
        "fvd": 34.63118412217261,
        "st_rred": 3.5293309965959594,
        "movie_index": 8.92598226376428,
        "tssim": 0.9115580908015591,
        "tpsnr": 32.56124103469337
    },
    "MartialArts_1920x1080_60fps_hevc.mp4": {
        "psnr": 49.8904,
        "ssim": 0.9926533333333333,
        "vmaf": 97.56124316666667,
        "fvd": 5.921655271713348,
        "st_rred": 0.23152064439979902,
        "movie_index": 0.4346125270660506,
        "tssim": 0.9885232678421617,
        "tpsnr": 44.77962299972075
    },
    "Music_1920x1080_30fps_hevc.mp4": {
        "psnr": 44.559599999999996,
        "ssim": 0.9756666666666667,
        "vmaf": 98.52846916666667,
        "fvd": 10.464250614341836,
        "st_rred": 1.1342341757981877,
        "movie_index": 8.484049070476486,
        "tssim": 0.960697129771974,
        "tpsnr": 39.91694579668493
    },
    "PaintingTilting_1920x1080_60fps_hevc.mp4": {
        "psnr": 38.102266666666665,
        "ssim": 0.9743733333333334,
        "vmaf": 99.94622532333334,
        "fvd": 5.3304489005257665,
        "st_rred": 0.6090903993786725,
        "movie_index": 1.781972343139475,
        "tssim": 0.9888459122337591,
        "tpsnr": 36.84129781308381
    },
    "ParkPlay_1920x1080_50fps_hevc.mp4": {
        "psnr": 34.31668,
        "ssim": 0.879004,
        "vmaf": 88.977908544,
        "fvd": 25.359934096772122,
        "st_rred": 6.666942611169986,
        "movie_index": 1.8294188262348672,
        "tssim": 0.8671728981208242,
        "tpsnr": 31.40346085115609
    },
    "PlasmaAveragePan_1920x1080_60fps_hevc.mp4": {
        "psnr": 51.83923333333333,
        "ssim": 0.9969399999999999,
        "vmaf": 96.90578273999999,
        "fvd": 0.9212247387927448,
        "st_rred": 0.06594231527287508,
        "movie_index": 0.08560941292963498,
        "tssim": 0.994380296292467,
        "tpsnr": 48.3311317469364
    },
    "PlasmaSlowRandom_1920x1080_60fps_hevc.mp4": {
        "psnr": 64.50913333333334,
        "ssim": 0.9999699999999999,
        "vmaf": 97.52179507333334,
        "fvd": 0.4480849416050319,
        "st_rred": 0.023771542648591715,
        "movie_index": 0.013504392534407186,
        "tssim": 0.999575404767359,
        "tpsnr": 61.43234459612282
    },
    "RockWater_1920x1080_30fps_hevc.mp4": {
        "psnr": 38.787733333333335,
        "ssim": 0.9712000000000001,