{
    "BasketballDrive_1920x1080_50_h264.mp4": {
        "psnr": 28.53876,
        "ssim": 0.782034,
        "vmaf": 29.327434326,
        "tssim": 0.7114663908777598,
        "tpsnr": 25.274998425959584,
        "fvd": 427.18222132547567,
        "movie_index": 7.490576310960468,
        "st_rred": 22.346314919438928
    },
    "BQTerrace_1920x1080_60_h264.mp4": {
        "psnr": 28.10853333333333,
        "ssim": 0.7821066666666667,
        "vmaf": 48.042672095,
        "tssim": 0.7201674661913182,
        "tpsnr": 25.669613779287705,
        "fvd": 289.0913122549182,
        "movie_index": 124.67262660039088,
        "st_rred": 14.69355304988915
    },
    "Cactus_1920x1080_50_h264.mp4": {
        "psnr": 29.15172,
        "ssim": 0.7759320000000001,
        "vmaf": 37.715753364,
        "tssim": 0.7093381308026235,
        "tpsnr": 26.400548311894784,
        "fvd": 264.09426122152587,
        "movie_index": 44.92348139797279,
        "st_rred": 16.769157404522268
    },
    "Kimono_1920x1080_24_h264.mp4": {
        "psnr": 33.91695833333333,
        "ssim": 0.8734458333333334,
        "vmaf": 50.026527279166665,
        "tssim": 0.8170328183624341,
        "tpsnr": 30.583691217909298,
        "fvd": 118.85141278385049,
        "movie_index": 15.939249448821135,
        "st_rred": 14.878707621404692
    },
    "ParkScene_1920x1080_24_h264.mp4": {
        "psnr": 31.466875,
        "ssim": 0.8185958333333333,
        "vmaf": 51.45354475833334,
        "tssim": 0.7681609784268709,
        "tpsnr": 28.894943125577154,
        "fvd": 92.139744597863,
        "movie_index": 9.711674629519674,
        "st_rred": 14.410997777759956
    }
}