{
    "Beauty_1920x1080_120fps_420_8bit_YUV_h264.mp4": {
        "psnr": 36.51631666666667,
        "ssim": 0.8803966666666667,
        "vmaf": 50.401818051666666,
        "tssim": 0.8615147299961012,
        "tpsnr": 33.98696044769032,
        "fvd": 105.06442391980272
    },
    "Bosphorus_1920x1080_120fps_420_8bit_YUV_h264.mp4": {
        "psnr": 36.577666666666666,
        "ssim": 0.9173283333333334,
        "vmaf": 58.916494740000005,
        "tssim": 0.8378304209638979,
        "tpsnr": 31.618132688366313,
        "fvd": 462.36871302488044
    },
    "HoneyBee_1920x1080_120fps_420_8bit_YUV_h264.mp4": {
        "psnr": 38.80168333333333,
        "ssim": 0.9390433333333332,
        "vmaf": 74.57199683333333,
        "tssim": 0.8669774064899098,
        "tpsnr": 32.57599089340694,
        "fvd": 88.82651055365216
    },
    "Jockey_1920x1080_120fps_420_8bit_YUV_h264.mp4": {
        "psnr": 34.260266666666666,
        "ssim": 0.9046783333333334,
        "vmaf": 46.925116958333334,
        "tssim": 0.7786138814151158,
        "tpsnr": 23.982810776699367,
        "fvd": 1473.167339188311
    },
    "ReadySteadyGo_1920x1080_120fps_420_8bit_YUV_h264.mp4": {
        "psnr": 29.832483333333336,
        "ssim": 0.8424416666666668,
        "vmaf": 47.429058049999995,
        "tssim": 0.6277296296962415,
        "tpsnr": 20.940518003473297,
        "fvd": 1127.6624518162284
    },
    "ShakeNDry_1920x1080_120fps_420_8bit_YUV_h264.mp4": {
        "psnr": 34.2802,
        "ssim": 0.8652,
        "vmaf": 49.71459454666667,
        "tssim": 0.6953475551456326,
        "tpsnr": 27.455542829124425,
        "fvd": 735.2626632436616
    },
    "YachtRide_1920x1080_120fps_420_8bit_YUV_h264.mp4": {
        "psnr": 30.481616666666667,
        "ssim": 0.8320883333333333,
        "vmaf": 33.130548096666665,
        "tssim": 0.688831253301706,
        "tpsnr": 24.899793347850665,
        "fvd": 508.8100690892911
    }
}