{
    "BallUnderWater_1920x1080_60fps_hevc.mp4": {
        "psnr": 47.705,
        "ssim": 0.9863666666666666,
        "vmaf": 99.78972533,
        "fvd": 5.023595451937808,
        "st_rred": 0.3875328062312473
    },
    "Bookcase_1920x1080_60fps_hevc.mp4": {
        "psnr": 45.1652,
        "ssim": 0.9865566666666666,
        "vmaf": 99.98258231666667,
        "fvd": 1.1957428415335016,
        "st_rred": 0.05359753154160529
    },
    "Boxing_1920x1080_30fps_hevc.mp4": {
        "psnr": 43.973,
        "ssim": 0.9755533333333333,
        "vmaf": 99.97250199333332,
        "fvd": 5.836999906826804,
        "st_rred": 1.9291616445024466
    },
    "BricksLeaves_1920x1080_60fps_hevc.mp4": {
        "psnr": 37.9049,
        "ssim": 0.96685,
        "vmaf": 97.03653247333332,
        "fvd": 5.375019058048224,
        "st_rred": 2.3386580588307915
    },
    "BridgeRiver_1920x1080_30fps_hevc.mp4": {
        "psnr": 37.436933333333336,
        "ssim": 0.9612266666666667,
        "vmaf": 94.17271138666666,
        "fvd": 62.55414874957978,
        "st_rred": 2.656385144921906
    },
    "BubblesPitcher_1920x1080_60fps_hevc.mp4": {
        "psnr": 45.618566666666666,
        "ssim": 0.9790833333333334,
        "vmaf": 92.20861055333333,
        "fvd": 20.69929581729548,
        "st_rred": 0.42106166939567125
    },
    "CalmingWater_1920x1080_60fps_hevc.mp4": {
        "psnr": 33.16456666666667,
        "ssim": 0.8428433333333334,
        "vmaf": 70.53780959,
        "fvd": 12.43599421728527,
        "st_rred": 2.173111188207084
    },
    "CarpetCircleFast_1920x1080_60fps_hevc.mp4": {
        "psnr": 46.05683333333333,
        "ssim": 0.9798733333333333,
        "vmaf": 93.97502343000001,
        "fvd": 1.0214551802990286,
        "st_rred": 0.3248911009628266
    },
    "CloudsZoom_1920x1080_60fps_hevc.mp4": {
        "psnr": 60.301966666666665,
        "ssim": 0.9989666666666667,
        "vmaf": 95.88030435333333,
        "fvd": 2.630482822149176,
        "st_rred": 0.059968607721898826
    },
    "DiverFishAndRock_1920x1080_30fps_hevc.mp4": {
        "psnr": 45.00873333333334,
        "ssim": 0.9835133333333332,
        "vmaf": 99.84915360000001,
        "fvd": 6.97475298765994,
        "st_rred": 1.2308943527408367
    },
    "Diver_1920x1080_30fps_hevc.mp4": {
        "psnr": 47.74693333333333,
        "ssim": 0.9845933333333333,
        "vmaf": 98.72967872,
        "fvd": 8.656037616654885,
        "st_rred": 1.1522915510985445
    },
    "FishAndRock_1920x1080_30fps_hevc.mp4": {
        "psnr": 43.385999999999996,
        "ssim": 0.9786133333333333,
        "vmaf": 98.77621645333333,
        "fvd": 14.642860270421465,
        "st_rred": 1.3446884426267722
    },
    "Fountain_1920x1080_50fps_hevc.mp4": {
        "psnr": 35.934239999999996,
        "ssim": 0.874284,
        "vmaf": 84.387776804,
        "fvd": 54.719024547631534,
        "st_rred": 5.740834564941867
    },
    "Grass_1920x1080_60fps_hevc.mp4": {
        "psnr": 35.654599999999995,
        "ssim": 0.9503466666666666,
        "vmaf": 86.50496132666667,
        "fvd": 14.17000846714707,
        "st_rred": 3.312650291169035
    },
    "Hamster_1920x1080_60fps_hevc.mp4": {
        "psnr": 47.022999999999996,
        "ssim": 0.9904633333333334,
        "vmaf": 99.89872969666666,
        "fvd": 1.8645922575900613,
        "st_rred": 0.14347963354357063
    },
    "KineticFastPainting_1920x1080_60fps_hevc.mp4": {
        "psnr": 41.10296666666667,
        "ssim": 0.96765,
        "vmaf": 99.92504381,
        "fvd": 2.410606362241481,
        "st_rred": 0.1233564367185025
    },
    "Lightreef_1920x1080_30fps_hevc.mp4": {
        "psnr": 34.983333333333334,
        "ssim": 0.9272533333333333,
        "vmaf": 94.46691729333332,
        "fvd": 27.858304279758613,
        "st_rred": 2.9265222484170863
    },
    "MartialArts_1920x1080_60fps_hevc.mp4": {
        "psnr": 50.8983,
        "ssim": 0.9939,
        "vmaf": 98.11519667333334,
        "fvd": 5.039120047197798,
        "st_rred": 0.1413556474040698
    },
    "Music_1920x1080_30fps_hevc.mp4": {
        "psnr": 45.3742,
        "ssim": 0.9788333333333332,
        "vmaf": 99.29533355333334,
        "fvd": 7.234268784939559,
        "st_rred": 0.9127264042519396
    },
    "PaintingTilting_1920x1080_60fps_hevc.mp4": {
        "psnr": 38.72,
        "ssim": 0.9775766666666665,
        "vmaf": 99.96941275333333,
        "fvd": 4.162903873702476,
        "st_rred": 0.4874230481921842
    },
    "ParkPlay_1920x1080_50fps_hevc.mp4": {
        "psnr": 35.40284,
        "ssim": 0.8978,
        "vmaf": 94.16538958400001,
        "fvd": 18.83254073264061,
        "st_rred": 5.925173073094847
    },
    "PlasmaAveragePan_1920x1080_60fps_hevc.mp4": {
        "psnr": 54.16856666666666,
        "ssim": 0.9982166666666665,
        "vmaf": 98.34991391333332,
        "fvd": 0.7319037333211327,
        "st_rred": 0.08387510749351446
    },
    "PlasmaSlowRandom_1920x1080_60fps_hevc.mp4": {
        "psnr": 66.756,
        "ssim": 0.9999766666666666,
        "vmaf": 97.85688167,
        "fvd": 0.4433106108002107,
        "st_rred": 0.024241868374261788
    },
    "RockWater_1920x1080_30fps_hevc.mp4": {
        "psnr": 40.288333333333334,
        "ssim": 0.9772866666666666,
        "vmaf": 99.96667502666668,
        "fvd": 13.746298811396173,
        "st_rred": 0.8477635275982536
    },
    "RockWave_1920x1080_30fps_hevc.mp4": {
        "psnr": 31.89633333333333,
        "ssim": 0.9295866666666668,
        "vmaf": 82.59639776,
        "fvd": 54.18054339174,
        "st_rred": 2.789602877033449
    },
    "Rowing_1920x1080_30fps_hevc.mp4": {
        "psnr": 35.8314,
        "ssim": 0.9253400000000002,
        "vmaf": 86.95053188,
        "fvd": 46.74002072343478,
        "st_rred": 1.907096378851115
    },
    "SmokeGuns_1920x1080_60fps_hevc.mp4": {
        "psnr": 44.175066666666666,
        "ssim": 0.9749233333333333,
        "vmaf": 94.13063891,
        "fvd": 11.77416015831841,
        "st_rred": 1.0814733327053823
    },
    "Surfers_1920x1080_30fps_hevc.mp4": {
        "psnr": 43.013400000000004,
        "ssim": 0.97794,
        "vmaf": 98.84431446666667,
        "fvd": 13.030683544832414,
        "st_rred": 1.4103839548895962
    },
    "Toys_1920x1080_30fps_hevc.mp4": {
        "psnr": 41.099399999999996,
        "ssim": 0.97432,
        "vmaf": 99.97199669333334,
        "fvd": 9.775427664001427,
        "st_rred": 1.276941337914625
    },
    "TreeGrassFamily_1920x1080_30fps_hevc.mp4": {
        "psnr": 36.2872,
        "ssim": 0.9447533333333333,
        "vmaf": 87.63375916666666,
        "fvd": 48.23932066363557,
        "st_rred": 2.8035206157476438
    },
    "TreeTrunk_1920x1080_50fps_hevc.mp4": {
        "psnr": 36.78244,
        "ssim": 0.945612,
        "vmaf": 99.947016348,
        "fvd": 5.6307374978173925,
        "st_rred": 3.175988203694409
    },
    "Typing_1920x1080_60fps_hevc.mp4": {
        "psnr": 48.07316666666667,
        "ssim": 0.98999,
        "vmaf": 96.83938497999999,
        "fvd": 4.607362552965128,
        "st_rred": 0.3279618564044924
    }
}