{
    "Beauty_1920x1080_120fps_420_8bit_YUV_vp9.webm": {
        "psnr": 37.955866666666665,
        "ssim": 0.8931050000000001,
        "vmaf": 64.30650695166668,
        "tssim": 0.8834461142360891,
        "tpsnr": 35.66871774893173,
        "fvd": 77.8751593797898,
        "movie_index": 2.4903472611223516,
        "st_rred": 10.749310750211633
    },
    "Bosphorus_1920x1080_120fps_420_8bit_YUV_vp9.webm": {
        "psnr": 38.69206666666667,
        "ssim": 0.9386766666666667,
        "vmaf": 72.44205356833334,
        "tssim": 0.9160345450365711,
        "tpsnr": 36.330457136507626,
        "fvd": 64.72912402229088,
        "movie_index": 0.8396466022142783,
        "st_rred": 13.882802833560936
    },
    "HoneyBee_1920x1080_120fps_420_8bit_YUV_vp9.webm": {
        "psnr": 42.83786666666667,
        "ssim": 0.9673433333333332,
        "vmaf": 91.49842094,
        "tssim": 0.9592095579188035,
        "tpsnr": 41.21523130795792,
        "fvd": 10.588246359798234,
        "movie_index": 0.401202256522314,
        "st_rred": 30.676518073271044
    },
    "Jockey_1920x1080_120fps_420_8bit_YUV_vp9.webm": {
        "psnr": 38.93095,
        "ssim": 0.9391666666666667,
        "vmaf": 76.13944787,
        "tssim": 0.9020573868362662,
        "tpsnr": 32.08707051921966,
        "fvd": 20.396094445922245,
        "movie_index": 2.2631334430586314,
        "st_rred": 23.796098788549116
    },
    "ReadySteadyGo_1920x1080_120fps_420_8bit_YUV_vp9.webm": {
        "psnr": 32.07948333333333,
        "ssim": 0.8725566666666666,
        "vmaf": 64.468105645,
        "tssim": 0.8244838548531028,
        "tpsnr": 27.78385826900527,
        "fvd": 64.83118261064078,
        "movie_index": 2.3320689770783325,
        "st_rred": 26.544623128476275
    },
    "ShakeNDry_1920x1080_120fps_420_8bit_YUV_vp9.webm": {
        "psnr": 35.777966666666664,
        "ssim": 0.8914266666666667,
        "vmaf": 59.897518183333325,
        "tssim": 0.8577316967661672,
        "tpsnr": 33.015080633769465,
        "fvd": 123.22302615598005,
        "movie_index": 1.9919643062462775,
        "st_rred": 20.77535763232175
    },
    "YachtRide_1920x1080_120fps_420_8bit_YUV_vp9.webm": {
        "psnr": 32.10776666666666,
        "ssim": 0.8605783333333333,
        "vmaf": 46.253709218333334,
        "tssim": 0.8056421971610592,
        "tpsnr": 29.18888947641312,
        "fvd": 165.97353294387722,
        "movie_index": 2.155089923256825,
        "st_rred": 15.368406061981682
    }
}