{
    "Bosphorus_1920x1080_120fps_420_8bit_YUV_hevc.mp4": {
        "psnr": 37.865916666666664,
        "ssim": 0.9294416666666668,
        "vmaf": 70.88949959166666,
        "tssim": 0.8890637995336235,
        "tpsnr": 34.398301864904234,
        "fvd": 141.49336631886467
    },
    "HoneyBee_1920x1080_120fps_420_8bit_YUV_hevc.mp4": {
        "psnr": 41.01808333333333,
        "ssim": 0.9540516666666665,
        "vmaf": 86.97536821666667,
        "tssim": 0.939342459842825,
        "tpsnr": 38.43019928398833,
        "fvd": 21.638430489159248
    },
    "Jockey_1920x1080_120fps_420_8bit_YUV_hevc.mp4": {
        "psnr": 37.10458333333333,
        "ssim": 0.9227033333333334,
        "vmaf": 66.88797696166667,
        "tssim": 0.865968975802262,
        "tpsnr": 29.302879960787713,
        "fvd": 99.01053896282292
    },
    "ReadySteadyGo_1920x1080_120fps_420_8bit_YUV_hevc.mp4": {
        "psnr": 30.243816666666667,
        "ssim": 0.83131,
        "vmaf": 51.17372518,
        "tssim": 0.7261785550944951,
        "tpsnr": 24.544294605669077,
        "fvd": 541.2084770636689
    },
    "ShakeNDry_1920x1080_120fps_420_8bit_YUV_hevc.mp4": {
        "psnr": 34.7275,
        "ssim": 0.8697900000000001,
        "vmaf": 56.67029107333333,
        "tssim": 0.807847733135485,
        "tpsnr": 30.962450652616877,
        "fvd": 299.2912196180487
    },
    "YachtRide_1920x1080_120fps_420_8bit_YUV_hevc.mp4": {
        "psnr": 31.417,
        "ssim": 0.84716,
        "vmaf": 41.109860821666665,
        "tssim": 0.7655103363079925,
        "tpsnr": 27.69464116422879,
        "fvd": 539.5667979287
    },
    "Beauty_1920x1080_120fps_420_8bit_YUV_hevc.mp4": {
        "psnr": 37.244,
        "ssim": 0.8853449999999999,
        "vmaf": 60.80229596833333,
        "tssim": 0.8754745346235936,
        "tpsnr": 35.07734134718651,
        "fvd": 91.18522748678714
    }
}