{
    "BallUnderWater_1920x1080_60fps_h264.mp4": {
        "psnr": 38.97893333333334,
        "ssim": 0.9644533333333334,
        "vmaf": 54.53587496666666,
        "fvd": 104.84371147963742
    },
    "Bookcase_1920x1080_60fps_h264.mp4": {
        "psnr": 35.1894,
        "ssim": 0.9350466666666667,
        "vmaf": 86.51193982333334,
        "fvd": 9.562667469293956
    },
    "Boxing_1920x1080_30fps_h264.mp4": {
        "psnr": 37.2938,
        "ssim": 0.9441066666666665,
        "vmaf": 79.19503494666667,
        "fvd": 43.43527147991381
    },
    "BricksLeaves_1920x1080_60fps_h264.mp4": {
        "psnr": 27.655166666666663,
        "ssim": 0.8354699999999999,
        "vmaf": 58.21632453333333,
        "fvd": 50.98422646372978
    },
    "BridgeRiver_1920x1080_30fps_h264.mp4": {
        "psnr": 28.242466666666665,
        "ssim": 0.85754,
        "vmaf": 52.89059430666667,
        "fvd": 430.04749847519184
    },
    "BubblesPitcher_1920x1080_60fps_h264.mp4": {
        "psnr": 38.00106666666667,
        "ssim": 0.9384500000000001,
        "vmaf": 43.59381900333333,
        "fvd": 153.86357739506911
    },
    "CalmingWater_1920x1080_60fps_h264.mp4": {
        "psnr": 25.6721,
        "ssim": 0.6442,
        "vmaf": 15.272692193333333,
        "fvd": 368.87950358489553
    },
    "CarpetCircleFast_1920x1080_60fps_h264.mp4": {
        "psnr": 38.295966666666665,
        "ssim": 0.91637,
        "vmaf": 41.58076483333333,
        "fvd": 23.137998909808147
    },
    "CloudsZoom_1920x1080_60fps_h264.mp4": {
        "psnr": 54.37583333333333,
        "ssim": 0.9970699999999999,
        "vmaf": 88.50684827333333,
        "fvd": 1.5398472040619442
    },
    "DiverFishAndRock_1920x1080_30fps_h264.mp4": {
        "psnr": 36.9108,
        "ssim": 0.9475866666666667,
        "vmaf": 74.4261317,
        "fvd": 50.434936841449826
    },
    "Diver_1920x1080_30fps_h264.mp4": {
        "psnr": 43.39846666666667,
        "ssim": 0.9747733333333334,
        "vmaf": 84.33390065333333,
        "fvd": 62.14666915302314
    },
    "FishAndRock_1920x1080_30fps_h264.mp4": {
        "psnr": 36.4992,
        "ssim": 0.9282733333333334,
        "vmaf": 71.14011894666666,
        "fvd": 95.6543823765029
    },
    "Fountain_1920x1080_50fps_h264.mp4": {
        "psnr": 31.09552,
        "ssim": 0.756232,
        "vmaf": 36.751092,
        "fvd": 388.0000690300775
    },
    "Grass_1920x1080_60fps_h264.mp4": {
        "psnr": 27.89153333333333,
        "ssim": 0.7693166666666666,
        "vmaf": 48.28838424,
        "fvd": 27.866358439184992
    },
    "Hamster_1920x1080_60fps_h264.mp4": {
        "psnr": 37.4951,
        "ssim": 0.9608633333333334,
        "vmaf": 74.1250269,
        "fvd": 28.630445171726592
    },
    "KineticFastPainting_1920x1080_60fps_h264.mp4": {
        "psnr": 26.527266666666666,
        "ssim": 0.7189399999999999,
        "vmaf": 28.753411906666667,
        "fvd": 291.1791710205939
    },
    "Lightreef_1920x1080_30fps_h264.mp4": {
        "psnr": 28.089466666666667,
        "ssim": 0.7927533333333333,
        "vmaf": 52.75403721333333,
        "fvd": 212.8955324404485
    },
    "MartialArts_1920x1080_60fps_h264.mp4": {
        "psnr": 43.8161,
        "ssim": 0.9821533333333334,
        "vmaf": 83.42229467666667,
        "fvd": 21.774878813195983
    },
    "Music_1920x1080_30fps_h264.mp4": {
        "psnr": 39.5078,
        "ssim": 0.9535933333333333,
        "vmaf": 78.71768046,
        "fvd": 41.59701871266225
    },
    "PaintingTilting_1920x1080_60fps_h264.mp4": {
        "psnr": 29.808133333333334,
        "ssim": 0.9088066666666667,
        "vmaf": 87.38614947666666,
        "fvd": 18.376971325424392
    },
    "ParkPlay_1920x1080_50fps_h264.mp4": {
        "psnr": 27.892919999999997,
        "ssim": 0.7122040000000001,
        "vmaf": 31.424842228000003,
        "fvd": 208.988624256187
    },
    "PlasmaAveragePan_1920x1080_60fps_h264.mp4": {
        "psnr": 42.724599999999995,
        "ssim": 0.9864033333333333,
        "vmaf": 70.07130112,
        "fvd": 12.388614821286055
    },
    "PlasmaSlowRandom_1920x1080_60fps_h264.mp4": {
        "psnr": 53.034800000000004,
        "ssim": 0.99815,
        "vmaf": 88.97051889666666,
        "fvd": 1.2568780064712541
    },
    "RockWater_1920x1080_30fps_h264.mp4": {
        "psnr": 30.334133333333334,
        "ssim": 0.9007466666666666,
        "vmaf": 58.00020897333333,
        "fvd": 224.12009042067007
    },
    "RockWave_1920x1080_30fps_h264.mp4": {
        "psnr": 24.097266666666666,
        "ssim": 0.7627733333333333,
        "vmaf": 24.457797746666664,
        "fvd": 380.4447919322031
    },
    "Rowing_1920x1080_30fps_h264.mp4": {
        "psnr": 27.451800000000002,
        "ssim": 0.7874866666666667,
        "vmaf": 17.244387286666665,
        "fvd": 747.2980902223189
    },
    "SmokeGuns_1920x1080_60fps_h264.mp4": {
        "psnr": 37.362033333333336,
        "ssim": 0.9332433333333334,
        "vmaf": 60.06627479666667,
        "fvd": 87.00121635785183
    },
    "Surfers_1920x1080_30fps_h264.mp4": {
        "psnr": 34.361066666666666,
        "ssim": 0.9171933333333334,
        "vmaf": 61.82111661333334,
        "fvd": 165.3011560178652
    },
    "Toys_1920x1080_30fps_h264.mp4": {
        "psnr": 32.20406666666666,
        "ssim": 0.9020266666666666,
        "vmaf": 67.32221488,
        "fvd": 80.49643628666377
    },
    "TreeGrassFamily_1920x1080_30fps_h264.mp4": {
        "psnr": 28.337,
        "ssim": 0.79856,
        "vmaf": 39.99905006666666,
        "fvd": 272.83080866739283
    },
    "TreeTrunk_1920x1080_50fps_h264.mp4": {
        "psnr": 26.179080000000003,
        "ssim": 0.6854199999999999,
        "vmaf": 41.359093015999996,
        "fvd": 103.9945816848948
    },
    "Typing_1920x1080_60fps_h264.mp4": {
        "psnr": 41.21706666666667,
        "ssim": 0.9675033333333333,
        "vmaf": 81.65153212,
        "fvd": 37.72878746637559
    }
}