{
    "Beauty_1920x1080_120fps_420_8bit_YUV_av1.mkv": {
        "psnr": 39.07898333333333,
        "ssim": 0.9037833333333333,
        "vmaf": 76.13202996833334,
        "fvd": 81.69892875500602,
        "tssim": 0.8972331254568433,
        "tpsnr": 36.309050106246005,
        "movie_index": 2.1841989458104805,
        "st_rred": 7.98269455347336
    },
    "Bosphorus_1920x1080_120fps_420_8bit_YUV_av1.mkv": {
        "psnr": 41.74326666666666,
        "ssim": 0.96714,
        "vmaf": 85.17861535166666,
        "fvd": 65.91255196556881,
        "tssim": 0.9541957021405786,
        "tpsnr": 39.4723461768862,
        "movie_index": 0.36855101836643156,
        "st_rred": 2.7276628420105613
    },
    "HoneyBee_1920x1080_120fps_420_8bit_YUV_av1.mkv": {
        "psnr": 43.65073333333333,
        "ssim": 0.9719116666666665,
        "vmaf": 93.935872315,
        "fvd": 17.320675581577177,
        "tssim": 0.9646746260670636,
        "tpsnr": 41.9661826450558,
        "movie_index": 0.351780778192021,
        "st_rred": 4.064245822622861
    },
    "Jockey_1920x1080_120fps_420_8bit_YUV_av1.mkv": {
        "psnr": 41.2751,
        "ssim": 0.9565433333333332,
        "vmaf": 86.19977018,
        "fvd": 25.18462955800146,
        "tssim": 0.9232554949920482,
        "tpsnr": 33.12093296910765,
        "movie_index": 1.4860448491493727,
        "st_rred": 3.501438497869394
    },
    "ReadySteadyGo_1920x1080_120fps_420_8bit_YUV_av1.mkv": {
        "psnr": 35.82391666666666,
        "ssim": 0.9300283333333335,
        "vmaf": 85.58434249333332,
        "fvd": 53.7027818923209,
        "tssim": 0.89723372393372,
        "tpsnr": 30.655307581906328,
        "movie_index": 1.347809481526257,
        "st_rred": 3.244823811397765
    },
    "ShakeNDry_1920x1080_120fps_420_8bit_YUV_av1.mkv": {
        "psnr": 38.942033333333335,
        "ssim": 0.9374733333333334,
        "vmaf": 77.62258884666667,
        "fvd": 87.37591760098621,
        "tssim": 0.9100174384205365,
        "tpsnr": 35.701763076527065,
        "movie_index": 0.8418454941748377,
        "st_rred": 4.902695465810246
    },
    "YachtRide_1920x1080_120fps_420_8bit_YUV_av1.mkv": {
        "psnr": 34.57736666666666,
        "ssim": 0.9082516666666667,
        "vmaf": 60.45050465833334,
        "fvd": 234.5133197433347,
        "tssim": 0.8711567669675918,
        "tpsnr": 31.782097343610403,
        "movie_index": 1.3191538617288527,
        "st_rred": 5.119893941492316
    }
}