{
    "BallUnderWater_1920x1080_60fps_vp9.webm": {
        "psnr": 42.62536666666667,
        "ssim": 0.97593,
        "vmaf": 78.65228164,
        "fvd": 22.51794662259323
    },
    "Bookcase_1920x1080_60fps_vp9.webm": {
        "psnr": 40.8365,
        "ssim": 0.9715933333333333,
        "vmaf": 99.78886503666668,
        "fvd": 2.322602864152259
    },
    "Boxing_1920x1080_30fps_vp9.webm": {
        "psnr": 39.55846666666667,
        "ssim": 0.95762,
        "vmaf": 90.54500968,
        "fvd": 21.607459957080437
    },
    "BricksLeaves_1920x1080_60fps_vp9.webm": {
        "psnr": 30.969833333333337,
        "ssim": 0.89539,
        "vmaf": 73.99580615,
        "fvd": 25.732057845519932
    },
    "BridgeRiver_1920x1080_30fps_vp9.webm": {
        "psnr": 29.587466666666668,
        "ssim": 0.8877466666666667,
        "vmaf": 59.74890791333334,
        "fvd": 270.463223230691
    },
    "BubblesPitcher_1920x1080_60fps_vp9.webm": {
        "psnr": 40.30883333333333,
        "ssim": 0.9517766666666667,
        "vmaf": 60.629932679999996,
        "fvd": 98.74423916667229
    },
    "CalmingWater_1920x1080_60fps_vp9.webm": {
        "psnr": 29.2255,
        "ssim": 0.73583,
        "vmaf": 35.52032623666667,
        "fvd": 53.13160511588842
    },
    "CarpetCircleFast_1920x1080_60fps_vp9.webm": {
        "psnr": 42.8852,
        "ssim": 0.96122,
        "vmaf": 77.56073556666666,
        "fvd": 2.5877194295400727
    },
    "CloudsZoom_1920x1080_60fps_vp9.webm": {
        "psnr": 55.40313333333333,
        "ssim": 0.9974900000000001,
        "vmaf": 91.80937761666667,
        "fvd": 0.2405265165012409
    },
    "DiverFishAndRock_1920x1080_30fps_vp9.webm": {
        "psnr": 39.569,
        "ssim": 0.9635133333333332,
        "vmaf": 85.90213956,
        "fvd": 33.476892701128236
    },
    "Diver_1920x1080_30fps_vp9.webm": {
        "psnr": 45.230999999999995,
        "ssim": 0.9797333333333333,
        "vmaf": 91.76390252666667,
        "fvd": 22.799915310214146
    },
    "FishAndRock_1920x1080_30fps_vp9.webm": {
        "psnr": 39.293866666666666,
        "ssim": 0.9554933333333332,
        "vmaf": 85.06691790666666,
        "fvd": 47.32438401761374
    },
    "Fountain_1920x1080_50fps_vp9.webm": {
        "psnr": 32.91516,
        "ssim": 0.79676,
        "vmaf": 52.265961176,
        "fvd": 267.5077506183311
    },
    "Grass_1920x1080_60fps_vp9.webm": {
        "psnr": 30.8891,
        "ssim": 0.8645800000000001,
        "vmaf": 65.12860259666667,
        "fvd": 13.283894327330668
    },
    "Hamster_1920x1080_60fps_vp9.webm": {
        "psnr": 40.2079,
        "ssim": 0.9701133333333333,
        "vmaf": 87.75640929666666,
        "fvd": 14.981039360680484
    },
    "KineticFastPainting_1920x1080_60fps_vp9.webm": {
        "psnr": 32.03573333333333,
        "ssim": 0.8474833333333334,
        "vmaf": 58.64009735,
        "fvd": 35.39715783210602
    },
    "Lightreef_1920x1080_30fps_vp9.webm": {
        "psnr": 30.6744,
        "ssim": 0.8504,
        "vmaf": 69.72935744,
        "fvd": 82.01160947106735
    },
    "MartialArts_1920x1080_60fps_vp9.webm": {
        "psnr": 46.53096666666667,
        "ssim": 0.9875966666666667,
        "vmaf": 92.23703455,
        "fvd": 10.925088291805537
    },
    "Music_1920x1080_30fps_vp9.webm": {
        "psnr": 41.19846666666667,
        "ssim": 0.9617399999999999,
        "vmaf": 87.57031748666667,
        "fvd": 38.584217548829656
    },
    "PaintingTilting_1920x1080_60fps_vp9.webm": {
        "psnr": 36.0377,
        "ssim": 0.9605066666666666,
        "vmaf": 99.95725559333333,
        "fvd": 4.556268670008933
    },
    "ParkPlay_1920x1080_50fps_vp9.webm": {
        "psnr": 30.31132,
        "ssim": 0.781064,
        "vmaf": 56.021956960000004,
        "fvd": 88.92173193569192
    },
    "PlasmaAveragePan_1920x1080_60fps_vp9.webm": {
        "psnr": 43.2786,
        "ssim": 0.9858566666666667,
        "vmaf": 75.32336782,
        "fvd": 17.983509437955306
    },
    "PlasmaSlowRandom_1920x1080_60fps_vp9.webm": {
        "psnr": 52.685266666666664,
        "ssim": 0.9979300000000001,
        "vmaf": 88.46362357000001,
        "fvd": 2.4128672979323653
    },
    "RockWater_1920x1080_30fps_vp9.webm": {
        "psnr": 33.239066666666666,
        "ssim": 0.9321066666666666,
        "vmaf": 72.65336216,
        "fvd": 83.67794670412309
    },
    "RockWave_1920x1080_30fps_vp9.webm": {
        "psnr": 26.4772,
        "ssim": 0.8226133333333333,
        "vmaf": 41.51916594,
        "fvd": 176.77957034702115
    },
    "Rowing_1920x1080_30fps_vp9.webm": {
        "psnr": 29.741466666666668,
        "ssim": 0.8325333333333333,
        "vmaf": 34.88170462,
        "fvd": 255.91061978842345
    },
    "SmokeGuns_1920x1080_60fps_vp9.webm": {
        "psnr": 39.9597,
        "ssim": 0.953,
        "vmaf": 76.64518179666666,
        "fvd": 32.822460164909444
    },
    "Surfers_1920x1080_30fps_vp9.webm": {
        "psnr": 35.94113333333333,
        "ssim": 0.9339266666666667,
        "vmaf": 70.79533937333333,
        "fvd": 84.46429397819873
    },
    "Toys_1920x1080_30fps_vp9.webm": {
        "psnr": 35.38073333333333,
        "ssim": 0.9343266666666666,
        "vmaf": 85.55059988,
        "fvd": 38.33237653338938
    },
    "TreeGrassFamily_1920x1080_30fps_vp9.webm": {
        "psnr": 29.956733333333336,
        "ssim": 0.8490933333333334,
        "vmaf": 49.2414283,
        "fvd": 145.67737168501537
    },
    "TreeTrunk_1920x1080_50fps_vp9.webm": {
        "psnr": 34.84004,
        "ssim": 0.928892,
        "vmaf": 99.183736728,
        "fvd": 6.808990283048047
    },
    "Typing_1920x1080_60fps_vp9.webm": {
        "psnr": 44.2503,
        "ssim": 0.9802266666666666,
        "vmaf": 90.35712015666667,
        "fvd": 16.461485914027293
    }
}