{
    "BasketballDrive_1920x1080_50_h264.mp4": {
        "psnr": 38.27646,
        "ssim": 0.9301940000000001,
        "vmaf": 98.092000206,
        "fvd": 10.690599685673988,
        "tssim": 0.9205813398411684,
        "tpsnr": 36.16998856722233,
        "movie_index": 8.445131262491843,
        "st_rred": 4.753220412422063
    },
    "BQTerrace_1920x1080_60_h264.mp4": {
        "psnr": 35.6674,
        "ssim": 0.9092883333333333,
        "vmaf": 95.33311120666667,
        "fvd": 26.747364105285214,
        "tssim": 0.9050657078455492,
        "tpsnr": 34.49500935702571,
        "movie_index": 107.01371715528788,
        "st_rred": 6.055909890954446
    },
    "Cactus_1920x1080_50_h264.mp4": {
        "psnr": 37.77934,
        "ssim": 0.925332,
        "vmaf": 95.043809652,
        "fvd": 15.20820564366366,
        "tssim": 0.9226564224577609,
        "tpsnr": 36.35022649210775,
        "movie_index": 40.81485438552911,
        "st_rred": 5.332039904573804
    },
    "Kimono_1920x1080_24_h264.mp4": {
        "psnr": 42.165375000000004,
        "ssim": 0.9616374999999999,
        "vmaf": 97.744111725,
        "fvd": 5.4042831736860535,
        "tssim": 0.959152853939027,
        "tpsnr": 40.91502271835774,
        "movie_index": 14.100947164092602,
        "st_rred": 2.1739538616802605
    },
    "ParkScene_1920x1080_24_h264.mp4": {
        "psnr": 40.112375,
        "ssim": 0.956325,
        "vmaf": 95.76444795416666,
        "fvd": 7.162028483168797,
        "tssim": 0.957647914542763,
        "tpsnr": 39.00996529806608,
        "movie_index": 8.900566904365268,
        "st_rred": 2.2958976834330613
    }
}