{
    "BasketballDrive_1920x1080_50_hevc.mp4": {
        "psnr": 33.8031,
        "ssim": 0.869618,
        "vmaf": 71.897436948,
        "tssim": 0.841111887462804,
        "tpsnr": 30.734032525806008,
        "fvd": 47.986285847931185,
        "movie_index": 6.131140323165424,
        "st_rred": 6.695670963485615
    },
    "BQTerrace_1920x1080_60_hevc.mp4": {
        "psnr": 33.557516666666665,
        "ssim": 0.8783766666666666,
        "vmaf": 86.72790968,
        "tssim": 0.8703061724625513,
        "tpsnr": 32.17771912257938,
        "fvd": 115.66255685245278,
        "movie_index": 122.11339437491408,
        "st_rred": 9.479384958668469
    },
    "Cactus_1920x1080_50_hevc.mp4": {
        "psnr": 33.27176,
        "ssim": 0.856242,
        "vmaf": 72.026167378,
        "tssim": 0.8388250489019173,
        "tpsnr": 31.232235589342746,
        "fvd": 67.96775816161681,
        "movie_index": 43.703636959135416,
        "st_rred": 8.038881776774998
    },
    "Kimono_1920x1080_24_hevc.mp4": {
        "psnr": 38.46483333333333,
        "ssim": 0.9285125000000001,
        "vmaf": 83.34620433333333,
        "tssim": 0.9176928296733741,
        "tpsnr": 36.09881013207855,
        "fvd": 29.751950827297833,
        "movie_index": 14.059003780202387,
        "st_rred": 3.5792886378549724
    },
    "ParkScene_1920x1080_24_hevc.mp4": {
        "psnr": 35.44479166666667,
        "ssim": 0.8994291666666666,
        "vmaf": 82.15810429166666,
        "tssim": 0.8993370215899628,
        "tpsnr": 33.87008277541923,
        "fvd": 35.880813148258994,
        "movie_index": 9.489534494891824,
        "st_rred": 5.2400882121270556
    }
}