{
    "Beauty_1920x1080_120fps_420_8bit_YUV_h264.mp4": {
        "psnr": 37.03791666666667,
        "ssim": 0.8844833333333334,
        "vmaf": 55.729423286666666,
        "tssim": 0.8689774758837338,
        "tpsnr": 34.6865962956704,
        "fvd": 104.63296071279001
    },
    "Bosphorus_1920x1080_120fps_420_8bit_YUV_h264.mp4": {
        "psnr": 37.370983333333335,
        "ssim": 0.9265533333333333,
        "vmaf": 64.852487125,
        "tssim": 0.894945310645568,
        "tpsnr": 34.70257114607822,
        "fvd": 82.00703703928139
    },
    "HoneyBee_1920x1080_120fps_420_8bit_YUV_h264.mp4": {
        "psnr": 39.50535,
        "ssim": 0.9448799999999999,
        "vmaf": 78.93077345833333,
        "tssim": 0.9319876531859937,
        "tpsnr": 37.783753925253436,
        "fvd": 22.292024390481004
    },
    "Jockey_1920x1080_120fps_420_8bit_YUV_h264.mp4": {
        "psnr": 35.44121666666667,
        "ssim": 0.9142983333333334,
        "vmaf": 53.55306950166667,
        "tssim": 0.8645911745995893,
        "tpsnr": 29.35435656514112,
        "fvd": 186.03961074031827
    },
    "ReadySteadyGo_1920x1080_120fps_420_8bit_YUV_h264.mp4": {
        "psnr": 30.90675,
        "ssim": 0.8636883333333333,
        "vmaf": 54.810462408333336,
        "tssim": 0.7986800381403502,
        "tpsnr": 26.57179850290136,
        "fvd": 104.68081887387234
    },
    "ShakeNDry_1920x1080_120fps_420_8bit_YUV_h264.mp4": {
        "psnr": 34.89856666666667,
        "ssim": 0.87641,
        "vmaf": 54.877088199999996,
        "tssim": 0.8339784700226288,
        "tpsnr": 32.067502790470186,
        "fvd": 139.68007646758542
    },
    "YachtRide_1920x1080_120fps_420_8bit_YUV_h264.mp4": {
        "psnr": 31.077416666666668,
        "ssim": 0.84442,
        "vmaf": 37.24568196,
        "tssim": 0.7773964925493118,
        "tpsnr": 28.049883579769993,
        "fvd": 303.07364173966766
    }
}