{
    "BallUnderWater_1920x1080_60fps_h264.mp4": {
        "psnr": 40.2303,
        "ssim": 0.9685533333333333,
        "vmaf": 62.85848987,
        "fvd": 52.466663608840406,
        "st_rred": 1.5008451411469306,
        "movie_index": 1.125350948261178,
        "tssim": 0.944095083654163,
        "tpsnr": 34.4539212765901
    },
    "Bookcase_1920x1080_60fps_h264.mp4": {
        "psnr": 36.52863333333333,
        "ssim": 0.9472433333333333,
        "vmaf": 92.93577769333334,
        "fvd": 5.845526164423745,
        "st_rred": 1.2114406410428487,
        "movie_index": 2.5282859390096917,
        "tssim": 0.8628849618581274,
        "tpsnr": 27.09915763957046
    },
    "Boxing_1920x1080_30fps_h264.mp4": {
        "psnr": 38.46,
        "ssim": 0.9514799999999999,
        "vmaf": 86.26930230666666,
        "fvd": 28.533307630108084,
        "st_rred": 3.1011983328500037,
        "movie_index": 2.273738486854822,
        "tssim": 0.9167521992171005,
        "tpsnr": 30.82155683376645
    },
    "BricksLeaves_1920x1080_60fps_h264.mp4": {
        "psnr": 28.80633333333333,
        "ssim": 0.8620266666666667,
        "vmaf": 65.35194779,
        "fvd": 38.80202908274873,
        "st_rred": 6.785311222335775,
        "movie_index": 3.3550693204121846,
        "tssim": 0.8163261959847256,
        "tpsnr": 25.42807866099686
    },
    "BridgeRiver_1920x1080_30fps_h264.mp4": {
        "psnr": 28.993533333333332,
        "ssim": 0.8737,
        "vmaf": 58.14624026666667,
        "fvd": 363.71408270165495,
        "st_rred": 6.519680747291616,
        "movie_index": 1.8896348580418016,
        "tssim": 0.8018666003790309,
        "tpsnr": 25.763992296769317
    },
    "BubblesPitcher_1920x1080_60fps_h264.mp4": {
        "psnr": 38.80276666666666,
        "ssim": 0.9435966666666666,
        "vmaf": 49.22607124666666,
        "fvd": 114.72613659300032,
        "st_rred": 2.4611072956666256,
        "movie_index": 0.9789465525838543,
        "tssim": 0.9126141219515486,
        "tpsnr": 34.25387009968327
    },
    "CalmingWater_1920x1080_60fps_h264.mp4": {
        "psnr": 26.270799999999998,
        "ssim": 0.66083,
        "vmaf": 17.42066671,
        "fvd": 317.4045405272659,
        "st_rred": 12.462546275887902,
        "movie_index": 5.936583783714269,
        "tssim": 0.5170949013223451,
        "tpsnr": 22.269789265151008
    },
    "CarpetCircleFast_1920x1080_60fps_h264.mp4": {
        "psnr": 39.180166666666665,
        "ssim": 0.9258533333333334,
        "vmaf": 49.50009715,
        "fvd": 13.94333068309436,
        "st_rred": 2.2494943540475294,
        "movie_index": 4.23106380110999,
        "tssim": 0.8616394171289647,
        "tpsnr": 31.758422972765256
    },
    "CloudsZoom_1920x1080_60fps_h264.mp4": {
        "psnr": 54.930566666666664,
        "ssim": 0.9975499999999999,
        "vmaf": 89.33166917333334,
        "fvd": 1.7160129715680625,
        "st_rred": 0.17481281545910926,
        "movie_index": 0.14130660005063317,
        "tssim": 0.9960404493993472,
        "tpsnr": 52.757537994895095
    },
    "DiverFishAndRock_1920x1080_30fps_h264.mp4": {
        "psnr": 38.07273333333333,
        "ssim": 0.9559399999999999,
        "vmaf": 80.74412806666668,
        "fvd": 42.57100608509268,
        "st_rred": 2.2455408616168846,
        "movie_index": 3.185786997311867,
        "tssim": 0.9305413904538793,
        "tpsnr": 33.56346829305559
    },
    "Diver_1920x1080_30fps_h264.mp4": {
        "psnr": 44.129266666666666,
        "ssim": 0.97678,
        "vmaf": 87.9077187,
        "fvd": 33.429582245784786,
        "st_rred": 1.753140424201466,
        "movie_index": 3.011474165690425,
        "tssim": 0.9610880097910195,
        "tpsnr": 40.11407222363773
    },
    "FishAndRock_1920x1080_30fps_h264.mp4": {
        "psnr": 37.602133333333335,
        "ssim": 0.9414866666666666,
        "vmaf": 78.50531204,
        "fvd": 57.85988624970855,
        "st_rred": 2.657837151137901,
        "movie_index": 1.4349742014736138,
        "tssim": 0.9155739262716315,
        "tpsnr": 34.83672176591502
    },
    "Fountain_1920x1080_50fps_h264.mp4": {
        "psnr": 31.66588,
        "ssim": 0.769024,
        "vmaf": 41.20130046,
        "fvd": 303.6896974167687,
        "st_rred": 12.85804884042342,
        "movie_index": 2.8100759240996886,
        "tssim": 0.6861246675592964,
        "tpsnr": 28.94405615473368
    },
    "Grass_1920x1080_60fps_h264.mp4": {
        "psnr": 28.700366666666667,
        "ssim": 0.8022,
        "vmaf": 54.54510587,
        "fvd": 27.781365002927046,
        "st_rred": 7.161057007723361,
        "movie_index": 1.9705100712992476,
        "tssim": 0.7880213300019184,
        "tpsnr": 26.391706300818402
    },
    "Hamster_1920x1080_60fps_h264.mp4": {
        "psnr": 38.77016666666666,
        "ssim": 0.9672133333333333,
        "vmaf": 79.95279609666667,
        "fvd": 20.684163464480775,
        "st_rred": 1.0999060609911986,
        "movie_index": 1.8220556454116286,
        "tssim": 0.9441891681679573,
        "tpsnr": 33.283932453015176
    },
    "KineticFastPainting_1920x1080_60fps_h264.mp4": {
        "psnr": 27.7105,
        "ssim": 0.7551266666666667,
        "vmaf": 31.72407870333333,
        "fvd": 144.9298412397112,
        "st_rred": 9.054395332714847,
        "movie_index": 8.877852378481606,
        "tssim": 0.6080404649162667,
        "tpsnr": 22.992814520130988
    },
    "Lightreef_1920x1080_30fps_h264.mp4": {
        "psnr": 28.990266666666667,
        "ssim": 0.8187466666666666,
        "vmaf": 60.44494308,
        "fvd": 166.79867694236975,
        "st_rred": 8.03070183761082,
        "movie_index": 11.169122878337067,
        "tssim": 0.7826496127677174,
        "tpsnr": 26.845886153662764
    },
    "MartialArts_1920x1080_60fps_h264.mp4": {
        "psnr": 44.795033333333336,
        "ssim": 0.98469,
        "vmaf": 86.68423051,
        "fvd": 16.354046922325324,
        "st_rred": 0.8394671400811342,
        "movie_index": 0.8516985383071628,
        "tssim": 0.97362577001624,
        "tpsnr": 40.30759491170928
    },
    "Music_1920x1080_30fps_h264.mp4": {
        "psnr": 40.4514,
        "ssim": 0.9588466666666666,
        "vmaf": 84.24730968,
        "fvd": 30.13596430859434,
        "st_rred": 2.246980821776523,
        "movie_index": 8.156510412943042,
        "tssim": 0.9233813880567823,
        "tpsnr": 34.84361638318772
    },
    "PaintingTilting_1920x1080_60fps_h264.mp4": {
        "psnr": 31.172466666666665,
        "ssim": 0.9253533333333334,
        "vmaf": 93.77865842333334,
        "fvd": 16.59270175770996,
        "st_rred": 2.8082965885621007,
        "movie_index": 3.18813811069398,
        "tssim": 0.9411668824555344,
        "tpsnr": 28.66042923050182
    },
    "ParkPlay_1920x1080_50fps_h264.mp4": {
        "psnr": 28.730520000000002,
        "ssim": 0.744572,
        "vmaf": 39.895583172,
        "fvd": 132.73893707760635,
        "st_rred": 13.1005041953307,
        "movie_index": 2.354561362400591,
        "tssim": 0.657977477381278,
        "tpsnr": 25.554918365784918
    },
    "PlasmaAveragePan_1920x1080_60fps_h264.mp4": {
        "psnr": 44.08553333333333,
        "ssim": 0.9889466666666665,
        "vmaf": 77.0116726,
        "fvd": 5.812688812910594,
        "st_rred": 0.1981200259438176,
        "movie_index": 0.22100885945020313,
        "tssim": 0.9775253956305158,
        "tpsnr": 39.88434256359088
    },
    "PlasmaSlowRandom_1920x1080_60fps_h264.mp4": {
        "psnr": 54.241299999999995,
        "ssim": 0.9985966666666667,
        "vmaf": 91.06430582333333,
        "fvd": 1.0172490385939454,
        "st_rred": 0.022923788012510937,
        "movie_index": 0.038492099550182006,
        "tssim": 0.9971742893319036,
        "tpsnr": 51.04476193839491
    },
    "RockWater_1920x1080_30fps_h264.mp4": {
        "psnr": 31.36273333333333,
        "ssim": 0.9150933333333334,
        "vmaf": 64.53207594,
        "fvd": 113.95357554646898,