{
    "Beauty_1920x1080_120fps_420_8bit_YUV_h264.mp4": {
        "psnr": 12.978733333333333,
        "ssim": 0.6658833333333333,
        "vmaf": 4.402888241666667
    },
    "Bosphorus_1920x1080_120fps_420_8bit_YUV_h264.mp4": {
        "psnr": 12.4684,
        "ssim": 0.6521983333333333,
        "vmaf": 8.123206913333334
    },
    "HoneyBee_1920x1080_120fps_420_8bit_YUV_h264.mp4": {
        "psnr": 15.4018,
        "ssim": 0.615585,
        "vmaf": 6.313878306666666
    },
    "Jockey_1920x1080_120fps_420_8bit_YUV_h264.mp4": {
        "psnr": 35.44121666666667,
        "ssim": 0.9142983333333334,
        "vmaf": 53.55306950166667
    },
    "ReadySteadyGo_1920x1080_120fps_420_8bit_YUV_h264.mp4": {
        "psnr": 12.692066666666665,
        "ssim": 0.58869,
        "vmaf": 16.712875238333332
    },
    "ShakeNDry_1920x1080_120fps_420_8bit_YUV_h264.mp4": {
        "psnr": 14.874533333333332,
        "ssim": 0.577,
        "vmaf": 7.450729131666667
    },
    "YachtRide_1920x1080_120fps_420_8bit_YUV_h264.mp4": {
        "psnr": 11.31995,
        "ssim": 0.6323333333333333,
        "vmaf": 8.838584691666666
    },
    "Beauty_1920x1080_120fps_420_8bit_YUV_hevc.mp4": {
        "psnr": 12.962166666666667,
        "ssim": 0.6619966666666667,
        "vmaf": 4.487537746666667
    },
    "Bosphorus_1920x1080_120fps_420_8bit_YUV_hevc.mp4": {
        "psnr": 12.4968,
        "ssim": 0.6423300000000001,
        "vmaf": 8.443479479999999
    },
    "HoneyBee_1920x1080_120fps_420_8bit_YUV_hevc.mp4": {
        "psnr": 15.381633333333333,
        "ssim": 0.6112266666666667,
        "vmaf": 6.321181013333333
    },
    "Jockey_1920x1080_120fps_420_8bit_YUV_hevc.mp4": {
        "psnr": 38.2128,
        "ssim": 0.93059,
        "vmaf": 75.14457963833333
    },
    "ReadySteadyGo_1920x1080_120fps_420_8bit_YUV_hevc.mp4": {
        "psnr": 12.683066666666667,
        "ssim": 0.5750083333333333,
        "vmaf": 17.46971527166667
    },
    "ShakeNDry_1920x1080_120fps_420_8bit_YUV_hevc.mp4": {
        "psnr": 14.85585,
        "ssim": 0.568375,
        "vmaf": 7.621864753333333
    },
    "YachtRide_1920x1080_120fps_420_8bit_YUV_hevc.mp4": {
        "psnr": 11.3173,
        "ssim": 0.6175766666666667,
        "vmaf": 9.42108058
    }
}