{
    "Beauty_1920x1080_120fps_420_8bit_YUV_av1.mkv": {
        "psnr": 39.30138333333333,
        "ssim": 0.9058366666666667,
        "vmaf": 79.43622625833333,
        "fvd": 71.31144172256205,
        "tssim": 0.9004475254468849,
        "tpsnr": 36.68514024992419,
        "movie_index": 2.157177421405837,
        "st_rred": 10.5705237099106
    },
    "Bosphorus_1920x1080_120fps_420_8bit_YUV_av1.mkv": {
        "psnr": 38.92575,
        "ssim": 0.9445316666666665,
        "vmaf": 72.42589605833334,
        "fvd": 150.84648581894805,
        "tssim": 0.9225624383491933,
        "tpsnr": 36.60390590865146,
        "movie_index": 0.5164254803042578,
        "st_rred": 13.753844776547618
    },
    "HoneyBee_1920x1080_120fps_420_8bit_YUV_av1.mkv": {
        "psnr": 41.77693333333333,
        "ssim": 0.9620633333333333,
        "vmaf": 89.13242016333334,
        "fvd": 17.964884804689234,
        "tssim": 0.9556013545579531,
        "tpsnr": 40.37431523318283,
        "movie_index": 0.35784742947611864,
        "st_rred": 30.463644653272517
    },
    "Jockey_1920x1080_120fps_420_8bit_YUV_av1.mkv": {
        "psnr": 37.24543333333333,
        "ssim": 0.9343383333333335,
        "vmaf": 60.83647527833333,
        "fvd": 71.64680931378439,
        "tssim": 0.8919575950901215,
        "tpsnr": 30.183736310777363,
        "movie_index": 1.847333261485092,
        "st_rred": 23.45998954376483
    },
    "ReadySteadyGo_1920x1080_120fps_420_8bit_YUV_av1.mkv": {
        "psnr": 32.28123333333333,
        "ssim": 0.8912833333333333,
        "vmaf": 65.35562449666666,
        "fvd": 147.42565134918664,
        "tssim": 0.8437959642312527,
        "tpsnr": 27.459529765261234,
        "movie_index": 1.737282338917554,
        "st_rred": 26.27202363879907
    },
    "ShakeNDry_1920x1080_120fps_420_8bit_YUV_av1.mkv": {
        "psnr": 36.76433333333333,
        "ssim": 0.9116233333333335,
        "vmaf": 66.62216606999999,
        "fvd": 197.48659781921992,
        "tssim": 0.8828417216200083,
        "tpsnr": 33.731786625839796,
        "movie_index": 0.940889863241277,
        "st_rred": 20.517130602987862
    },
    "YachtRide_1920x1080_120fps_420_8bit_YUV_av1.mkv": {
        "psnr": 31.66308333333333,
        "ssim": 0.8587883333333334,
        "vmaf": 39.772600985000004,
        "fvd": 493.84936851084603,
        "tssim": 0.8065616940157441,
        "tpsnr": 28.95735910380623,
        "movie_index": 1.6715286269112302,
        "st_rred": 13.808533071807648
    }
}