{
    "BallUnderWater_1920x1080_60fps_h264.mp4": {
        "psnr": 45.292566666666666,
        "ssim": 0.9824833333333334,
        "vmaf": 91.22521183333333,
        "fvd": 6.330746381490542,
        "st_rred": 0.8992256197677939,
        "movie_index": 1.288065174152221,
        "tssim": 0.9655564506880592,
        "tpsnr": 38.760103984820006
    },
    "Bookcase_1920x1080_60fps_h264.mp4": {
        "psnr": 42.13223333333333,
        "ssim": 0.9789533333333332,
        "vmaf": 99.97107837,
        "fvd": 1.8567162579297474,
        "st_rred": 0.28230580411212713,
        "movie_index": 1.779671409307515,
        "tssim": 0.9354990924685931,
        "tpsnr": 31.05538809658293
    },
    "Boxing_1920x1080_30fps_h264.mp4": {
        "psnr": 42.46366666666667,
        "ssim": 0.9709466666666666,
        "vmaf": 99.83272636000001,
        "fvd": 5.766571146061096,
        "st_rred": 2.2266923377212997,
        "movie_index": 2.2114354132005833,
        "tssim": 0.9518415999120026,
        "tpsnr": 35.17365752610584
    },
    "BricksLeaves_1920x1080_60fps_h264.mp4": {
        "psnr": 35.16683333333333,
        "ssim": 0.94898,
        "vmaf": 91.53136995,
        "fvd": 8.649998628994126,
        "st_rred": 2.946239667956114,
        "movie_index": 2.6012474307572364,
        "tssim": 0.9424500992538547,
        "tpsnr": 31.92071583597955
    },
    "BridgeRiver_1920x1080_30fps_h264.mp4": {
        "psnr": 34.10893333333333,
        "ssim": 0.9424666666666667,
        "vmaf": 85.70464528000001,
        "fvd": 108.69949686628914,
        "st_rred": 3.6143869751964424,
        "movie_index": 1.258784242424389,
        "tssim": 0.9131986111593,
        "tpsnr": 31.169234192611388
    },
    "BubblesPitcher_1920x1080_60fps_h264.mp4": {
        "psnr": 42.98583333333333,
        "ssim": 0.9702133333333334,
        "vmaf": 78.56590044333333,
        "fvd": 32.98877686603919,
        "st_rred": 1.1233145684195094,
        "movie_index": 0.6879573839040704,
        "tssim": 0.9482096223286036,
        "tpsnr": 38.01251425471992
    },
    "CalmingWater_1920x1080_60fps_h264.mp4": {
        "psnr": 30.052633333333336,
        "ssim": 0.76836,
        "vmaf": 38.173006396666665,
        "fvd": 30.638350229032028,
        "st_rred": 6.316001851464755,
        "movie_index": 4.194945575800229,
        "tssim": 0.6217597331515894,
        "tpsnr": 25.08931733453553
    },
    "CarpetCircleFast_1920x1080_60fps_h264.mp4": {
        "psnr": 43.30693333333333,
        "ssim": 0.9648,
        "vmaf": 80.78129467666668,
        "fvd": 1.9853498355172974,
        "st_rred": 0.8010695597120723,
        "movie_index": 2.784021896263429,
        "tssim": 0.9230609693192938,
        "tpsnr": 35.972623378536774
    },
    "CloudsZoom_1920x1080_60fps_h264.mp4": {
        "psnr": 59.1618,
        "ssim": 0.9989733333333334,
        "vmaf": 93.60400607,
        "fvd": 0.08426505502494308,
        "st_rred": 0.01953001196976889,
        "movie_index": 0.05844252014433012,
        "tssim": 0.9982852827485251,
        "tpsnr": 57.132718842165126
    },
    "DiverFishAndRock_1920x1080_30fps_h264.mp4": {
        "psnr": 42.89706666666667,
        "ssim": 0.9788733333333333,
        "vmaf": 97.57961722,
        "fvd": 8.084770805636026,
        "st_rred": 1.2338729218883788,
        "movie_index": 3.027398063082423,
        "tssim": 0.9699596459194061,
        "tpsnr": 39.17751604118603
    },
    "Diver_1920x1080_30fps_h264.mp4": {
        "psnr": 46.370066666666666,
        "ssim": 0.9816533333333333,
        "vmaf": 96.0500306,
        "fvd": 10.628251934760101,
        "st_rred": 1.0267155454660006,
        "movie_index": 3.0742522271837562,
        "tssim": 0.9710290667161623,
        "tpsnr": 43.13320976615752
    },
    "FishAndRock_1920x1080_30fps_h264.mp4": {
        "psnr": 41.57653333333333,
        "ssim": 0.9717266666666666,
        "vmaf": 95.48004162666666,
        "fvd": 16.610042793447406,
        "st_rred": 1.1843369596607722,
        "movie_index": 1.3204500815212326,
        "tssim": 0.9670234734435011,
        "tpsnr": 39.861127174940684
    },
    "Fountain_1920x1080_50fps_h264.mp4": {
        "psnr": 34.26484,
        "ssim": 0.834872,
        "vmaf": 66.956504812,
        "fvd": 92.7592504161289,
        "st_rred": 8.457434658913433,
        "movie_index": 2.371417601424527,
        "tssim": 0.7636301373949105,
        "tpsnr": 31.3605139322549
    },
    "Grass_1920x1080_60fps_h264.mp4": {
        "psnr": 33.440266666666666,
        "ssim": 0.9193166666666667,
        "vmaf": 80.48471485666666,
        "fvd": 10.209107825225338,
        "st_rred": 3.6954014337593897,
        "movie_index": 1.6410513094884895,
        "tssim": 0.933212081865466,
        "tpsnr": 31.62719058671524
    },
    "Hamster_1920x1080_60fps_h264.mp4": {
        "psnr": 44.1786,
        "ssim": 0.9857133333333333,
        "vmaf": 97.52483190999999,
        "fvd": 3.064890869310716,
        "st_rred": 0.42976690094381986,
        "movie_index": 1.6073137422568822,
        "tssim": 0.9768886903536006,
        "tpsnr": 38.430235674548705
    },
    "KineticFastPainting_1920x1080_60fps_h264.mp4": {
        "psnr": 35.753566666666664,
        "ssim": 0.9229366666666667,
        "vmaf": 79.17428774333334,
        "fvd": 7.790553775146236,
        "st_rred": 1.3678354565479758,
        "movie_index": 3.7226902591344904,
        "tssim": 0.8246448224940561,
        "tpsnr": 28.787691314084874
    },
    "Lightreef_1920x1080_30fps_h264.mp4": {
        "psnr": 32.95853333333333,
        "ssim": 0.90278,
        "vmaf": 86.50497055333334,
        "fvd": 49.389142933623475,
        "st_rred": 3.6133267120739845,
        "movie_index": 10.826226243036706,
        "tssim": 0.8968638048505243,
        "tpsnr": 31.432382929245097
    },
    "MartialArts_1920x1080_60fps_h264.mp4": {
        "psnr": 48.7881,
        "ssim": 0.9923333333333333,
        "vmaf": 94.87752467,
        "fvd": 3.745273491207513,
        "st_rred": 0.36125105758048104,
        "movie_index": 0.9486246348847713,
        "tssim": 0.9868525888076196,
        "tpsnr": 44.67380849015354
    },
    "Music_1920x1080_30fps_h264.mp4": {
        "psnr": 43.746066666666664,
        "ssim": 0.9739000000000001,
        "vmaf": 96.73686702,
        "fvd": 10.022304484020879,
        "st_rred": 1.4441689253804544,
        "movie_index": 8.062218849565959,
        "tssim": 0.9557996698794522,
        "tpsnr": 38.60144935198278
    },
    "PaintingTilting_1920x1080_60fps_h264.mp4": {
        "psnr": 36.326033333333335,
        "ssim": 0.9667466666666666,
        "vmaf": 99.97188428333334,
        "fvd": 5.633193568951356,
        "st_rred": 1.1171878524694705,
        "movie_index": 2.8769484155976452,
        "tssim": 0.9825486702809308,
        "tpsnr": 34.35443487135463
    },
    "ParkPlay_1920x1080_50fps_h264.mp4": {
        "psnr": 33.27332,
        "ssim": 0.866028,
        "vmaf": 81.971394316,
        "fvd": 27.32519102492938,
        "st_rred": 6.596440161014428,
        "movie_index": 1.6132914167211716,
        "tssim": 0.8413493728675701,
        "tpsnr": 30.462899173598693
    },
    "PlasmaAveragePan_1920x1080_60fps_h264.mp4": {
        "psnr": 50.1162,
        "ssim": 0.9963233333333333,
        "vmaf": 94.59547434,
        "fvd": 0.6578103580784216,
        "st_rred": 0.046912216304002996,
        "movie_index": 0.11988098759914322,
        "tssim": 0.9926737285802876,
        "tpsnr": 46.125393615518526
    },
    "PlasmaSlowRandom_1920x1080_60fps_h264.mp4": {
        "psnr": 62.598933333333335,
        "ssim": 0.9999466666666667,
        "vmaf": 97.06308853,
        "fvd": 0.05532534631470298,
        "st_rred": 0.0016724191556733992,
        "movie_index": 0.014647808355780749,
        "tssim": 0.9996016286958725,
        "tpsnr": 61.139193786825224
    },
    "RockWater_1920x1080_30fps_h264.mp4": {
        "psnr": 37.12433333333333,
        "ssim": 0.9667333333333332,
        "vmaf": 95.8341538,