{
    "Beauty_1920x1080_120fps_420_8bit_YUV_h264.mp4": {
        "psnr": 37.732416666666666,
        "ssim": 0.8901083333333334,
        "vmaf": 63.861644121666664,
        "tssim": 0.8787931076307405,
        "tpsnr": 35.665433027111426,
        "fvd": 84.59305591642158
    },
    "Bosphorus_1920x1080_120fps_420_8bit_YUV_h264.mp4": {
        "psnr": 38.61711666666667,
        "ssim": 0.9399033333333333,
        "vmaf": 73.16131409333333,
        "tssim": 0.9156899090547331,
        "tpsnr": 36.05994956600845,
        "fvd": 45.130316031973166
    },
    "HoneyBee_1920x1080_120fps_420_8bit_YUV_h264.mp4": {
        "psnr": 40.51005,
        "ssim": 0.9526183333333333,
        "vmaf": 84.295662535,
        "tssim": 0.9413043822271823,
        "tpsnr": 38.8364353530196,
        "fvd": 15.783206745143161
    },
    "Jockey_1920x1080_120fps_420_8bit_YUV_h264.mp4": {
        "psnr": 37.29108333333333,
        "ssim": 0.9281883333333334,
        "vmaf": 64.39329805666667,
        "tssim": 0.8853619506868994,
        "tpsnr": 30.86748415480472,
        "fvd": 67.58645722353776
    },
    "ReadySteadyGo_1920x1080_120fps_420_8bit_YUV_h264.mp4": {
        "psnr": 32.60595,
        "ssim": 0.8923833333333334,
        "vmaf": 67.015292605,
        "tssim": 0.8409331743099674,
        "tpsnr": 28.176363500808435,
        "fvd": 55.316376914429156
    },
    "ShakeNDry_1920x1080_120fps_420_8bit_YUV_h264.mp4": {
        "psnr": 35.630199999999995,
        "ssim": 0.8895833333333333,
        "vmaf": 61.12806214666667,
        "tssim": 0.8497324866670339,
        "tpsnr": 32.75514021525814,
        "fvd": 90.858617733154
    },
    "YachtRide_1920x1080_120fps_420_8bit_YUV_h264.mp4": {
        "psnr": 32.08228333333333,
        "ssim": 0.8647316666666666,
        "vmaf": 44.801557655,
        "tssim": 0.8053996710978845,
        "tpsnr": 29.067150297467418,
        "fvd": 207.61954561949233
    }
}