{
    "BasketballDrive_1920x1080_50_h264.mp4": {
        "psnr": 31.95372,
        "ssim": 0.8458559999999999,
        "vmaf": 54.594395972,
        "tssim": 0.7981319196380141,
        "tpsnr": 28.715397626460195
    },
    "BQTerrace_1920x1080_60_h264.mp4": {
        "psnr": 28.10853333333333,
        "ssim": 0.7821066666666667,
        "vmaf": 48.042672095,
        "tssim": 0.7201674661913182,
        "tpsnr": 25.669613779287705
    },
    "Cactus_1920x1080_50_h264.mp4": {
        "psnr": 29.15172,
        "ssim": 0.7759320000000001,
        "vmaf": 37.715753364,
        "tssim": 0.7093381308026235,
        "tpsnr": 26.400548311894784
    },
    "Kimono_1920x1080_24_h264.mp4": {
        "psnr": 33.91695833333333,
        "ssim": 0.8734458333333334,
        "vmaf": 50.026527279166665,
        "tssim": 0.8170328183624341,
        "tpsnr": 30.583691217909298
    },
    "ParkScene_1920x1080_24_h264.mp4": {
        "psnr": 31.466875,
        "ssim": 0.8185958333333333,
        "vmaf": 51.45354475833334,
        "tssim": 0.7681609784268709,
        "tpsnr": 28.894943125577154
    }
}