{
    "Beauty_1920x1080_120fps_420_8bit_YUV_h264.mp4": {
        "psnr": 38.83383333333333,
        "ssim": 0.8991916666666666,
        "vmaf": 78.31107531500001
    },
    "Bosphorus_1920x1080_120fps_420_8bit_YUV_h264.mp4": {
        "psnr": 32.71313333333333,
        "ssim": 0.8625349999999999,
        "vmaf": 30.544612693333335
    },
    "HoneyBee_1920x1080_120fps_420_8bit_YUV_h264.mp4": {
        "psnr": 34.7859,
        "ssim": 0.8952116666666667,
        "vmaf": 44.74162869166666
    },
    "Jockey_1920x1080_120fps_420_8bit_YUV_h264.mp4": {
        "psnr": 27.995533333333334,
        "ssim": 0.8435566666666667,
        "vmaf": 19.454529691666668
    },
    "ReadySteadyGo_1920x1080_120fps_420_8bit_YUV_h264.mp4": {
        "psnr": 24.639483333333335,
        "ssim": 0.7294916666666666,
        "vmaf": 17.498430958333334
    },
    "ShakeNDry_1920x1080_120fps_420_8bit_YUV_h264.mp4": {
        "psnr": 30.355,
        "ssim": 0.7771833333333333,
        "vmaf": 20.339496256666667
    },
    "YachtRide_1920x1080_120fps_420_8bit_YUV_h264.mp4": {
        "psnr": 27.759216666666664,
        "ssim": 0.7740250000000001,
        "vmaf": 15.782293888333333
    },
    "Beauty_1920x1080_120fps_420_8bit_YUV_hevc.mp4": {
        "psnr": 36.43463333333333,
        "ssim": 0.8796666666666666,
        "vmaf": 50.93093293
    },
    "Bosphorus_1920x1080_120fps_420_8bit_YUV_hevc.mp4": {
        "psnr": 36.598933333333335,
        "ssim": 0.9149633333333335,
        "vmaf": 62.44561833833333
    },
    "HoneyBee_1920x1080_120fps_420_8bit_YUV_hevc.mp4": {
        "psnr": 39.65813333333333,
        "ssim": 0.9430683333333334,
        "vmaf": 81.17068372166668
    },
    "Jockey_1920x1080_120fps_420_8bit_YUV_hevc.mp4": {
        "psnr": 35.29383333333333,
        "ssim": 0.9093566666666667,
        "vmaf": 52.90863705666666
    },
    "ReadySteadyGo_1920x1080_120fps_420_8bit_YUV_hevc.mp4": {
        "psnr": 28.512516666666663,
        "ssim": 0.797255,
        "vmaf": 37.95367926
    },
    "ShakeNDry_1920x1080_120fps_420_8bit_YUV_hevc.mp4": {
        "psnr": 33.62273333333333,
        "ssim": 0.84816,
        "vmaf": 48.3220242
    },
    "YachtRide_1920x1080_120fps_420_8bit_YUV_hevc.mp4": {
        "psnr": 30.281200000000002,
        "ssim": 0.8248066666666667,
        "vmaf": 31.74665613666667
    }
}