{
    "Beauty_1920x1080_120fps_420_8bit_YUV_h264.mp4": {
        "psnr": 35.831066666666665,
        "ssim": 0.874765,
        "vmaf": 43.263875621666664
    },
    "Bosphorus_1920x1080_120fps_420_8bit_YUV_h264.mp4": {
        "psnr": 32.71313333333333,
        "ssim": 0.8625349999999999,
        "vmaf": 30.544612693333335
    },
    "HoneyBee_1920x1080_120fps_420_8bit_YUV_h264.mp4": {
        "psnr": 34.7859,
        "ssim": 0.8952116666666667,
        "vmaf": 44.74162869166666
    },
    "Jockey_1920x1080_120fps_420_8bit_YUV_h264.mp4": {
        "psnr": 27.995533333333334,
        "ssim": 0.8435566666666667,
        "vmaf": 19.454529691666668
    },
    "ReadySteadyGo_1920x1080_120fps_420_8bit_YUV_h264.mp4": {
        "psnr": 24.639483333333335,
        "ssim": 0.7294916666666666,
        "vmaf": 17.498430958333334
    },
    "ShakeNDry_1920x1080_120fps_420_8bit_YUV_h264.mp4": {
        "psnr": 30.355,
        "ssim": 0.7771833333333333,
        "vmaf": 20.339496256666667
    },
    "YachtRide_1920x1080_120fps_420_8bit_YUV_h264.mp4": {
        "psnr": 27.759216666666664,
        "ssim": 0.7740250000000001,
        "vmaf": 15.782293888333333
    }
}