{
    "Beauty_1920x1080_120fps_420_8bit_YUV_vp9.webm": {
        "psnr": 38.785199999999996,
        "ssim": 0.9003733333333334,
        "vmaf": 74.43303275333334,
        "tssim": 0.8949830894667817,
        "tpsnr": 36.8823040053124,
        "fvd": 55.542030604436945,
        "movie_index": 2.312923806338557,
        "st_rred": 10.930423388854031
    },
    "Bosphorus_1920x1080_120fps_420_8bit_YUV_vp9.webm": {
        "psnr": 40.677083333333336,
        "ssim": 0.9566716666666666,
        "vmaf": 82.49551188166667,
        "tssim": 0.9411853837393737,
        "tpsnr": 38.41710070576612,
        "fvd": 32.03921299865476,
        "movie_index": 0.8396466022142783,
        "st_rred": 13.882802833560936
    },
    "HoneyBee_1920x1080_120fps_420_8bit_YUV_vp9.webm": {
        "psnr": 43.1762,
        "ssim": 0.9692333333333333,
        "vmaf": 92.45392098,
        "tssim": 0.9610988165003498,
        "tpsnr": 41.52586972295541,
        "fvd": 9.368463006872247,
        "movie_index": 0.401202256522314,
        "st_rred": 30.676518073271044
    },
    "Jockey_1920x1080_120fps_420_8bit_YUV_vp9.webm": {
        "psnr": 41.0627,
        "ssim": 0.9532516666666667,
        "vmaf": 88.957788705,
        "tssim": 0.9231760646422388,
        "tpsnr": 34.06603722421076,
        "fvd": 8.308774266500222,
        "movie_index": 2.2631334430586314,
        "st_rred": 23.796098788549116
    },
    "ReadySteadyGo_1920x1080_120fps_420_8bit_YUV_vp9.webm": {
        "psnr": 34.81998333333333,
        "ssim": 0.9146766666666667,
        "vmaf": 81.092580275,
        "tssim": 0.8817195458438378,
        "tpsnr": 30.335621284523075,
        "fvd": 29.548156737866748,
        "movie_index": 2.3320689770783325,
        "st_rred": 26.544623128476275
    },
    "ShakeNDry_1920x1080_120fps_420_8bit_YUV_vp9.webm": {
        "psnr": 37.455333333333336,
        "ssim": 0.9166633333333334,
        "vmaf": 70.00648332,
        "tssim": 0.886489387472237,
        "tpsnr": 34.60681908904111,
        "fvd": 85.06057595638276,
        "movie_index": 1.9919643062462775,
        "st_rred": 20.77535763232175
    },
    "YachtRide_1920x1080_120fps_420_8bit_YUV_vp9.webm": {
        "psnr": 33.49786666666667,
        "ssim": 0.8837883333333334,
        "vmaf": 55.72968006333334,
        "tssim": 0.8384132192331012,
        "tpsnr": 30.659881308401168,
        "fvd": 105.94252771783908,
        "movie_index": 2.155089923256825,
        "st_rred": 15.368406061981682
    }
}