{
    "Beauty_1920x1080_120fps_420_8bit_YUV_h264.mp4": {
        "psnr": 37.732416666666666,
        "ssim": 0.8901083333333334,
        "vmaf": 63.861644121666664,
        "tssim": 0.8787931076307405,
        "tpsnr": 35.665433027111426,
        "fvd": 84.59305591642158
    },
    "Bosphorus_1920x1080_120fps_420_8bit_YUV_h264.mp4": {
        "psnr": 38.61711666666667,
        "ssim": 0.9399033333333333,
        "vmaf": 73.16131409333333,
        "tssim": 0.894945310645568,
        "tpsnr": 34.70257114607822,
        "fvd": 462.36871302488044
    },
    "HoneyBee_1920x1080_120fps_420_8bit_YUV_h264.mp4": {
        "psnr": 40.51005,
        "ssim": 0.9526183333333333,
        "vmaf": 84.295662535,
        "tssim": 0.9319876531859939,
        "tpsnr": 37.783753925253436,
        "fvd": 88.82651055365216
    },
    "Jockey_1920x1080_120fps_420_8bit_YUV_h264.mp4": {
        "psnr": 37.29108333333333,
        "ssim": 0.9281883333333334,
        "vmaf": 64.39329805666667,
        "tssim": 0.8645911745995892,
        "tpsnr": 29.35435656514112,
        "fvd": 1473.167339188311
    },
    "ReadySteadyGo_1920x1080_120fps_420_8bit_YUV_h264.mp4": {
        "psnr": 32.60595,
        "ssim": 0.8923833333333334,
        "vmaf": 67.015292605,
        "tssim": 0.7986800381403502,
        "tpsnr": 26.57179850290136,
        "fvd": 1127.6624518162284
    },
    "ShakeNDry_1920x1080_120fps_420_8bit_YUV_h264.mp4": {
        "psnr": 35.630199999999995,
        "ssim": 0.8895833333333333,
        "vmaf": 61.12806214666667,
        "tssim": 0.8339784700226288,
        "tpsnr": 32.067502790470186,
        "fvd": 735.2626632436616
    },
    "YachtRide_1920x1080_120fps_420_8bit_YUV_h264.mp4": {
        "psnr": 32.08228333333333,
        "ssim": 0.8647316666666666,
        "vmaf": 44.801557655,
        "tssim": 0.7773964925493119,
        "tpsnr": 28.049883579769993,
        "fvd": 508.8100690892911
    }
}