{
    "Jockey_1920x1080_120fps_420_8bit_YUV_h264.mp4": {
        "psnr": 27.995533333333334,
        "ssim": 0.8435566666666667
    }
}