{
    "Bosphorus_1920x1080_120fps_420_8bit_YUV_hevc.mp4": {
        "psnr": 40.87605,
        "ssim": 0.9574283333333333,
        "vmaf": 85.67952355666667,
        "tssim": 0.8890637995336235,
        "tpsnr": 34.398301864904234,
        "fvd": 34.448418482953
    },
    "HoneyBee_1920x1080_120fps_420_8bit_YUV_hevc.mp4": {
        "psnr": 42.74993333333333,
        "ssim": 0.9662516666666666,
        "vmaf": 92.78963396833333,
        "tssim": 0.939342459842825,
        "tpsnr": 38.43019928398833,
        "fvd": 14.717357182358228
    },
    "Jockey_1920x1080_120fps_420_8bit_YUV_hevc.mp4": {
        "psnr": 40.705616666666664,
        "ssim": 0.9479266666666666,
        "vmaf": 90.782618665,
        "tssim": 0.865968975802262,
        "tpsnr": 29.302879960787713,
        "fvd": 7.125070673011123
    },
    "ReadySteadyGo_1920x1080_120fps_420_8bit_YUV_hevc.mp4": {
        "psnr": 35.20896666666667,
        "ssim": 0.9189833333333333,
        "vmaf": 85.16158014999999,
        "tssim": 0.7261785550944951,
        "tpsnr": 24.544294605669077,
        "fvd": 39.25587873880204
    },
    "ShakeNDry_1920x1080_120fps_420_8bit_YUV_hevc.mp4": {
        "psnr": 36.97736666666666,
        "ssim": 0.90644,
        "vmaf": 71.35854644333334,
        "tssim": 0.807847733135485,
        "tpsnr": 30.962450652616877,
        "fvd": 76.25524562519058
    },
    "YachtRide_1920x1080_120fps_420_8bit_YUV_hevc.mp4": {
        "psnr": 33.965333333333334,
        "ssim": 0.8933216666666668,
        "vmaf": 60.283828968333324,
        "tssim": 0.7655103363079925,
        "tpsnr": 27.69464116422879,
        "fvd": 162.5157158219472
    },
    "Beauty_1920x1080_120fps_420_8bit_YUV_hevc.mp4": {
        "psnr": 38.789366666666666,
        "ssim": 0.8985550000000001,
        "vmaf": 79.38336874166667,
        "tssim": 0.8972638947025197,
        "tpsnr": 37.35219557416658,
        "fvd": 65.96993159383447
    }
}