{
    "BallUnderWater_1920x1080_60fps_hevc.mp4": {
        "psnr": 42.8652,
        "ssim": 0.9750966666666666,
        "vmaf": 83.64385681666667,
        "fvd": 17.00287802761875,
        "st_rred": 0.7508332363773444,
        "movie_index": 0.5223857542144814,
        "tssim": 0.9571645006356541,
        "tpsnr": 36.844125090634144
    },
    "Bookcase_1920x1080_60fps_hevc.mp4": {
        "psnr": 40.64903333333333,
        "ssim": 0.9690033333333332,
        "vmaf": 99.87567709666668,
        "fvd": 2.8240442688997973,
        "st_rred": 0.3594221286425352,
        "movie_index": 1.7851416879772741,
        "tssim": 0.9106865218742736,
        "tpsnr": 28.915115152314357
    },
    "Boxing_1920x1080_30fps_hevc.mp4": {
        "psnr": 39.88166666666667,
        "ssim": 0.9554733333333333,
        "vmaf": 95.46927548666666,
        "fvd": 20.921486530263792,
        "st_rred": 2.49767961836627,
        "movie_index": 0.9404375975163991,
        "tssim": 0.9300783431295,
        "tpsnr": 32.139350724700314
    },
    "BricksLeaves_1920x1080_60fps_hevc.mp4": {
        "psnr": 29.067766666666667,
        "ssim": 0.8580500000000001,
        "vmaf": 65.92853775333333,
        "fvd": 54.94915284741512,
        "st_rred": 6.2898923295845535,
        "movie_index": 3.3091415636814556,
        "tssim": 0.8263833391798836,
        "tpsnr": 25.802735044804702
    },
    "BridgeRiver_1920x1080_30fps_hevc.mp4": {
        "psnr": 29.5954,
        "ssim": 0.8794,
        "vmaf": 59.65927299333334,
        "fvd": 318.3863044016455,
        "st_rred": 6.015280696067059,
        "movie_index": 1.360406986619002,
        "tssim": 0.8125003236515514,
        "tpsnr": 26.16938657568605
    },
    "BubblesPitcher_1920x1080_60fps_hevc.mp4": {
        "psnr": 39.97533333333333,
        "ssim": 0.9486233333333333,
        "vmaf": 63.023693466666664,
        "fvd": 174.2211778137871,
        "st_rred": 1.2894353900755435,
        "movie_index": 0.7957233798294562,
        "tssim": 0.9213214928698501,
        "tpsnr": 35.192836244768124
    },
    "CalmingWater_1920x1080_60fps_hevc.mp4": {
        "psnr": 27.52153333333333,
        "ssim": 0.6787066666666667,
        "vmaf": 24.60496205666667,
        "fvd": 174.85162882675246,
        "st_rred": 5.793004709607299,
        "movie_index": 3.505032029239629,
        "tssim": 0.5502314044937151,
        "tpsnr": 23.406776345294453
    },
    "CarpetCircleFast_1920x1080_60fps_hevc.mp4": {
        "psnr": 42.635733333333334,
        "ssim": 0.96022,
        "vmaf": 78.12905922,
        "fvd": 3.184367571608334,
        "st_rred": 0.8730044744914451,
        "movie_index": 2.4630450302840874,
        "tssim": 0.9183060188090408,
        "tpsnr": 35.326662809952445
    },
    "CloudsZoom_1920x1080_60fps_hevc.mp4": {
        "psnr": 54.05526666666667,
        "ssim": 0.99672,
        "vmaf": 91.52053791666667,
        "fvd": 3.278842556782596,
        "st_rred": 0.058178959324720836,
        "movie_index": 0.25928789429852495,
        "tssim": 0.9950514569414948,
        "tpsnr": 47.15536325512124
    },
    "DiverFishAndRock_1920x1080_30fps_hevc.mp4": {
        "psnr": 39.837666666666664,
        "ssim": 0.9627866666666667,
        "vmaf": 89.93114154,
        "fvd": 33.142579814685405,
        "st_rred": 1.7000572403126455,
        "movie_index": 3.258064206814606,
        "tssim": 0.9482330524846827,
        "tpsnr": 35.66492380231819
    },
    "Diver_1920x1080_30fps_hevc.mp4": {
        "psnr": 45.1714,
        "ssim": 0.9778333333333332,
        "vmaf": 93.97141237333334,
        "fvd": 20.993269379448975,
        "st_rred": 1.5060956401731698,
        "movie_index": 3.0702920065780215,
        "tssim": 0.9660240112288005,
        "tpsnr": 41.59580591701021
    },
    "FishAndRock_1920x1080_30fps_hevc.mp4": {
        "psnr": 39.1996,
        "ssim": 0.9538933333333334,
        "vmaf": 87.21912076666666,
        "fvd": 39.64968239481095,
        "st_rred": 2.1877341815809093,
        "movie_index": 1.207542561044629,
        "tssim": 0.9454656884131364,
        "tpsnr": 37.11926904460728
    },
    "Fountain_1920x1080_50fps_hevc.mp4": {
        "psnr": 32.7022,
        "ssim": 0.791344,
        "vmaf": 55.291604008,
        "fvd": 203.8021552090172,
        "st_rred": 9.547389500006199,
        "movie_index": 1.7429366815521057,
        "tssim": 0.7175622316617585,
        "tpsnr": 30.07516217519002
    },
    "Grass_1920x1080_60fps_hevc.mp4": {
        "psnr": 29.3661,
        "ssim": 0.8141666666666667,
        "vmaf": 58.51747208,
        "fvd": 30.55143980860634,
        "st_rred": 7.4310712581676555,
        "movie_index": 2.2778896592482676,
        "tssim": 0.839730999826744,
        "tpsnr": 27.388697506193335
    },
    "Hamster_1920x1080_60fps_hevc.mp4": {
        "psnr": 40.31936666666667,
        "ssim": 0.97023,
        "vmaf": 88.40385588,
        "fvd": 15.571598004741077,
        "st_rred": 0.5191707422805116,
        "movie_index": 0.840058215685114,
        "tssim": 0.9523411167927587,
        "tpsnr": 34.71493671889289
    },
    "KineticFastPainting_1920x1080_60fps_hevc.mp4": {
        "psnr": 32.21276666666667,
        "ssim": 0.8571899999999999,
        "vmaf": 57.88110297000001,
        "fvd": 24.910083106616526,
        "st_rred": 1.450097869871449,
        "movie_index": 3.9485443615195743,
        "tssim": 0.7303720359988256,
        "tpsnr": 26.025128214654316
    },
    "Lightreef_1920x1080_30fps_hevc.mp4": {
        "psnr": 30.301599999999997,
        "ssim": 0.8397733333333333,
        "vmaf": 70.33587570666667,
        "fvd": 106.57459631039183,
        "st_rred": 6.433860450154668,
        "movie_index": 9.52055285601008,
        "tssim": 0.833219331571167,
        "tpsnr": 28.688664775566767
    },
    "MartialArts_1920x1080_60fps_hevc.mp4": {
        "psnr": 46.70543333333333,
        "ssim": 0.9871066666666667,
        "vmaf": 93.28130971666667,
        "fvd": 13.435478896627956,
        "st_rred": 0.5745566821245709,
        "movie_index": 0.7635136033754085,
        "tssim": 0.9804934998841901,
        "tpsnr": 42.08731750182085
    },
    "Music_1920x1080_30fps_hevc.mp4": {
        "psnr": 41.512,
        "ssim": 0.9619466666666667,
        "vmaf": 91.54607544,
        "fvd": 26.289467538862027,
        "st_rred": 1.696504640849838,
        "movie_index": 8.485485164761144,
        "tssim": 0.9331752181838255,
        "tpsnr": 36.189640134773
    },
    "PaintingTilting_1920x1080_60fps_hevc.mp4": {
        "psnr": 33.67256666666667,
        "ssim": 0.9330033333333334,
        "vmaf": 96.46699628666667,
        "fvd": 14.234241422290893,
        "st_rred": 1.5119201463511729,
        "movie_index": 2.780457198831648,
        "tssim": 0.9597445759974567,
        "tpsnr": 32.117203026710946
    },
    "ParkPlay_1920x1080_50fps_hevc.mp4": {
        "psnr": 30.28464,
        "ssim": 0.781248,
        "vmaf": 57.486619004,
        "fvd": 83.19682631537762,
        "st_rred": 10.572669765760573,
        "movie_index": 2.235717074459336,
        "tssim": 0.7410888207398924,
        "tpsnr": 27.42307700498037
    },
    "PlasmaAveragePan_1920x1080_60fps_hevc.mp4": {
        "psnr": 44.6333,
        "ssim": 0.9877466666666667,
        "vmaf": 83.39781452666666,
        "fvd": 6.089720949823544,
        "st_rred": 0.026064772234609013,
        "movie_index": 0.19161462586958672,
        "tssim": 0.9774495627756644,
        "tpsnr": 40.79993460409617
    },
    "PlasmaSlowRandom_1920x1080_60fps_hevc.mp4": {
        "psnr": 54.8878,
        "ssim": 0.99839,
        "vmaf": 92.9564195,
        "fvd": 1.3485177976316152,
        "st_rred": 0.011819177748272791,
        "movie_index": 0.03187057029231635,
        "tssim": 0.9975872477202852,
        "tpsnr": 52.47998170629393
    },
    "RockWater_1920x1080_30fps_hevc.mp4": {
        "psnr": 33.06466666666667,
        "ssim": 0.9291400000000001,
        "vmaf": 75.7126631,
        "fvd": 116.86000444354886,
        "st_rred": 1.9006590747731735,