{
    "Beauty_1920x1080_120fps_420_8bit_YUV_vp9.webm": {
        "psnr": 38.48375,
        "ssim": 0.8977033333333333,
        "vmaf": 70.33909592333333,
        "tssim": 0.8907332801530254,
        "tpsnr": 36.41688056780221,
        "fvd": 71.57220085537386
    },
    "Bosphorus_1920x1080_120fps_420_8bit_YUV_vp9.webm": {
        "psnr": 39.892849999999996,
        "ssim": 0.9502333333333333,
        "vmaf": 78.85440339833333,
        "tssim": 0.883584146107327,
        "tpsnr": 34.23307053593045,
        "fvd": 131.50901383667997
    },
    "HoneyBee_1920x1080_120fps_420_8bit_YUV_vp9.webm": {
        "psnr": 43.04763333333334,
        "ssim": 0.9684716666666666,
        "vmaf": 92.10652705999999,
        "tssim": 0.9563933098162427,
        "tpsnr": 40.759761179826896,
        "fvd": 14.349618596488313
    },
    "Jockey_1920x1080_120fps_420_8bit_YUV_vp9.webm": {
        "psnr": 40.22125,
        "ssim": 0.9481,
        "vmaf": 84.10314435666668,
        "tssim": 0.8754629876785613,
        "tpsnr": 29.92103537812655,
        "fvd": 44.22640952351503
    },
    "ReadySteadyGo_1920x1080_120fps_420_8bit_YUV_vp9.webm": {
        "psnr": 33.586149999999996,
        "ssim": 0.8970800000000001,
        "vmaf": 73.96132817833335,
        "tssim": 0.8021464394873794,
        "tpsnr": 26.861841071229147,
        "fvd": 94.99594464893562
    },
    "ShakeNDry_1920x1080_120fps_420_8bit_YUV_vp9.webm": {
        "psnr": 36.80453333333333,
        "ssim": 0.9073866666666667,
        "vmaf": 66.30985492666667,
        "tssim": 0.817031318151495,
        "tpsnr": 31.26180780850924,
        "fvd": 163.24622489486
    },
    "YachtRide_1920x1080_120fps_420_8bit_YUV_vp9.webm": {
        "psnr": 32.88963333333333,
        "ssim": 0.87437,
        "vmaf": 51.61241462666667,
        "tssim": 0.7731932513794492,
        "tpsnr": 27.9945069250957,
        "fvd": 310.86799259680015
    }
}