{
    "Bosphorus_1920x1080_120fps_420_8bit_YUV_hevc.mp4": {
        "psnr": 36.598933333333335,
        "ssim": 0.9149633333333335,
        "vmaf": 62.44561833833333,
        "tssim": 0.8890637995336235,
        "tpsnr": 34.398301864904234,
        "fvd": 34.448418482953
    },
    "HoneyBee_1920x1080_120fps_420_8bit_YUV_hevc.mp4": {
        "psnr": 39.65813333333333,
        "ssim": 0.9430683333333334,
        "vmaf": 81.17068372166668,
        "tssim": 0.939342459842825,
        "tpsnr": 38.43019928398833,
        "fvd": 14.717357182358228
    },
    "Jockey_1920x1080_120fps_420_8bit_YUV_hevc.mp4": {
        "psnr": 35.29383333333333,
        "ssim": 0.9093566666666667,
        "vmaf": 52.90863705666666,
        "tssim": 0.865968975802262,
        "tpsnr": 29.302879960787713,
        "fvd": 7.125070673011123
    },
    "ReadySteadyGo_1920x1080_120fps_420_8bit_YUV_hevc.mp4": {
        "psnr": 28.512516666666663,
        "ssim": 0.797255,
        "vmaf": 37.95367926,
        "tssim": 0.7261785550944951,
        "tpsnr": 24.544294605669077,
        "fvd": 39.25587873880204
    },
    "ShakeNDry_1920x1080_120fps_420_8bit_YUV_hevc.mp4": {
        "psnr": 33.62273333333333,
        "ssim": 0.84816,
        "vmaf": 48.3220242,
        "tssim": 0.807847733135485,
        "tpsnr": 30.962450652616877,
        "fvd": 76.25524562519058
    },
    "YachtRide_1920x1080_120fps_420_8bit_YUV_hevc.mp4": {
        "psnr": 30.281200000000002,
        "ssim": 0.8248066666666667,
        "vmaf": 31.74665613666667,
        "tssim": 0.7655103363079925,
        "tpsnr": 27.69464116422879,
        "fvd": 162.5157158219472
    },
    "Beauty_1920x1080_120fps_420_8bit_YUV_hevc.mp4": {
        "psnr": 39.39558333333333,
        "ssim": 0.90484,
        "vmaf": 86.40392615666666,
        "tssim": 0.9064082205217667,
        "tpsnr": 38.3391200083126,
        "fvd": 54.36473179495499
    }
}