{
    "Bosphorus_1920x1080_120fps_420_8bit_YUV_hevc.mp4": {
        "psnr": 38.770716666666665,
        "ssim": 0.93899,
        "vmaf": 76.136249155,
        "tssim": 0.8890637995336235,
        "tpsnr": 34.398301864904234,
        "fvd": 141.49336631886467
    },
    "HoneyBee_1920x1080_120fps_420_8bit_YUV_hevc.mp4": {
        "psnr": 41.764,
        "ssim": 0.9595299999999999,
        "vmaf": 89.61419892333333,
        "tssim": 0.939342459842825,
        "tpsnr": 38.43019928398833,
        "fvd": 21.638430489159248
    },
    "Jockey_1920x1080_120fps_420_8bit_YUV_hevc.mp4": {
        "psnr": 38.2128,
        "ssim": 0.93059,
        "vmaf": 75.14457963833333,
        "tssim": 0.865968975802262,
        "tpsnr": 29.302879960787713,
        "fvd": 99.01053896282292
    },
    "ReadySteadyGo_1920x1080_120fps_420_8bit_YUV_hevc.mp4": {
        "psnr": 32.19043333333333,
        "ssim": 0.87481,
        "vmaf": 65.85823004000001,
        "tssim": 0.7261785550944951,
        "tpsnr": 24.544294605669077,
        "fvd": 541.2084770636689
    },
    "ShakeNDry_1920x1080_120fps_420_8bit_YUV_hevc.mp4": {
        "psnr": 35.388533333333335,
        "ssim": 0.8814166666666667,
        "vmaf": 61.43935283666667,
        "tssim": 0.807847733135485,
        "tpsnr": 30.962450652616877,
        "fvd": 299.2912196180487
    },
    "YachtRide_1920x1080_120fps_420_8bit_YUV_hevc.mp4": {
        "psnr": 32.11575,
        "ssim": 0.8606083333333333,
        "vmaf": 46.71131408666667,
        "tssim": 0.7655103363079925,
        "tpsnr": 27.69464116422879,
        "fvd": 539.5667979287
    },
    "Beauty_1920x1080_120fps_420_8bit_YUV_hevc.mp4": {
        "psnr": 37.751949999999994,
        "ssim": 0.8893866666666668,
        "vmaf": 67.09854078333333,
        "tssim": 0.8821435269219964,
        "tpsnr": 35.78719862554229,
        "fvd": 77.8037837569695
    }
}