{
    "BallUnderWater_1920x1080_60fps_av1.mkv": {
        "psnr": 45.452099999999994,
        "ssim": 0.9831033333333333,
        "vmaf": 91.86858190333334,
        "fvd": 19.77761147654678,
        "st_rred": 0.9220847214157786,
        "movie_index": 0.534992888121302,
        "tssim": 0.9640983976630567,
        "tpsnr": 37.12130500640359
    },
    "Bookcase_1920x1080_60fps_av1.mkv": {
        "psnr": 43.6596,
        "ssim": 0.9833033333333333,
        "vmaf": 99.97705754333333,
        "fvd": 1.1934824394568295,
        "st_rred": 0.32577150360599205,
        "movie_index": 1.7119804713438984,
        "tssim": 0.9266239818166642,
        "tpsnr": 28.859597936521805
    },
    "Boxing_1920x1080_30fps_av1.mkv": {
        "psnr": 42.37146666666667,
        "ssim": 0.9715466666666667,
        "vmaf": 99.73279531333334,
        "fvd": 16.628140358079236,
        "st_rred": 3.0170891484640414,
        "movie_index": 1.0499864696656298,
        "tssim": 0.9432708565092038,
        "tpsnr": 32.35625456483572
    },
    "BricksLeaves_1920x1080_60fps_av1.mkv": {
        "psnr": 35.09316666666667,
        "ssim": 0.9507066666666666,
        "vmaf": 85.35947603666666,
        "fvd": 27.89878159177823,
        "st_rred": 3.6893992228144796,
        "movie_index": 2.8944325997030056,
        "tssim": 0.931336350991043,
        "tpsnr": 31.221737233292696
    },
    "BridgeRiver_1920x1080_30fps_av1.mkv": {
        "psnr": 32.626266666666666,
        "ssim": 0.9294266666666667,
        "vmaf": 76.74878868666667,
        "fvd": 231.00616243423315,
        "st_rred": 6.277656118162579,
        "movie_index": 1.574057790657018,
        "tssim": 0.8866518166237476,
        "tpsnr": 29.091832500176142
    },
    "BubblesPitcher_1920x1080_60fps_av1.mkv": {
        "psnr": 42.952466666666666,
        "ssim": 0.9700300000000001,
        "vmaf": 78.9153318,
        "fvd": 74.39540023166137,
        "st_rred": 1.3363559314118918,
        "movie_index": 0.6058269442062214,
        "tssim": 0.9472940385912904,
        "tpsnr": 37.70396972579701
    },
    "CalmingWater_1920x1080_60fps_av1.mkv": {
        "psnr": 30.427633333333336,
        "ssim": 0.7712966666666667,
        "vmaf": 38.28393921333333,
        "fvd": 42.46638176898506,
        "st_rred": 6.791374809571863,
        "movie_index": 3.396215893552455,
        "tssim": 0.637188884403219,
        "tpsnr": 24.999279494269636
    },
    "CarpetCircleFast_1920x1080_60fps_av1.mkv": {
        "psnr": 44.5377,
        "ssim": 0.97327,
        "vmaf": 84.15945038666666,
        "fvd": 2.0832581535453016,
        "st_rred": 0.9648319610034122,
        "movie_index": 2.7225861705864554,
        "tssim": 0.9279688024613413,
        "tpsnr": 34.99550768364233
    },
    "CloudsZoom_1920x1080_60fps_av1.mkv": {
        "psnr": 56.59413333333334,
        "ssim": 0.9981099999999999,
        "vmaf": 92.32745997333333,
        "fvd": 0.6769985898519266,
        "st_rred": 0.19310348267372718,
        "movie_index": 0.1883730109450859,
        "tssim": 0.9969435914226699,
        "tpsnr": 54.20033119992667
    },
    "DiverFishAndRock_1920x1080_30fps_av1.mkv": {
        "psnr": 42.587,
        "ssim": 0.9775333333333333,
        "vmaf": 96.69091571333333,
        "fvd": 21.642884920952383,
        "st_rred": 2.0549818022499107,
        "movie_index": 3.343105702392207,
        "tssim": 0.9649254974676968,
        "tpsnr": 37.9600393820129
    },
    "Diver_1920x1080_30fps_av1.mkv": {
        "psnr": 46.368199999999995,
        "ssim": 0.9824466666666666,
        "vmaf": 95.64034089333333,
        "fvd": 20.881433708411805,
        "st_rred": 2.084602297639269,
        "movie_index": 2.9729962726967445,
        "tssim": 0.9704855496340531,
        "tpsnr": 41.89185448460931
    },
    "FishAndRock_1920x1080_30fps_av1.mkv": {
        "psnr": 41.571666666666665,
        "ssim": 0.9717266666666666,
        "vmaf": 94.41900142666667,
        "fvd": 21.5179574447086,
        "st_rred": 2.2874972134186766,
        "movie_index": 1.2001472951581813,
        "tssim": 0.9665953578202752,
        "tpsnr": 39.69017817350042
    },
    "Fountain_1920x1080_50fps_av1.mkv": {
        "psnr": 34.65708,
        "ssim": 0.843572,
        "vmaf": 67.39458084399999,
        "fvd": 234.72353940434596,
        "st_rred": 10.103916762776416,
        "movie_index": 1.80357252522166,
        "tssim": 0.7793731742440174,
        "tpsnr": 31.615272238551373
    },
    "Grass_1920x1080_60fps_av1.mkv": {
        "psnr": 34.2622,
        "ssim": 0.9332966666666668,
        "vmaf": 81.39762352666668,
        "fvd": 36.250819994617295,
        "st_rred": 4.832218894127543,
        "movie_index": 1.8934096440324018,
        "tssim": 0.9442206426444829,
        "tpsnr": 32.506592064796884
    },
    "Hamster_1920x1080_60fps_av1.mkv": {
        "psnr": 44.2704,
        "ssim": 0.9855799999999999,
        "vmaf": 97.86704387,
        "fvd": 7.6264231431181315,
        "st_rred": 0.5058639815653514,
        "movie_index": 0.6994276184302111,
        "tssim": 0.9703558097260906,
        "tpsnr": 36.663550826618106
    },
    "KineticFastPainting_1920x1080_60fps_av1.mkv": {
        "psnr": 36.1347,
        "ssim": 0.9234666666666668,
        "vmaf": 81.23557386,
        "fvd": 11.472531903294396,
        "st_rred": 1.6661401883378417,
        "movie_index": 4.017814097795199,
        "tssim": 0.803166675739983,
        "tpsnr": 27.718828539385843
    },
    "Lightreef_1920x1080_30fps_av1.mkv": {
        "psnr": 32.70926666666667,
        "ssim": 0.8958133333333335,
        "vmaf": 83.71697396666667,
        "fvd": 63.158518924086366,
        "st_rred": 6.414104467670263,
        "movie_index": 9.233718694256456,
        "tssim": 0.8906783553301411,
        "tpsnr": 31.28227685761932
    },
    "MartialArts_1920x1080_60fps_av1.mkv": {
        "psnr": 49.028333333333336,
        "ssim": 0.9927566666666666,
        "vmaf": 95.51028295666667,
        "fvd": 6.477868338215103,
        "st_rred": 0.6111766387572768,
        "movie_index": 0.5558612353750894,
        "tssim": 0.9861545828052589,
        "tpsnr": 43.54071467217793
    },
    "Music_1920x1080_30fps_av1.mkv": {
        "psnr": 43.5246,
        "ssim": 0.9737466666666665,
        "vmaf": 95.41094724666667,
        "fvd": 21.777782583736553,
        "st_rred": 2.1564996899339217,
        "movie_index": 8.680823866927984,
        "tssim": 0.9465367817484499,
        "tpsnr": 36.597815392001365
    },
    "PaintingTilting_1920x1080_60fps_av1.mkv": {
        "psnr": 38.0865,
        "ssim": 0.9737633333333334,
        "vmaf": 99.98005052,
        "fvd": 5.134998753843206,
        "st_rred": 0.14898929327179644,
        "movie_index": 2.5533551593750317,
        "tssim": 0.9895443257883739,
        "tpsnr": 37.028282701371104
    },
    "ParkPlay_1920x1080_50fps_av1.mkv": {
        "psnr": 33.005,
        "ssim": 0.85778,
        "vmaf": 75.81425431999999,
        "fvd": 64.59576549310236,
        "st_rred": 10.138571275177867,
        "movie_index": 2.460853544823137,
        "tssim": 0.82138990334189,
        "tpsnr": 29.072212540959736
    },
    "PlasmaAveragePan_1920x1080_60fps_av1.mkv": {
        "psnr": 48.71743333333333,
        "ssim": 0.99463,
        "vmaf": 92.45114824666668,
        "fvd": 2.9385346445154994,
        "st_rred": 0.10927457953122177,
        "movie_index": 0.15910616439197175,
        "tssim": 0.9846571229258062,
        "tpsnr": 42.65865195794249
    },
    "PlasmaSlowRandom_1920x1080_60fps_av1.mkv": {
        "psnr": 58.45693333333334,
        "ssim": 0.9991866666666666,
        "vmaf": 95.26365428666666,
        "fvd": 0.21379929918782636,
        "st_rred": 0.01644392632076075,
        "movie_index": 0.026153814041345414,
        "tssim": 0.9983639385439724,
        "tpsnr": 54.72434035591457
    },
    "RockWater_1920x1080_30fps_av1.mkv": {
        "psnr": 36.80206666666667,
        "ssim": 0.9622933333333333,
        "vmaf": 92.65323344666668,
        "fvd": 57.77688966058713,