{
    "BasketballDrive_1920x1080_50_vp9.webm": {
        "psnr": 35.8813,
        "ssim": 0.90388,
        "vmaf": 83.554778896,
        "tssim": 0.8777820515612735,
        "tpsnr": 32.741625348169485,
        "fvd": 24.140065917856873,
        "movie_index": 7.484741905887046,
        "st_rred": 27.451425016628875
    },
    "BQTerrace_1920x1080_60_vp9.webm": {
        "psnr": 32.8793,
        "ssim": 0.8716533333333333,
        "vmaf": 81.79545678833334,
        "tssim": 0.8596030053072787,
        "tpsnr": 31.362998806375494,
        "fvd": 106.62157732706874,
        "movie_index": 121.85842249690491,
        "st_rred": 17.072988810381872
    },
    "Cactus_1920x1080_50_vp9.webm": {
        "psnr": 32.36304,
        "ssim": 0.8462999999999999,
        "vmaf": 63.508404524,
        "tssim": 0.8154589573589742,
        "tpsnr": 29.935420305791027,
        "fvd": 65.7290381339576,
        "movie_index": 42.48911779014047,
        "st_rred": 18.922525118511523
    },
    "Kimono_1920x1080_24_vp9.webm": {
        "psnr": 37.01883333333333,
        "ssim": 0.9138916666666667,
        "vmaf": 71.62564895416668,
        "tssim": 0.8870744349108698,
        "tpsnr": 34.360396014097844,
        "fvd": 45.12915127854626,
        "movie_index": 13.446207816880118,
        "st_rred": 16.498684113790507
    },
    "ParkScene_1920x1080_24_vp9.webm": {
        "psnr": 34.25645833333333,
        "ssim": 0.8793416666666667,
        "vmaf": 72.23484789166667,
        "tssim": 0.8647985904929598,
        "tpsnr": 32.35008452826464,
        "fvd": 42.25368836576979,
        "movie_index": 9.347443132158602,
        "st_rred": 15.87775980845691
    }
}