{
    "BallUnderWater_1920x1080_60fps_hevc.mp4": {
        "psnr": 43.69853333333333,
        "ssim": 0.9773133333333334,
        "vmaf": 87.99613900333334,
        "fvd": 9.999275825042275
    },
    "Bookcase_1920x1080_60fps_hevc.mp4": {
        "psnr": 41.47593333333334,
        "ssim": 0.9733499999999999,
        "vmaf": 99.93571948666667,
        "fvd": 3.2596956484512702
    },
    "Boxing_1920x1080_30fps_hevc.mp4": {
        "psnr": 40.7194,
        "ssim": 0.9603733333333332,
        "vmaf": 98.05862525333333,
        "fvd": 15.119635590983762
    },
    "BricksLeaves_1920x1080_60fps_hevc.mp4": {
        "psnr": 30.0795,
        "ssim": 0.8774866666666666,
        "vmaf": 72.02051526999999,
        "fvd": 35.10360581266133
    },
    "BridgeRiver_1920x1080_30fps_hevc.mp4": {
        "psnr": 30.336599999999997,
        "ssim": 0.8924533333333333,
        "vmaf": 64.52233521333333,
        "fvd": 301.30913759350403
    },
    "BubblesPitcher_1920x1080_60fps_hevc.mp4": {
        "psnr": 40.611266666666666,
        "ssim": 0.95255,
        "vmaf": 67.57232543333333,
        "fvd": 149.18757310956198
    },
    "CalmingWater_1920x1080_60fps_hevc.mp4": {
        "psnr": 28.526333333333334,
        "ssim": 0.7089799999999999,
        "vmaf": 30.57362726,
        "fvd": 100.58467141814157
    },
    "CarpetCircleFast_1920x1080_60fps_hevc.mp4": {
        "psnr": 43.2095,
        "ssim": 0.96451,
        "vmaf": 81.38880256666666,
        "fvd": 2.610270287436265
    },
    "CloudsZoom_1920x1080_60fps_hevc.mp4": {
        "psnr": 54.47003333333333,
        "ssim": 0.99689,
        "vmaf": 91.94524020333333,
        "fvd": 2.994806474160855
    },
    "DiverFishAndRock_1920x1080_30fps_hevc.mp4": {
        "psnr": 40.742000000000004,
        "ssim": 0.9676333333333332,
        "vmaf": 92.90985842,
        "fvd": 27.209807847586262
    },
    "Diver_1920x1080_30fps_hevc.mp4": {
        "psnr": 45.5916,
        "ssim": 0.9789066666666666,
        "vmaf": 95.35875751333333,
        "fvd": 20.929583987354363
    },
    "FishAndRock_1920x1080_30fps_hevc.mp4": {
        "psnr": 39.91206666666667,
        "ssim": 0.9595199999999999,
        "vmaf": 90.06461300000001,
        "fvd": 37.13821316309418
    },
    "Fountain_1920x1080_50fps_hevc.mp4": {
        "psnr": 33.030480000000004,
        "ssim": 0.7998999999999999,
        "vmaf": 59.047337332000005,
        "fvd": 170.97394784609173
    },
    "Grass_1920x1080_60fps_hevc.mp4": {
        "psnr": 30.097033333333336,
        "ssim": 0.8395,
        "vmaf": 63.542654479999996,
        "fvd": 35.83943892603574
    },
    "Hamster_1920x1080_60fps_hevc.mp4": {
        "psnr": 41.358133333333335,
        "ssim": 0.9745366666666666,
        "vmaf": 91.94006601666666,
        "fvd": 12.470039373955501
    },
    "KineticFastPainting_1920x1080_60fps_hevc.mp4": {
        "psnr": 33.2712,
        "ssim": 0.87811,
        "vmaf": 65.46846544666667,
        "fvd": 15.958737254956588
    },
    "Lightreef_1920x1080_30fps_hevc.mp4": {
        "psnr": 30.883,
        "ssim": 0.85408,
        "vmaf": 74.33710524,
        "fvd": 84.06315172090899
    },
    "MartialArts_1920x1080_60fps_hevc.mp4": {
        "psnr": 47.34826666666667,
        "ssim": 0.9884166666666666,
        "vmaf": 94.51961556333333,
        "fvd": 11.31119070549903
    },
    "Music_1920x1080_30fps_hevc.mp4": {
        "psnr": 42.1604,
        "ssim": 0.9652466666666667,
        "vmaf": 93.76764925333333,
        "fvd": 18.926505137894765
    },
    "PaintingTilting_1920x1080_60fps_hevc.mp4": {
        "psnr": 34.66736666666667,
        "ssim": 0.9446466666666666,
        "vmaf": 97.76984048333333,
        "fvd": 11.492084524475217
    },
    "ParkPlay_1920x1080_50fps_hevc.mp4": {
        "psnr": 30.883119999999998,
        "ssim": 0.79796,
        "vmaf": 63.363821023999996,
        "fvd": 77.57561716948817
    },
    "PlasmaAveragePan_1920x1080_60fps_hevc.mp4": {
        "psnr": 45.941066666666664,
        "ssim": 0.9907633333333333,
        "vmaf": 87.29781257666667,
        "fvd": 4.581204087678728
    },
    "PlasmaSlowRandom_1920x1080_60fps_hevc.mp4": {
        "psnr": 56.2478,
        "ssim": 0.99891,
        "vmaf": 94.09914705,
        "fvd": 0.873475391449773
    },
    "RockWater_1920x1080_30fps_hevc.mp4": {
        "psnr": 33.98126666666666,
        "ssim": 0.9383266666666666,
        "vmaf": 81.17185384,
        "fvd": 61.88062698621343
    },
    "RockWave_1920x1080_30fps_hevc.mp4": {
        "psnr": 26.302999999999997,
        "ssim": 0.8262066666666666,
        "vmaf": 41.726890866666665,
        "fvd": 197.65366023278887
    },
    "Rowing_1920x1080_30fps_hevc.mp4": {
        "psnr": 29.7864,
        "ssim": 0.8328733333333334,
        "vmaf": 41.924842919999996,
        "fvd": 231.6865049682433
    },
    "SmokeGuns_1920x1080_60fps_hevc.mp4": {
        "psnr": 41.143366666666665,
        "ssim": 0.9588333333333332,
        "vmaf": 85.07794153666667,
        "fvd": 31.795156897140146
    },
    "Surfers_1920x1080_30fps_hevc.mp4": {
        "psnr": 37.44513333333334,
        "ssim": 0.9492666666666666,
        "vmaf": 80.95246684,
        "fvd": 57.638993668330045
    },
    "Toys_1920x1080_30fps_hevc.mp4": {
        "psnr": 36.33906666666667,
        "ssim": 0.9435,
        "vmaf": 91.85625900666668,
        "fvd": 42.33121943801939
    },
    "TreeGrassFamily_1920x1080_30fps_hevc.mp4": {
        "psnr": 30.717133333333333,
        "ssim": 0.86078,
        "vmaf": 57.440509139999996,
        "fvd": 226.62190168447103
    },
    "TreeTrunk_1920x1080_50fps_hevc.mp4": {
        "psnr": 33.76696,
        "ssim": 0.912508,
        "vmaf": 96.530978852,
        "fvd": 13.79576162221963
    },
    "Typing_1920x1080_60fps_hevc.mp4": {
        "psnr": 45.14783333333333,
        "ssim": 0.9827866666666667,
        "vmaf": 93.28205201333333,
        "fvd": 15.324963604428376
    }
}