{
    "BasketballDrive_1920x1080_50_av1.mkv": {
        "psnr": 39.795480000000005,
        "ssim": 0.9437719999999999,
        "vmaf": 99.78091321
    },
    "BQTerrace_1920x1080_60_av1.mkv": {
        "psnr": 37.238550000000004,
        "ssim": 0.9281483333333334,
        "vmaf": 98.00886748166667
    },
    "Cactus_1920x1080_50_av1.mkv": {
        "psnr": 39.07354,
        "ssim": 0.93777,
        "vmaf": 97.56107824200001
    },
    "Kimono_1920x1080_24_av1.mkv": {
        "psnr": 43.645833333333336,
        "ssim": 0.9702458333333333,
        "vmaf": 99.05682124583333
    },
    "ParkScene_1920x1080_24_av1.mkv": {
        "psnr": 41.90991666666666,
        "ssim": 0.9677958333333333,
        "vmaf": 98.43919196666667
    }
}