{
    "BasketballDrive_1920x1080_50_h264.mp4": {
        "psnr": 33.81778,
        "ssim": 0.87529,
        "vmaf": 70.25339381799999,
        "tssim": 0.8411627778142394,
        "tpsnr": 30.76130671682721,
        "fvd": 38.63834962184956,
        "movie_index": 6.536713889342749,
        "st_rred": 7.069128849473639
    },
    "BQTerrace_1920x1080_60_h264.mp4": {
        "psnr": 32.74096666666667,
        "ssim": 0.8730600000000001,
        "vmaf": 82.68194154333332,
        "tssim": 0.8571925257697999,
        "tpsnr": 31.070510198755535,
        "fvd": 77.35861602641398,
        "movie_index": 123.73723169999549,
        "st_rred": 8.933644594863399
    },
    "Cactus_1920x1080_50_h264.mp4": {
        "psnr": 33.95098,
        "ssim": 0.8754500000000001,
        "vmaf": 75.92074887,
        "tssim": 0.8532051965086942,
        "tpsnr": 31.713760318641434,
        "fvd": 44.26500825395823,
        "movie_index": 43.825676057972984,
        "st_rred": 7.524728692504606
    },
    "Kimono_1920x1080_24_h264.mp4": {
        "psnr": 38.64008333333334,
        "ssim": 0.9345458333333333,
        "vmaf": 81.54317950833334,
        "tssim": 0.917428695018844,
        "tpsnr": 36.046162066599315,
        "fvd": 23.105191678999745,
        "movie_index": 15.321766780229542,
        "st_rred": 3.7185681786478
    },
    "ParkScene_1920x1080_24_h264.mp4": {
        "psnr": 35.73420833333333,
        "ssim": 0.9088916666666668,
        "vmaf": 82.94535733333333,
        "tssim": 0.9021255193645681,
        "tpsnr": 33.95504887632745,
        "fvd": 21.83063179202213,
        "movie_index": 9.603461411801092,
        "st_rred": 4.306390940061927
    }
}