{
    "BallUnderWater_1920x1080_60fps_av1.mkv": {
        "psnr": 45.452099999999994,
        "ssim": 0.9831033333333333,
        "vmaf": 91.86858190333334,
        "fvd": 19.77761147654678,
        "st_rred": 0.9220847214157786
    },
    "Bookcase_1920x1080_60fps_av1.mkv": {
        "psnr": 43.6596,
        "ssim": 0.9833033333333333,
        "vmaf": 99.97705754333333,
        "fvd": 1.1934824394568295,
        "st_rred": 0.32577150360599205
    },
    "Boxing_1920x1080_30fps_av1.mkv": {
        "psnr": 42.37146666666667,
        "ssim": 0.9715466666666667,
        "vmaf": 99.73279531333334,
        "fvd": 16.628140358079236,
        "st_rred": 3.0170891484640414
    },
    "BricksLeaves_1920x1080_60fps_av1.mkv": {
        "psnr": 35.09316666666667,
        "ssim": 0.9507066666666666,
        "vmaf": 85.35947603666666,
        "fvd": 27.89878159177823,
        "st_rred": 3.6893992228144796
    },
    "BridgeRiver_1920x1080_30fps_av1.mkv": {
        "psnr": 32.626266666666666,
        "ssim": 0.9294266666666667,
        "vmaf": 76.74878868666667,
        "fvd": 231.00616243423315,
        "st_rred": 6.277656118162579
    },
    "BubblesPitcher_1920x1080_60fps_av1.mkv": {
        "psnr": 42.952466666666666,
        "ssim": 0.9700300000000001,
        "vmaf": 78.9153318,
        "fvd": 74.39540023166137,
        "st_rred": 1.3363559314118918
    },
    "CalmingWater_1920x1080_60fps_av1.mkv": {
        "psnr": 30.427633333333336,
        "ssim": 0.7712966666666667,
        "vmaf": 38.28393921333333,
        "fvd": 42.46638176898506,
        "st_rred": 6.791374809571863
    },
    "CarpetCircleFast_1920x1080_60fps_av1.mkv": {
        "psnr": 44.5377,
        "ssim": 0.97327,
        "vmaf": 84.15945038666666,
        "fvd": 2.0832581535453016,
        "st_rred": 0.9648319610034122
    },
    "CloudsZoom_1920x1080_60fps_av1.mkv": {
        "psnr": 56.59413333333334,
        "ssim": 0.9981099999999999,
        "vmaf": 92.32745997333333,
        "fvd": 0.6769985898519266,
        "st_rred": 0.19310348267372718
    },
    "DiverFishAndRock_1920x1080_30fps_av1.mkv": {
        "psnr": 42.587,
        "ssim": 0.9775333333333333,
        "vmaf": 96.69091571333333,
        "fvd": 21.642884920952383,
        "st_rred": 2.0549818022499107
    },
    "Diver_1920x1080_30fps_av1.mkv": {
        "psnr": 46.368199999999995,
        "ssim": 0.9824466666666666,
        "vmaf": 95.64034089333333,
        "fvd": 20.881433708411805,
        "st_rred": 2.084602297639269
    },
    "FishAndRock_1920x1080_30fps_av1.mkv": {
        "psnr": 41.571666666666665,
        "ssim": 0.9717266666666666,
        "vmaf": 94.41900142666667,
        "fvd": 21.5179574447086,
        "st_rred": 2.2874972134186766
    },
    "Fountain_1920x1080_50fps_av1.mkv": {
        "psnr": 34.65708,
        "ssim": 0.843572,
        "vmaf": 67.39458084399999,
        "fvd": 234.72353940434596,
        "st_rred": 10.103916762776416
    },
    "Grass_1920x1080_60fps_av1.mkv": {
        "psnr": 34.2622,
        "ssim": 0.9332966666666668,
        "vmaf": 81.39762352666668,
        "fvd": 36.250819994617295,
        "st_rred": 4.832218894127543
    },
    "Hamster_1920x1080_60fps_av1.mkv": {
        "psnr": 44.2704,
        "ssim": 0.9855799999999999,
        "vmaf": 97.86704387,
        "fvd": 7.6264231431181315,
        "st_rred": 0.5058639815653514
    },
    "KineticFastPainting_1920x1080_60fps_av1.mkv": {
        "psnr": 36.1347,
        "ssim": 0.9234666666666668,
        "vmaf": 81.23557386,
        "fvd": 11.472531903294396,
        "st_rred": 1.6661401883378417
    },
    "Lightreef_1920x1080_30fps_av1.mkv": {
        "psnr": 32.70926666666667,
        "ssim": 0.8958133333333335,
        "vmaf": 83.71697396666667,
        "fvd": 63.158518924086366,
        "st_rred": 6.414104467670263
    },
    "MartialArts_1920x1080_60fps_av1.mkv": {
        "psnr": 49.028333333333336,
        "ssim": 0.9927566666666666,
        "vmaf": 95.51028295666667,
        "fvd": 6.477868338215103,
        "st_rred": 0.6111766387572768
    },
    "Music_1920x1080_30fps_av1.mkv": {
        "psnr": 43.5246,
        "ssim": 0.9737466666666665,
        "vmaf": 95.41094724666667,
        "fvd": 21.777782583736553,
        "st_rred": 2.1564996899339217
    },
    "PaintingTilting_1920x1080_60fps_av1.mkv": {
        "psnr": 38.0865,
        "ssim": 0.9737633333333334,
        "vmaf": 99.98005052,
        "fvd": 5.134998753843206,
        "st_rred": 0.14898929327179644
    },
    "ParkPlay_1920x1080_50fps_av1.mkv": {
        "psnr": 33.005,
        "ssim": 0.85778,
        "vmaf": 75.81425431999999,
        "fvd": 64.59576549310236,
        "st_rred": 10.138571275177867
    },
    "PlasmaAveragePan_1920x1080_60fps_av1.mkv": {
        "psnr": 48.71743333333333,
        "ssim": 0.99463,
        "vmaf": 92.45114824666668,
        "fvd": 2.9385346445154994,
        "st_rred": 0.10927457953122177
    },
    "PlasmaSlowRandom_1920x1080_60fps_av1.mkv": {
        "psnr": 58.45693333333334,
        "ssim": 0.9991866666666666,
        "vmaf": 95.26365428666666,
        "fvd": 0.21379929918782636,
        "st_rred": 0.01644392632076075
    },
    "RockWater_1920x1080_30fps_av1.mkv": {
        "psnr": 36.80206666666667,
        "ssim": 0.9622933333333333,
        "vmaf": 92.65323344666668,
        "fvd": 57.77688966058713,
        "st_rred": 2.1303779716284126
    },
    "RockWave_1920x1080_30fps_av1.mkv": {
        "psnr": 27.6548,
        "ssim": 0.8549933333333333,
        "vmaf": 49.96855973333333,
        "fvd": 225.66032022797026,
        "st_rred": 11.355212446531407
    },
    "Rowing_1920x1080_30fps_av1.mkv": {
        "psnr": 31.656266666666664,
        "ssim": 0.8731133333333334,
        "vmaf": 53.15589192666666,
        "fvd": 153.76774197540226,
        "st_rred": 6.928982597848826
    },
    "SmokeGuns_1920x1080_60fps_av1.mkv": {
        "psnr": 42.85146666666667,
        "ssim": 0.9703566666666665,
        "vmaf": 89.31210315,
        "fvd": 30.80036812039691,
        "st_rred": 1.9914958441826833
    },
    "Surfers_1920x1080_30fps_av1.mkv": {
        "psnr": 39.2018,
        "ssim": 0.9622466666666666,
        "vmaf": 86.93170881333333,
        "fvd": 44.30437056506776,
        "st_rred": 2.9769981790037168
    },
    "Toys_1920x1080_30fps_av1.mkv": {
        "psnr": 38.2584,
        "ssim": 0.9609066666666667,
        "vmaf": 98.7132147,
        "fvd": 22.7605668587762,
        "st_rred": 2.7456053544549377
    },
    "TreeGrassFamily_1920x1080_30fps_av1.mkv": {
        "psnr": 32.59,
        "ssim": 0.90254,
        "vmaf": 67.24368747333334,
        "fvd": 124.59406927894429,
        "st_rred": 6.584182253086418
    },
    "TreeTrunk_1920x1080_50fps_av1.mkv": {
        "psnr": 36.15352,
        "ssim": 0.943368,
        "vmaf": 99.956291912,
        "fvd": 7.629705139417297,
        "st_rred": 4.094038349726063
    },
    "Typing_1920x1080_60fps_av1.mkv": {
        "psnr": 47.4071,
        "ssim": 0.9897400000000001,
        "vmaf": 95.54542023666666,
        "fvd": 12.820221697140653,
        "st_rred": 0.8519119248769034
    }
}