{
    "Beauty_1920x1080_120fps_420_8bit_YUV_hevc.mp4": {
        "psnr": 36.43463333333333,
        "ssim": 0.8796666666666666,
        "vmaf": 50.93093293,
        "tssim": 0.8659076495238317,
        "tpsnr": 34.03769237410047
    },
    "Bosphorus_1920x1080_120fps_420_8bit_YUV_hevc.mp4": {
        "psnr": 36.598933333333335,
        "ssim": 0.9149633333333335,
        "vmaf": 62.44561833833333,
        "tssim": 0.8890637995336235,
        "tpsnr": 34.398301864904234
    },
    "HoneyBee_1920x1080_120fps_420_8bit_YUV_hevc.mp4": {
        "psnr": 39.65813333333333,
        "ssim": 0.9430683333333334,
        "vmaf": 81.17068372166668,
        "tssim": 0.939342459842825,
        "tpsnr": 38.43019928398833
    },
    "Jockey_1920x1080_120fps_420_8bit_YUV_hevc.mp4": {
        "psnr": 35.29383333333333,
        "ssim": 0.9093566666666667,
        "vmaf": 52.90863705666666,
        "tssim": 0.865968975802262,
        "tpsnr": 29.302879960787713
    },
    "ReadySteadyGo_1920x1080_120fps_420_8bit_YUV_hevc.mp4": {
        "psnr": 28.512516666666663,
        "ssim": 0.797255,
        "vmaf": 37.95367926,
        "tssim": 0.7261785550944951,
        "tpsnr": 24.544294605669077
    },
    "ShakeNDry_1920x1080_120fps_420_8bit_YUV_hevc.mp4": {
        "psnr": 33.62273333333333,
        "ssim": 0.84816,
        "vmaf": 48.3220242,
        "tssim": 0.807847733135485,
        "tpsnr": 30.962450652616877
    },
    "YachtRide_1920x1080_120fps_420_8bit_YUV_hevc.mp4": {
        "psnr": 30.281200000000002,
        "ssim": 0.8248066666666667,
        "vmaf": 31.74665613666667,
        "tssim": 0.7655103363079925,
        "tpsnr": 27.69464116422879
    }
}