{
    "BallUnderWater_1920x1080_60fps_vp9.webm": {
        "psnr": 43.3817,
        "ssim": 0.9778733333333333,
        "vmaf": 82.72473319333334,
        "fvd": 14.80402942616189,
        "st_rred": 0.8957495628539753
    },
    "Bookcase_1920x1080_60fps_vp9.webm": {
        "psnr": 41.52853333333333,
        "ssim": 0.9748533333333333,
        "vmaf": 99.89631992,
        "fvd": 1.3959061246330293,
        "st_rred": 0.29117786994886785
    },
    "Boxing_1920x1080_30fps_vp9.webm": {
        "psnr": 40.330466666666666,
        "ssim": 0.9615866666666667,
        "vmaf": 93.92192978666667,
        "fvd": 16.969557321731827,
        "st_rred": 2.7948908061631776
    },
    "BricksLeaves_1920x1080_60fps_vp9.webm": {
        "psnr": 31.891500000000004,
        "ssim": 0.9084666666666668,
        "vmaf": 77.47943676,
        "fvd": 29.99944359384108,
        "st_rred": 3.618064067854789
    },
    "BridgeRiver_1920x1080_30fps_vp9.webm": {
        "psnr": 30.162066666666668,
        "ssim": 0.8964133333333333,
        "vmaf": 62.920664959999996,
        "fvd": 258.39266291260475,
        "st_rred": 6.714349455604236
    },
    "BubblesPitcher_1920x1080_60fps_vp9.webm": {
        "psnr": 40.8586,
        "ssim": 0.9550233333333333,
        "vmaf": 64.27724002666668,
        "fvd": 94.46518137692738,
        "st_rred": 1.6461841608731778
    },
    "CalmingWater_1920x1080_60fps_vp9.webm": {
        "psnr": 29.338833333333334,
        "ssim": 0.7389433333333333,
        "vmaf": 36.39599539666666,
        "fvd": 55.48085037770602,
        "st_rred": 5.89773217143135
    },
    "CarpetCircleFast_1920x1080_60fps_vp9.webm": {
        "psnr": 43.30826666666667,
        "ssim": 0.9643233333333332,
        "vmaf": 80.16859008,
        "fvd": 2.270005759839563,
        "st_rred": 0.7337623053030846
    },
    "CloudsZoom_1920x1080_60fps_vp9.webm": {
        "psnr": 55.86593333333333,
        "ssim": 0.9976399999999999,
        "vmaf": 92.19730460666666,
        "fvd": 0.2040246364301126,
        "st_rred": 0.1022416068715849
    },
    "DiverFishAndRock_1920x1080_30fps_vp9.webm": {
        "psnr": 40.4478,
        "ssim": 0.9681733333333333,
        "vmaf": 89.25349690666665,
        "fvd": 25.78674834933031,
        "st_rred": 2.052530320708014
    },
    "Diver_1920x1080_30fps_vp9.webm": {
        "psnr": 45.66226666666667,
        "ssim": 0.9807466666666667,
        "vmaf": 93.46226712666666,
        "fvd": 20.772935614139442,
        "st_rred": 2.007122023365647
    },
    "FishAndRock_1920x1080_30fps_vp9.webm": {
        "psnr": 39.943666666666665,
        "ssim": 0.9604266666666667,
        "vmaf": 87.58413646,
        "fvd": 51.09075203226598,
        "st_rred": 2.4754573832408084
    },
    "Fountain_1920x1080_50fps_vp9.webm": {
        "psnr": 33.28151999999999,
        "ssim": 0.806268,
        "vmaf": 55.737801348,
        "fvd": 250.6958219588928,
        "st_rred": 10.94026379660618
    },
    "Grass_1920x1080_60fps_vp9.webm": {
        "psnr": 31.43456666666667,
        "ssim": 0.8784466666666666,
        "vmaf": 68.21847073666666,
        "fvd": 11.98709724153938,
        "st_rred": 5.0388177939346015
    },
    "Hamster_1920x1080_60fps_vp9.webm": {
        "psnr": 41.015166666666666,
        "ssim": 0.9735433333333333,
        "vmaf": 90.29630524666668,
        "fvd": 11.9405039587175,
        "st_rred": 0.35837883189593
    },
    "KineticFastPainting_1920x1080_60fps_vp9.webm": {
        "psnr": 32.9019,
        "ssim": 0.8650866666666667,
        "vmaf": 63.83188036666667,
        "fvd": 18.441214311697678,
        "st_rred": 1.0925083549460126
    },
    "Lightreef_1920x1080_30fps_vp9.webm": {
        "psnr": 31.13713333333333,
        "ssim": 0.85988,
        "vmaf": 73.53944605333332,
        "fvd": 69.88537754892081,
        "st_rred": 6.635889407219253
    },
    "MartialArts_1920x1080_60fps_vp9.webm": {
        "psnr": 47.229800000000004,
        "ssim": 0.9889033333333334,
        "vmaf": 93.78350119333334,
        "fvd": 7.43564811683143,
        "st_rred": 0.501850077321782
    },
    "Music_1920x1080_30fps_vp9.webm": {
        "psnr": 41.779066666666665,
        "ssim": 0.9646933333333334,
        "vmaf": 89.94740812,
        "fvd": 27.43667552741954,
        "st_rred": 2.014760272616483
    },
    "PaintingTilting_1920x1080_60fps_vp9.webm": {
        "psnr": 36.44403333333334,
        "ssim": 0.9635933333333333,
        "vmaf": 99.96490383,
        "fvd": 5.294136727923558,
        "st_rred": 0.5090013380506946
    },
    "ParkPlay_1920x1080_50fps_vp9.webm": {
        "psnr": 30.89736,
        "ssim": 0.7985,
        "vmaf": 61.415835619999996,
        "fvd": 77.07571300820064,
        "st_rred": 11.94769382288413
    },
    "PlasmaAveragePan_1920x1080_60fps_vp9.webm": {
        "psnr": 44.299099999999996,
        "ssim": 0.9880066666666666,
        "vmaf": 79.62062983333334,
        "fvd": 8.618021214910883,
        "st_rred": 0.13764963067047864
    },
    "PlasmaSlowRandom_1920x1080_60fps_vp9.webm": {
        "psnr": 53.8584,
        "ssim": 0.9981333333333333,
        "vmaf": 90.23439334333334,
        "fvd": 1.2316415999227672,
        "st_rred": 0.024805765316831208
    },
    "RockWater_1920x1080_30fps_vp9.webm": {
        "psnr": 33.991800000000005,
        "ssim": 0.93966,
        "vmaf": 76.74713674,
        "fvd": 73.63908110172088,
        "st_rred": 2.720021672604748
    },
    "RockWave_1920x1080_30fps_vp9.webm": {
        "psnr": 26.665266666666668,
        "ssim": 0.8270933333333333,
        "vmaf": 42.566106086666665,
        "fvd": 184.975468109664,
        "st_rred": 10.496631872419353
    },
    "Rowing_1920x1080_30fps_vp9.webm": {
        "psnr": 30.243866666666666,
        "ssim": 0.8412733333333333,
        "vmaf": 39.37301174,
        "fvd": 229.1421674635169,
        "st_rred": 8.790861584301727
    },
    "SmokeGuns_1920x1080_60fps_vp9.webm": {
        "psnr": 40.56126666666666,
        "ssim": 0.9567066666666667,
        "vmaf": 79.80005182666666,
        "fvd": 28.365646262582004,
        "st_rred": 1.650603185364968
    },
    "Surfers_1920x1080_30fps_vp9.webm": {
        "psnr": 36.54066666666667,
        "ssim": 0.9399333333333334,
        "vmaf": 74.2144809,
        "fvd": 75.23990213457944,
        "st_rred": 2.7452266472988676
    },
    "Toys_1920x1080_30fps_vp9.webm": {
        "psnr": 36.23166666666667,
        "ssim": 0.94254,
        "vmaf": 89.93429412,
        "fvd": 36.49836781046042,
        "st_rred": 2.4911263346003523
    },
    "TreeGrassFamily_1920x1080_30fps_vp9.webm": {
        "psnr": 30.4288,
        "ssim": 0.8596133333333333,
        "vmaf": 51.54843606666667,
        "fvd": 137.27325383495952,
        "st_rred": 6.259803929661388
    },
    "TreeTrunk_1920x1080_50fps_vp9.webm": {
        "psnr": 35.2928,
        "ssim": 0.934052,
        "vmaf": 99.59524667199999,
        "fvd": 5.848330912049846,
        "st_rred": 4.113255841467719
    },
    "Typing_1920x1080_60fps_vp9.webm": {
        "psnr": 44.833866666666665,
        "ssim": 0.9821433333333333,
        "vmaf": 91.70653264666666,
        "fvd": 13.109662743058237,
        "st_rred": 0.6696135135594297
    }
}