{
    "Beauty_1920x1080_120fps_420_8bit_YUV_vp9.webm": {
        "psnr": 39.636716666666665,
        "ssim": 0.9089999999999999,
        "vmaf": 85.31138624
    },
    "Bosphorus_1920x1080_120fps_420_8bit_YUV_vp9.webm": {
        "psnr": 43.38388333333334,
        "ssim": 0.9732083333333332,
        "vmaf": 91.55861956833333
    },
    "HoneyBee_1920x1080_120fps_420_8bit_YUV_vp9.webm": {
        "psnr": 43.56268333333333,
        "ssim": 0.9711716666666667,
        "vmaf": 93.41341973166666
    },
    "Jockey_1920x1080_120fps_420_8bit_YUV_vp9.webm": {
        "psnr": 43.289883333333336,
        "ssim": 0.9649266666666667,
        "vmaf": 97.60017885333333
    },
    "ReadySteadyGo_1920x1080_120fps_420_8bit_YUV_vp9.webm": {
        "psnr": 39.3973,
        "ssim": 0.9594283333333332,
        "vmaf": 98.20818759000001
    },
    "ShakeNDry_1920x1080_120fps_420_8bit_YUV_vp9.webm": {
        "psnr": 39.765166666666666,
        "ssim": 0.9448866666666667,
        "vmaf": 80.99586339
    },
    "YachtRide_1920x1080_120fps_420_8bit_YUV_vp9.webm": {
        "psnr": 36.734316666666665,
        "ssim": 0.9281383333333334,
        "vmaf": 75.49889652666666
    }
}