{
    "BallUnderWater_1920x1080_60fps_h264.mp4": {
        "psnr": 46.389966666666666,
        "ssim": 0.9850133333333334,
        "vmaf": 94.86205669,
        "fvd": 4.618018439622517,
        "st_rred": 0.7154499796346183
    },
    "Bookcase_1920x1080_60fps_h264.mp4": {
        "psnr": 43.4665,
        "ssim": 0.9834966666666666,
        "vmaf": 99.98033777666666,
        "fvd": 1.1343928780406713,
        "st_rred": 0.13490900079956702
    },
    "Boxing_1920x1080_30fps_h264.mp4": {
        "psnr": 43.1,
        "ssim": 0.9734466666666667,
        "vmaf": 99.96267572,
        "fvd": 5.603815677737202,
        "st_rred": 1.7481294196823143
    },
    "BricksLeaves_1920x1080_60fps_h264.mp4": {
        "psnr": 36.99293333333333,
        "ssim": 0.9631533333333332,
        "vmaf": 95.90506072333334,
        "fvd": 5.538486551567928,
        "st_rred": 2.4665149481252655
    },
    "BridgeRiver_1920x1080_30fps_h264.mp4": {
        "psnr": 36.172133333333335,
        "ssim": 0.9571133333333334,
        "vmaf": 92.19847810666666,
        "fvd": 47.88764561985812,
        "st_rred": 2.9307162689535176
    },
    "BubblesPitcher_1920x1080_60fps_h264.mp4": {
        "psnr": 44.585100000000004,
        "ssim": 0.9779533333333332,
        "vmaf": 86.5082258,
        "fvd": 14.401119352567093,
        "st_rred": 0.8065180428352567
    },
    "CalmingWater_1920x1080_60fps_h264.mp4": {
        "psnr": 31.640333333333334,
        "ssim": 0.8106633333333334,
        "vmaf": 51.283185753333335,
        "fvd": 19.754191314831587,
        "st_rred": 4.8861637830727815
    },
    "CarpetCircleFast_1920x1080_60fps_h264.mp4": {
        "psnr": 44.5036,
        "ssim": 0.9723333333333333,
        "vmaf": 86.52707450999999,
        "fvd": 1.404899400191539,
        "st_rred": 0.5375258959047287
    },
    "CloudsZoom_1920x1080_60fps_h264.mp4": {
        "psnr": 61.6701,
        "ssim": 0.9992133333333334,
        "vmaf": 95.21470523333333,
        "fvd": 0.03204519131582195,
        "st_rred": 0.004159276570908421
    },
    "DiverFishAndRock_1920x1080_30fps_h264.mp4": {
        "psnr": 43.983333333333334,
        "ssim": 0.98198,
        "vmaf": 99.13194114666666,
        "fvd": 6.005417820895218,
        "st_rred": 0.9869847007743662
    },
    "Diver_1920x1080_30fps_h264.mp4": {
        "psnr": 46.89333333333333,
        "ssim": 0.9828466666666666,
        "vmaf": 97.24267332666666,
        "fvd": 9.698217129075601,
        "st_rred": 0.7216376973461642
    },
    "FishAndRock_1920x1080_30fps_h264.mp4": {
        "psnr": 42.5336,
        "ssim": 0.9761066666666667,
        "vmaf": 97.53234220666667,
        "fvd": 10.494414879417832,
        "st_rred": 0.9461233489898397
    },
    "Fountain_1920x1080_50fps_h264.mp4": {
        "psnr": 35.18764,
        "ssim": 0.8579840000000001,
        "vmaf": 76.141477844,
        "fvd": 73.61460305766786,
        "st_rred": 7.252392300296869
    },
    "Grass_1920x1080_60fps_h264.mp4": {
        "psnr": 34.9242,
        "ssim": 0.9398666666666666,
        "vmaf": 85.28797662666666,
        "fvd": 12.328956448877562,
        "st_rred": 3.0677176887743975
    },
    "Hamster_1920x1080_60fps_h264.mp4": {
        "psnr": 45.56096666666667,
        "ssim": 0.9889133333333333,
        "vmaf": 99.12343122333333,
        "fvd": 1.989151597136697,
        "st_rred": 0.28903242493410986
    },
    "KineticFastPainting_1920x1080_60fps_h264.mp4": {
        "psnr": 38.1181,
        "ssim": 0.9486833333333332,
        "vmaf": 93.37075769,
        "fvd": 4.225951950055361,
        "st_rred": 0.8010308323053899
    },
    "Lightreef_1920x1080_30fps_h264.mp4": {
        "psnr": 34.16993333333333,
        "ssim": 0.9203866666666666,
        "vmaf": 91.83235163333333,
        "fvd": 28.778680624749086,
        "st_rred": 2.8387774704304434
    },
    "MartialArts_1920x1080_60fps_h264.mp4": {
        "psnr": 50.00946666666667,
        "ssim": 0.9939833333333333,
        "vmaf": 96.21553642,
        "fvd": 2.67643674324745,
        "st_rred": 0.24030904226149818
    },
    "Music_1920x1080_30fps_h264.mp4": {
        "psnr": 44.51586666666667,
        "ssim": 0.9769733333333332,
        "vmaf": 98.06580516666666,
        "fvd": 7.842464135389491,
        "st_rred": 1.1426610209179202
    },
    "PaintingTilting_1920x1080_60fps_h264.mp4": {
        "psnr": 37.41683333333333,
        "ssim": 0.9724399999999999,
        "vmaf": 99.98091690333334,
        "fvd": 6.348651553201364,
        "st_rred": 0.8951429464276401
    },
    "ParkPlay_1920x1080_50fps_h264.mp4": {
        "psnr": 34.658480000000004,
        "ssim": 0.890648,
        "vmaf": 90.706936712,
        "fvd": 17.424145107752338,
        "st_rred": 5.52720469255107
    },
    "PlasmaAveragePan_1920x1080_60fps_h264.mp4": {
        "psnr": 52.43496666666667,
        "ssim": 0.9977033333333333,
        "vmaf": 96.9786442,
        "fvd": 0.4626399731708375,
        "st_rred": 0.01189948796227469
    },
    "PlasmaSlowRandom_1920x1080_60fps_h264.mp4": {
        "psnr": 65.6888,
        "ssim": 1.0,
        "vmaf": 97.66314817,
        "fvd": 0.04015232873652508,
        "st_rred": 0.0012612563569235347
    },
    "RockWater_1920x1080_30fps_h264.mp4": {
        "psnr": 38.94446666666667,
        "ssim": 0.9754533333333332,
        "vmaf": 99.69132345999999,
        "fvd": 9.05070806106255,
        "st_rred": 1.0353577411222261
    },
    "RockWave_1920x1080_30fps_h264.mp4": {
        "psnr": 30.7542,
        "ssim": 0.9215,
        "vmaf": 77.55491924666666,
        "fvd": 54.376834466690184,
        "st_rred": 3.764383675938017
    },
    "Rowing_1920x1080_30fps_h264.mp4": {
        "psnr": 34.3926,
        "ssim": 0.9205266666666667,
        "vmaf": 79.33174956666667,
        "fvd": 57.74647182869603,
        "st_rred": 3.418413720542638
    },
    "SmokeGuns_1920x1080_60fps_h264.mp4": {
        "psnr": 43.19886666666667,
        "ssim": 0.9714999999999999,
        "vmaf": 90.81901498333333,
        "fvd": 14.509488887848306,
        "st_rred": 1.2364853911938116
    },
    "Surfers_1920x1080_30fps_h264.mp4": {
        "psnr": 41.63153333333333,
        "ssim": 0.97432,
        "vmaf": 96.05816778,
        "fvd": 16.190427333647904,
        "st_rred": 1.5287249058365795
    },
    "Toys_1920x1080_30fps_h264.mp4": {
        "psnr": 40.050133333333335,
        "ssim": 0.9710599999999999,
        "vmaf": 99.96861437333332,
        "fvd": 8.826436892961738,
        "st_rred": 1.0983622347284339
    },
    "TreeGrassFamily_1920x1080_30fps_h264.mp4": {
        "psnr": 35.26873333333334,
        "ssim": 0.9383,
        "vmaf": 84.56485991333334,
        "fvd": 49.791189001234784,
        "st_rred": 3.2495498755851706
    },
    "TreeTrunk_1920x1080_50fps_h264.mp4": {
        "psnr": 32.675560000000004,
        "ssim": 0.8993720000000001,
        "vmaf": 95.02404727199999,
        "fvd": 11.871224549308408,
        "st_rred": 5.388897944927862
    },
    "Typing_1920x1080_60fps_h264.mp4": {
        "psnr": 47.104166666666664,
        "ssim": 0.9887800000000001,
        "vmaf": 95.54451389,
        "fvd": 5.46510604619948,
        "st_rred": 0.4427553844820524
    }
}