{
    "BallUnderWater_1920x1080_60fps_vp9.webm": {
        "psnr": 44.89783333333333,
        "ssim": 0.98153,
        "vmaf": 90.07964336666667,
        "fvd": 11.893475037640087
    },
    "Bookcase_1920x1080_60fps_vp9.webm": {
        "psnr": 42.647,
        "ssim": 0.9794499999999999,
        "vmaf": 99.97440152,
        "fvd": 0.9324953364362045
    },
    "Boxing_1920x1080_30fps_vp9.webm": {
        "psnr": 41.6738,
        "ssim": 0.9677533333333332,
        "vmaf": 98.58134478666666,
        "fvd": 9.864483379500143
    },
    "BricksLeaves_1920x1080_60fps_vp9.webm": {
        "psnr": 33.664233333333335,
        "ssim": 0.9293666666666667,
        "vmaf": 83.35072612333333,
        "fvd": 21.43572736436556
    },
    "BridgeRiver_1920x1080_30fps_vp9.webm": {
        "psnr": 31.471200000000003,
        "ssim": 0.9135733333333333,
        "vmaf": 69.75648982,
        "fvd": 168.87222181913506
    },
    "BubblesPitcher_1920x1080_60fps_vp9.webm": {
        "psnr": 42.17503333333333,
        "ssim": 0.9624199999999999,
        "vmaf": 72.51272629666666,
        "fvd": 67.04440089097716
    },
    "CalmingWater_1920x1080_60fps_vp9.webm": {
        "psnr": 30.010933333333334,
        "ssim": 0.7560066666666666,
        "vmaf": 40.91817854333333,
        "fvd": 45.61565711924362
    },
    "CarpetCircleFast_1920x1080_60fps_vp9.webm": {
        "psnr": 44.17276666666667,
        "ssim": 0.97005,
        "vmaf": 85.01406184333332,
        "fvd": 1.0008757427872865
    },
    "CloudsZoom_1920x1080_60fps_vp9.webm": {
        "psnr": 56.2828,
        "ssim": 0.9980466666666666,
        "vmaf": 92.65564905000001,
        "fvd": 0.15585621242323278
    },
    "DiverFishAndRock_1920x1080_30fps_vp9.webm": {
        "psnr": 42.019533333333335,
        "ssim": 0.9750333333333333,
        "vmaf": 94.49633522,
        "fvd": 15.934445542032108
    },
    "Diver_1920x1080_30fps_vp9.webm": {
        "psnr": 46.43433333333333,
        "ssim": 0.9824666666666667,
        "vmaf": 95.93546109333333,
        "fvd": 14.930858646044726
    },
    "FishAndRock_1920x1080_30fps_vp9.webm": {
        "psnr": 41.148199999999996,
        "ssim": 0.9682,
        "vmaf": 92.39647122,
        "fvd": 28.58420456732142
    },
    "Fountain_1920x1080_50fps_vp9.webm": {
        "psnr": 34.06428,
        "ssim": 0.8267279999999999,
        "vmaf": 63.145997696,
        "fvd": 168.55801284083554
    },
    "Grass_1920x1080_60fps_vp9.webm": {
        "psnr": 32.70353333333333,
        "ssim": 0.9078266666666667,
        "vmaf": 74.42730140666667,
        "fvd": 8.01078817110573
    },
    "Hamster_1920x1080_60fps_vp9.webm": {
        "psnr": 42.754666666666665,
        "ssim": 0.97988,
        "vmaf": 95.02207342666667,
        "fvd": 7.388064394254911
    },
    "KineticFastPainting_1920x1080_60fps_vp9.webm": {
        "psnr": 34.916866666666664,
        "ssim": 0.9009699999999999,
        "vmaf": 75.66484419333334,
        "fvd": 12.676995422928997
    },
    "Lightreef_1920x1080_30fps_vp9.webm": {
        "psnr": 32.275400000000005,
        "ssim": 0.8826533333333333,
        "vmaf": 80.97754626000001,
        "fvd": 35.98029607669537
    },
    "MartialArts_1920x1080_60fps_vp9.webm": {
        "psnr": 48.52633333333333,
        "ssim": 0.9910433333333333,
        "vmaf": 95.86251956333334,
        "fvd": 5.203817703065056
    },
    "Music_1920x1080_30fps_vp9.webm": {
        "psnr": 42.952999999999996,
        "ssim": 0.9700066666666667,
        "vmaf": 93.93816706,
        "fvd": 20.475604260001546
    },
    "PaintingTilting_1920x1080_60fps_vp9.webm": {
        "psnr": 37.104366666666664,
        "ssim": 0.9684099999999999,
        "vmaf": 99.97757412666667,
        "fvd": 3.7253085026055714
    },
    "ParkPlay_1920x1080_50fps_vp9.webm": {
        "psnr": 32.21052,
        "ssim": 0.8339,
        "vmaf": 72.804549716,
        "fvd": 46.26057382051454
    },
    "PlasmaAveragePan_1920x1080_60fps_vp9.webm": {
        "psnr": 46.469233333333335,
        "ssim": 0.9916133333333332,
        "vmaf": 86.8507673,
        "fvd": 4.04901302025948
    },
    "PlasmaSlowRandom_1920x1080_60fps_vp9.webm": {
        "psnr": 56.3744,
        "ssim": 0.9990333333333332,
        "vmaf": 93.19305132333334,
        "fvd": 0.6647047441580298
    },
    "RockWater_1920x1080_30fps_vp9.webm": {
        "psnr": 35.6178,
        "ssim": 0.9538666666666665,
        "vmaf": 85.05964328666666,
        "fvd": 42.514497393478905
    },
    "RockWave_1920x1080_30fps_vp9.webm": {
        "psnr": 27.383733333333335,
        "ssim": 0.84244,
        "vmaf": 47.63896052,
        "fvd": 152.1342590087886
    },
    "Rowing_1920x1080_30fps_vp9.webm": {
        "psnr": 31.436266666666665,
        "ssim": 0.8616800000000001,
        "vmaf": 49.167517233333335,
        "fvd": 158.81868408323862
    },
    "SmokeGuns_1920x1080_60fps_vp9.webm": {
        "psnr": 41.66943333333333,
        "ssim": 0.96276,
        "vmaf": 85.25551019,
        "fvd": 17.54848778381222
    },
    "Surfers_1920x1080_30fps_vp9.webm": {
        "psnr": 37.98806666666667,
        "ssim": 0.9525466666666667,
        "vmaf": 81.36884624666666,
        "fvd": 56.61068329259672
    },
    "Toys_1920x1080_30fps_vp9.webm": {
        "psnr": 37.85393333333334,
        "ssim": 0.9557666666666665,
        "vmaf": 96.28488574666667,
        "fvd": 24.10894524924879
    },
    "TreeGrassFamily_1920x1080_30fps_vp9.webm": {
        "psnr": 31.597600000000003,
        "ssim": 0.8822733333333334,
        "vmaf": 59.05098074,
        "fvd": 93.08378083239234
    },
    "TreeTrunk_1920x1080_50fps_vp9.webm": {
        "psnr": 35.90868,
        "ssim": 0.940592,
        "vmaf": 99.92739555200001,
        "fvd": 4.288074468225375
    },
    "Typing_1920x1080_60fps_vp9.webm": {
        "psnr": 45.969699999999996,
        "ssim": 0.9855100000000001,
        "vmaf": 93.75516702666667,
        "fvd": 7.499134786613411
    }
}