{
    "BasketballDrive_1920x1080_50_vp9.webm": {
        "psnr": 38.938019999999995,
        "ssim": 0.934744,
        "vmaf": 98.58918787399999
    },
    "BQTerrace_1920x1080_60_vp9.webm": {
        "psnr": 36.46713333333333,
        "ssim": 0.9173950000000001,
        "vmaf": 96.61559433666666
    },
    "Cactus_1920x1080_50_vp9.webm": {
        "psnr": 38.13794,
        "ssim": 0.928262,
        "vmaf": 95.092186712
    },
    "Kimono_1920x1080_24_vp9.webm": {
        "psnr": 43.02091666666667,
        "ssim": 0.965925,
        "vmaf": 98.62484506666667
    },
    "ParkScene_1920x1080_24_vp9.webm": {
        "psnr": 40.93625,
        "ssim": 0.9605583333333333,
        "vmaf": 96.76487477083333
    }
}