{
    "Bosphorus_1920x1080_120fps_420_8bit_YUV_hevc.mp4": {
        "psnr": 40.87605,
        "ssim": 0.9574283333333333,
        "vmaf": 85.67952355666667,
        "tssim": 0.9495730297760132,
        "tpsnr": 38.9998213906519,
        "fvd": 34.448418482953,
        "movie_index": 0.5859955001952055,
        "st_rred": 14.338850586777486
    },
    "HoneyBee_1920x1080_120fps_420_8bit_YUV_hevc.mp4": {
        "psnr": 42.74993333333333,
        "ssim": 0.9662516666666666,
        "vmaf": 92.78963396833333,
        "tssim": 0.9612998433753142,
        "tpsnr": 41.21112890354978,
        "fvd": 14.717357182358228,
        "movie_index": 0.3637481138906216,
        "st_rred": 30.52438753538938
    },
    "Jockey_1920x1080_120fps_420_8bit_YUV_hevc.mp4": {
        "psnr": 40.705616666666664,
        "ssim": 0.9479266666666666,
        "vmaf": 90.782618665,
        "tssim": 0.9250142539955496,
        "tpsnr": 34.72802588856081,
        "fvd": 7.125070673011123,
        "movie_index": 1.9650794071128252,
        "st_rred": 23.292127801350347
    },
    "ReadySteadyGo_1920x1080_120fps_420_8bit_YUV_hevc.mp4": {
        "psnr": 35.20896666666667,
        "ssim": 0.9189833333333333,
        "vmaf": 85.16158014999999,
        "tssim": 0.8946467328466136,
        "tpsnr": 30.764757710426597,
        "fvd": 39.25587873880204,
        "movie_index": 2.2133638757298106,
        "st_rred": 24.52318897816609
    },
    "ShakeNDry_1920x1080_120fps_420_8bit_YUV_hevc.mp4": {
        "psnr": 36.97736666666666,
        "ssim": 0.90644,
        "vmaf": 71.35854644333334,
        "tssim": 0.8801280489948273,
        "tpsnr": 34.29685740008402,
        "fvd": 76.25524562519058,
        "movie_index": 0.9468818961527435,
        "st_rred": 20.410003909970396
    },
    "YachtRide_1920x1080_120fps_420_8bit_YUV_hevc.mp4": {
        "psnr": 33.965333333333334,
        "ssim": 0.8933216666666668,
        "vmaf": 60.283828968333324,
        "tssim": 0.8604803903618511,
        "tpsnr": 31.332103993538425,
        "fvd": 109.78668461651773,
        "movie_index": 1.6534592656042422,
        "st_rred": 15.006005497271904
    },
    "Beauty_1920x1080_120fps_420_8bit_YUV_hevc.mp4": {
        "psnr": 38.789366666666666,
        "ssim": 0.8985550000000001,
        "vmaf": 79.38336874166667,
        "tssim": 0.8972638947025197,
        "tpsnr": 37.35219557416658,
        "fvd": 65.96993159383447,
        "movie_index": 2.079904467116214,
        "st_rred": 10.577520950202551
    }
}