{
    "BallUnderWater_1920x1080_60fps_vp9.webm": {
        "psnr": 47.68873333333334,
        "ssim": 0.98709,
        "vmaf": 98.61304004,
        "fvd": 5.369346381359321,
        "st_rred": 0.6389329946701618
    },
    "Bookcase_1920x1080_60fps_vp9.webm": {
        "psnr": 44.79343333333333,
        "ssim": 0.9856066666666667,
        "vmaf": 99.98386788333333,
        "fvd": 0.37448969758497697,
        "st_rred": 0.08022079802187676
    },
    "Boxing_1920x1080_30fps_vp9.webm": {
        "psnr": 43.91506666666667,
        "ssim": 0.9754933333333332,
        "vmaf": 99.96909332666667,
        "fvd": 5.485284002880917,
        "st_rred": 2.3056923590396927
    },
    "BricksLeaves_1920x1080_60fps_vp9.webm": {
        "psnr": 37.87346666666667,
        "ssim": 0.9658833333333333,
        "vmaf": 94.90216119666667,
        "fvd": 3.872143040532194,
        "st_rred": 2.069100773164063
    },
    "BridgeRiver_1920x1080_30fps_vp9.webm": {
        "psnr": 35.37126666666666,
        "ssim": 0.9487066666666666,
        "vmaf": 86.44422718666668,
        "fvd": 70.21647312361563,
        "st_rred": 3.7028135410193492
    },
    "BubblesPitcher_1920x1080_60fps_vp9.webm": {
        "psnr": 45.67156666666666,
        "ssim": 0.9786600000000001,
        "vmaf": 88.47975563,
        "fvd": 27.3866579282344,
        "st_rred": 0.8267838277153281
    },
    "CalmingWater_1920x1080_60fps_vp9.webm": {
        "psnr": 33.1409,
        "ssim": 0.83784,
        "vmaf": 63.83018550333333,
        "fvd": 13.173094509942757,
        "st_rred": 4.158739553441173
    },
    "CarpetCircleFast_1920x1080_60fps_vp9.webm": {
        "psnr": 45.82556666666667,
        "ssim": 0.9776766666666666,
        "vmaf": 91.73602646666666,
        "fvd": 0.8986389155692507,
        "st_rred": 0.24524329035958203
    },
    "CloudsZoom_1920x1080_60fps_vp9.webm": {
        "psnr": 60.69076666666667,
        "ssim": 0.9989966666666668,
        "vmaf": 95.17713950666666,
        "fvd": 0.1155020313811459,
        "st_rred": 0.012644026577790068
    },
    "DiverFishAndRock_1920x1080_30fps_vp9.webm": {
        "psnr": 44.7626,
        "ssim": 0.9836933333333333,
        "vmaf": 99.67523938,
        "fvd": 8.165832210765757,
        "st_rred": 1.644524834631424
    },
    "Diver_1920x1080_30fps_vp9.webm": {
        "psnr": 47.907266666666665,
        "ssim": 0.9856733333333333,
        "vmaf": 98.30320393333332,
        "fvd": 10.71296881635135,
        "st_rred": 1.7137584356529842
    },
    "FishAndRock_1920x1080_30fps_vp9.webm": {
        "psnr": 43.315133333333335,
        "ssim": 0.9783000000000001,
        "vmaf": 98.26488077333333,
        "fvd": 9.891244463897351,
        "st_rred": 1.6036356667909537
    },
    "Fountain_1920x1080_50fps_vp9.webm": {
        "psnr": 35.91632,
        "ssim": 0.8714679999999999,
        "vmaf": 79.345618032,
        "fvd": 74.95451874628156,
        "st_rred": 7.483825571127095
    },
    "Grass_1920x1080_60fps_vp9.webm": {
        "psnr": 35.71103333333333,
        "ssim": 0.9488366666666667,
        "vmaf": 85.11230531,
        "fvd": 3.841213186040889,
        "st_rred": 2.346786574364394
    },
    "Hamster_1920x1080_60fps_vp9.webm": {
        "psnr": 46.300866666666664,
        "ssim": 0.9888766666666667,
        "vmaf": 99.80348512666666,
        "fvd": 2.115504705820399,
        "st_rred": 0.14061313517624008
    },
    "KineticFastPainting_1920x1080_60fps_vp9.webm": {
        "psnr": 39.59513333333334,
        "ssim": 0.9551466666666666,
        "vmaf": 98.54451933666667,
        "fvd": 2.55258872138225,
        "st_rred": 0.002347184867769414
    },
    "Lightreef_1920x1080_30fps_vp9.webm": {
        "psnr": 34.806666666666665,
        "ssim": 0.9212133333333334,
        "vmaf": 92.91791445333334,
        "fvd": 23.910027028685363,
        "st_rred": 3.3759055779096556
    },
    "MartialArts_1920x1080_60fps_vp9.webm": {
        "psnr": 51.1535,
        "ssim": 0.9943400000000001,
        "vmaf": 98.02059326,
        "fvd": 1.9872142329249982,
        "st_rred": 0.1812594645259571
    },
    "Music_1920x1080_30fps_vp9.webm": {
        "psnr": 45.13053333333333,
        "ssim": 0.9780666666666668,
        "vmaf": 98.46280028666666,
        "fvd": 7.967573051173531,
        "st_rred": 1.4725778846718196
    },
    "PaintingTilting_1920x1080_60fps_vp9.webm": {
        "psnr": 38.07946666666667,
        "ssim": 0.9741599999999999,
        "vmaf": 99.98476992666667,
        "fvd": 3.15604183557582,
        "st_rred": 0.564137689234613
    },
    "ParkPlay_1920x1080_50fps_vp9.webm": {
        "psnr": 35.158,
        "ssim": 0.894124,
        "vmaf": 92.174303324,
        "fvd": 19.225738279191546,
        "st_rred": 6.81393587876196
    },
    "PlasmaAveragePan_1920x1080_60fps_vp9.webm": {
        "psnr": 51.8579,
        "ssim": 0.99697,
        "vmaf": 96.05819784,
        "fvd": 0.9762256066148751,
        "st_rred": 0.037825709734609525
    },
    "PlasmaSlowRandom_1920x1080_60fps_vp9.webm": {
        "psnr": Infinity,
        "ssim": 0.9999733333333334,
        "vmaf": 97.44747530333333,
        "fvd": 0.03967274575688862,
        "st_rred": 0.005802555274698307
    },
    "RockWater_1920x1080_30fps_vp9.webm": {
        "psnr": 39.265,
        "ssim": 0.9747799999999999,
        "vmaf": 98.96595772666666,
        "fvd": 12.940991549021646,
        "st_rred": 1.338906093391813
    },
    "RockWave_1920x1080_30fps_vp9.webm": {
        "psnr": 30.7772,
        "ssim": 0.9076066666666666,
        "vmaf": 72.56637014,
        "fvd": 75.90670862129946,
        "st_rred": 5.968797172206003
    },
    "Rowing_1920x1080_30fps_vp9.webm": {
        "psnr": 34.907333333333334,
        "ssim": 0.91396,
        "vmaf": 74.74547284,
        "fvd": 85.34015732041576,
        "st_rred": 4.602329488470808
    },
    "SmokeGuns_1920x1080_60fps_vp9.webm": {
        "psnr": 43.87363333333333,
        "ssim": 0.97238,
        "vmaf": 92.46089989333333,
        "fvd": 7.639399371396848,
        "st_rred": 1.1700509470332348
    },
    "Surfers_1920x1080_30fps_vp9.webm": {
        "psnr": 41.665533333333336,
        "ssim": 0.9734866666666666,
        "vmaf": 95.10745326666667,
        "fvd": 16.32644351865156,
        "st_rred": 1.9194946107624258
    },
    "Toys_1920x1080_30fps_vp9.webm": {
        "psnr": 40.77646666666667,
        "ssim": 0.9721,
        "vmaf": 99.96905626666667,
        "fvd": 9.912575955073862,
        "st_rred": 1.3063738354289214
    },
    "TreeGrassFamily_1920x1080_30fps_vp9.webm": {
        "psnr": 34.71953333333334,
        "ssim": 0.92712,
        "vmaf": 78.06361192,
        "fvd": 51.73883438783139,
        "st_rred": 3.461939199170736
    },
    "TreeTrunk_1920x1080_50fps_vp9.webm": {
        "psnr": 36.48968,
        "ssim": 0.945332,
        "vmaf": 99.976130152,
        "fvd": 3.065307590895827,
        "st_rred": 2.77398045521592
    },
    "Typing_1920x1080_60fps_vp9.webm": {
        "psnr": 48.100366666666666,
        "ssim": 0.9901066666666666,
        "vmaf": 96.13477791666666,
        "fvd": 2.9915417346729782,
        "st_rred": 0.32207487527010503
    }
}