{
    "BasketballDrive_1920x1080_50_hevc.mp4": {
        "psnr": 34.70242,
        "ssim": 0.8826240000000001,
        "vmaf": 78.659314514,
        "tssim": 0.858954356246614,
        "tpsnr": 31.69657682751367,
        "fvd": 33.19871248738377,
        "movie_index": 6.0616478156709,
        "st_rred": 6.397810610089781
    },
    "BQTerrace_1920x1080_60_hevc.mp4": {
        "psnr": 34.18991666666667,
        "ssim": 0.8873133333333334,
        "vmaf": 89.96551884499999,
        "tssim": 0.8802976231171827,
        "tpsnr": 32.81677264562234,
        "fvd": 91.29382046741489,
        "movie_index": 116.89033262701534,
        "st_rred": 9.0109455795453
    },
    "Cactus_1920x1080_50_hevc.mp4": {
        "psnr": 34.19458,
        "ssim": 0.87309,
        "vmaf": 78.33643089600001,
        "tssim": 0.8613496536760301,
        "tpsnr": 32.23550782748358,
        "fvd": 56.06706120060821,
        "movie_index": 43.565917953639804,
        "st_rred": 7.649878083648005
    },
    "Kimono_1920x1080_24_hevc.mp4": {
        "psnr": 39.37504166666667,
        "ssim": 0.9378,
        "vmaf": 88.09297173333333,
        "tssim": 0.930616269894599,
        "tpsnr": 37.196770129343456,
        "fvd": 25.578285206648843,
        "movie_index": 13.918322003130882,
        "st_rred": 3.4680248916746574
    },
    "ParkScene_1920x1080_24_hevc.mp4": {
        "psnr": 36.402125,
        "ssim": 0.9144041666666668,
        "vmaf": 86.48752887916666,
        "tssim": 0.9169867750834448,
        "tpsnr": 34.93542173218029,
        "fvd": 25.01282784593866,
        "movie_index": 9.418041664218553,
        "st_rred": 4.756863906093955
    }
}