{
    "Beauty_1920x1080_120fps_420_8bit_YUV_h264.mp4": {
        "psnr": 35.831066666666665,
        "ssim": 0.874765,
        "vmaf": 43.263875621666664,
        "tssim": 0.8533492449850993,
        "tpsnr": 33.18474340996082,
        "fvd": 171.34027189835643,
        "movie_index": 2.598181533445301,
        "st_rred": 9.964961816018462
    },
    "Bosphorus_1920x1080_120fps_420_8bit_YUV_h264.mp4": {
        "psnr": 35.63503333333333,
        "ssim": 0.90516,
        "vmaf": 51.41559959666667,
        "tssim": 0.8626285737771913,
        "tpsnr": 32.87080103089296,
        "fvd": 178.60344551584262,
        "movie_index": 1.3792383434975486,
        "st_rred": 13.997938026378442
    },
    "HoneyBee_1920x1080_120fps_420_8bit_YUV_h264.mp4": {
        "psnr": 37.854533333333336,
        "ssim": 0.9304449999999999,
        "vmaf": 68.33632279833334,
        "tssim": 0.9137063907257674,
        "tpsnr": 35.98596065947926,
        "fvd": 32.68934618427113,
        "movie_index": 0.7784304164088827,
        "st_rred": 29.818553717624496
    },
    "Jockey_1920x1080_120fps_420_8bit_YUV_h264.mp4": {
        "psnr": 32.889133333333334,
        "ssim": 0.8926683333333333,
        "vmaf": 39.016828051666664,
        "tssim": 0.834802356166298,
        "tpsnr": 27.373390220043458,
        "fvd": 455.29693263175795,
        "movie_index": 3.5696329536143447,
        "st_rred": 17.52941190535605
    },
    "ReadySteadyGo_1920x1080_120fps_420_8bit_YUV_h264.mp4": {
        "psnr": 28.556883333333335,
        "ssim": 0.81434,
        "vmaf": 38.95832878833333,
        "tssim": 0.7321629211230368,
        "tpsnr": 24.43483494040564,
        "fvd": 292.75473588885234,
        "movie_index": 4.668109996838243,
        "st_rred": 17.08875107817714
    },
    "ShakeNDry_1920x1080_120fps_420_8bit_YUV_h264.mp4": {
        "psnr": 33.3716,
        "ssim": 0.8475966666666667,
        "vmaf": 42.11092820666667,
        "tssim": 0.7958065641506278,
        "tpsnr": 30.545092011773864,
        "fvd": 238.8921694721571,
        "movie_index": 1.586090496999763,
        "st_rred": 19.031301601486156
    },
    "YachtRide_1920x1080_120fps_420_8bit_YUV_h264.mp4": {
        "psnr": 29.727600000000002,
        "ssim": 0.8163433333333333,
        "vmaf": 27.944622996666663,
        "tssim": 0.740992207988056,
        "tpsnr": 26.741525178759645,
        "fvd": 458.42831933339335,
        "movie_index": 2.6457918634597766,
        "st_rred": 13.295462164174598
    }
}