{
    "BasketballDrive_1920x1080_50_av1.mkv": {
        "psnr": 39.795480000000005,
        "ssim": 0.9437719999999999,
        "vmaf": 99.78091321,
        "fvd": 11.518127817848608,
        "tssim": 0.9281968982455981,
        "tpsnr": 36.44136786604214,
        "movie_index": 8.708490544067834,
        "st_rred": 5.877739059005357
    },
    "BQTerrace_1920x1080_60_av1.mkv": {
        "psnr": 37.238550000000004,
        "ssim": 0.9281483333333334,
        "vmaf": 98.00886748166667,
        "fvd": 42.663730623508854,
        "tssim": 0.920002981917929,
        "tpsnr": 35.86110328712527,
        "movie_index": 101.81921767157336,
        "st_rred": 8.039556708899909
    },
    "Cactus_1920x1080_50_av1.mkv": {
        "psnr": 39.07354,
        "ssim": 0.93777,
        "vmaf": 97.56107824200001,
        "fvd": 17.50893890789419,
        "tssim": 0.9371029297408058,
        "tpsnr": 37.6309708574253,
        "movie_index": 37.748209199903606,
        "st_rred": 6.485280590134742
    },
    "Kimono_1920x1080_24_av1.mkv": {
        "psnr": 43.645833333333336,
        "ssim": 0.9702458333333333,
        "vmaf": 99.05682124583333,
        "fvd": 6.822796026354354,
        "tssim": 0.9678858896487675,
        "tpsnr": 42.3932708037947,
        "movie_index": 11.98532971496612,
        "st_rred": 3.1330423111673156
    },
    "ParkScene_1920x1080_24_av1.mkv": {
        "psnr": 41.90991666666666,
        "ssim": 0.9677958333333333,
        "vmaf": 98.43919196666667,
        "fvd": 5.1168949649597835,
        "tssim": 0.967970144471668,
        "tpsnr": 40.87553284457538,
        "movie_index": 7.9389071679015535,
        "st_rred": 3.0581662119901125
    }
}