{
    "Bosphorus_1920x1080_120fps_420_8bit_YUV_hevc.mp4": {
        "psnr": 40.87605,
        "ssim": 0.9574283333333333,
        "vmaf": 85.67952355666667,
        "tssim": 0.9495730297760132,
        "tpsnr": 38.9998213906519,
        "fvd": 34.448418482953,
        "movie_index": 0.3552249746897782,
        "st_rred": 2.062116835436461
    },
    "HoneyBee_1920x1080_120fps_420_8bit_YUV_hevc.mp4": {
        "psnr": 42.74993333333333,
        "ssim": 0.9662516666666666,
        "vmaf": 92.78963396833333,
        "tssim": 0.9612998433753142,
        "tpsnr": 41.21112890354978,
        "fvd": 14.717357182358228,
        "movie_index": 0.35932292546672695,
        "st_rred": 3.7945319721048927
    },
    "Jockey_1920x1080_120fps_420_8bit_YUV_hevc.mp4": {
        "psnr": 40.705616666666664,
        "ssim": 0.9479266666666666,
        "vmaf": 90.782618665,
        "tssim": 0.9250142539955496,
        "tpsnr": 34.72802588856081,
        "fvd": 7.125070673011123,
        "movie_index": 1.2944548692249496,
        "st_rred": 2.5767185701654913
    },
    "ReadySteadyGo_1920x1080_120fps_420_8bit_YUV_hevc.mp4": {
        "psnr": 35.20896666666667,
        "ssim": 0.9189833333333333,
        "vmaf": 85.16158014999999,
        "tssim": 0.8946467328466136,
        "tpsnr": 30.764757710426597,
        "fvd": 39.25587873880204,
        "movie_index": 1.1852658999234884,
        "st_rred": 2.362345168068284
    },
    "ShakeNDry_1920x1080_120fps_420_8bit_YUV_hevc.mp4": {
        "psnr": 36.97736666666666,
        "ssim": 0.90644,
        "vmaf": 71.35854644333334,
        "tssim": 0.8801280489948273,
        "tpsnr": 34.29685740008402,
        "fvd": 76.25524562519058,
        "movie_index": 0.8125721103072565,
        "st_rred": 4.125272984751986
    },
    "YachtRide_1920x1080_120fps_420_8bit_YUV_hevc.mp4": {
        "psnr": 33.965333333333334,
        "ssim": 0.8933216666666668,
        "vmaf": 60.283828968333324,
        "tssim": 0.8604803903618511,
        "tpsnr": 31.332103993538425,
        "fvd": 109.78668461651773,
        "movie_index": 1.0665569077549075,
        "st_rred": 3.238326382378336
    },
    "Beauty_1920x1080_120fps_420_8bit_YUV_hevc.mp4": {
        "psnr": 38.789366666666666,
        "ssim": 0.8985550000000001,
        "vmaf": 79.38336874166667,
        "tssim": 0.8972638947025197,
        "tpsnr": 37.35219557416658,
        "fvd": 65.96993159383447,
        "movie_index": 2.079904467116214,
        "st_rred": 7.350456431640611
    }
}