{
    "Bosphorus_1920x1080_120fps_420_8bit_YUV_hevc.mp4": {
        "psnr": 39.45321666666667,
        "ssim": 0.94548,
        "vmaf": 79.66945203333333,
        "tssim": 0.8890637995336235,
        "tpsnr": 34.398301864904234,
        "fvd": 141.49336631886467
    },
    "HoneyBee_1920x1080_120fps_420_8bit_YUV_hevc.mp4": {
        "psnr": 42.18008333333333,
        "ssim": 0.9624033333333334,
        "vmaf": 90.964385205,
        "tssim": 0.939342459842825,
        "tpsnr": 38.43019928398833,
        "fvd": 21.638430489159248
    },
    "Jockey_1920x1080_120fps_420_8bit_YUV_hevc.mp4": {
        "psnr": 39.0259,
        "ssim": 0.9362483333333333,
        "vmaf": 80.76516501666666,
        "tssim": 0.865968975802262,
        "tpsnr": 29.302879960787713,
        "fvd": 99.01053896282292
    },
    "ReadySteadyGo_1920x1080_120fps_420_8bit_YUV_hevc.mp4": {
        "psnr": 33.16746666666666,
        "ssim": 0.8908450000000001,
        "vmaf": 72.73387089166667,
        "tssim": 0.7261785550944951,
        "tpsnr": 24.544294605669077,
        "fvd": 541.2084770636689
    },
    "ShakeNDry_1920x1080_120fps_420_8bit_YUV_hevc.mp4": {
        "psnr": 35.9152,
        "ssim": 0.8903666666666668,
        "vmaf": 64.94881922,
        "tssim": 0.807847733135485,
        "tpsnr": 30.962450652616877,
        "fvd": 299.2912196180487
    },
    "YachtRide_1920x1080_120fps_420_8bit_YUV_hevc.mp4": {
        "psnr": 32.68053333333333,
        "ssim": 0.8712633333333334,
        "vmaf": 51.10980266166666,
        "tssim": 0.7655103363079925,
        "tpsnr": 27.69464116422879,
        "fvd": 539.5667979287
    },
    "Beauty_1920x1080_120fps_420_8bit_YUV_hevc.mp4": {
        "psnr": 38.13271666666667,
        "ssim": 0.8926000000000001,
        "vmaf": 71.59783339666667,
        "tssim": 0.8874667682053123,
        "tpsnr": 36.3389424242838,
        "fvd": 69.16552624332724
    },
    "Beauty_1920x1080_120fps_420_8bit_YUV_h264.mp4": {
        "psnr": 36.51631666666667,
        "ssim": 0.8803966666666667,
        "vmaf": 50.401818051666666
    },
    "Bosphorus_1920x1080_120fps_420_8bit_YUV_h264.mp4": {
        "psnr": 36.577666666666666,
        "ssim": 0.9173283333333334,
        "vmaf": 58.916494740000005
    },
    "HoneyBee_1920x1080_120fps_420_8bit_YUV_h264.mp4": {
        "psnr": 38.80168333333333,
        "ssim": 0.9390433333333332,
        "vmaf": 74.57199683333333
    },
    "Jockey_1920x1080_120fps_420_8bit_YUV_h264.mp4": {
        "psnr": 34.260266666666666,
        "ssim": 0.9046783333333334,
        "vmaf": 46.925116958333334
    },
    "ReadySteadyGo_1920x1080_120fps_420_8bit_YUV_h264.mp4": {
        "psnr": 29.832483333333336,
        "ssim": 0.8424416666666668,
        "vmaf": 47.429058049999995
    },
    "ShakeNDry_1920x1080_120fps_420_8bit_YUV_h264.mp4": {
        "psnr": 34.2802,
        "ssim": 0.8652,
        "vmaf": 49.71459454666667
    },
    "YachtRide_1920x1080_120fps_420_8bit_YUV_h264.mp4": {
        "psnr": 30.481616666666667,
        "ssim": 0.8320883333333333,
        "vmaf": 33.130548096666665
    }
}