{
    "BasketballDrive_1920x1080_50_vp9.webm": {
        "psnr": 38.1999,
        "ssim": 0.928266,
        "vmaf": 96.122376348,
        "tssim": 0.9126236083538808,
        "tpsnr": 35.579599185553725,
        "fvd": 16.46595077273446,
        "movie_index": 8.293694947668929,
        "st_rred": 5.489818560597275
    },
    "BQTerrace_1920x1080_60_vp9.webm": {
        "psnr": 36.075716666666665,
        "ssim": 0.9134583333333334,
        "vmaf": 95.96721906166667,
        "tssim": 0.9093054369008347,
        "tpsnr": 35.11506608252931,
        "fvd": 39.050249933830855,
        "movie_index": 101.61456213243467,
        "st_rred": 7.433258944197981
    },
    "Cactus_1920x1080_50_vp9.webm": {
        "psnr": 37.56654,
        "ssim": 0.922752,
        "vmaf": 93.042301712,
        "tssim": 0.9185917119204321,
        "tpsnr": 35.974279934992055,
        "fvd": 17.277741601123694,
        "movie_index": 39.11788055557526,
        "st_rred": 6.229506679346347
    },
    "Kimono_1920x1080_24_vp9.webm": {
        "psnr": 42.29391666666667,
        "ssim": 0.9615375,
        "vmaf": 97.1503664,
        "tssim": 0.9579244370272709,
        "tpsnr": 40.86690583488432,
        "fvd": 9.357136744498803,
        "movie_index": 12.007471551175646,
        "st_rred": 3.19134289243698
    },
    "ParkScene_1920x1080_24_vp9.webm": {
        "psnr": 39.973499999999994,
        "ssim": 0.9542208333333332,
        "vmaf": 95.11038057916667,
        "tssim": 0.9534785685102677,
        "tpsnr": 38.90278695717018,
        "fvd": 7.193153078973182,
        "movie_index": 8.626949833386488,
        "st_rred": 2.974635334122027
    }
}