{
    "Beauty_1920x1080_120fps_420_8bit_YUV_h264.mp4": {
        "psnr": 12.970533333333332,
        "ssim": 0.6643399999999999,
        "vmaf": 4.4284092416666665
    },
    "Bosphorus_1920x1080_120fps_420_8bit_YUV_h264.mp4": {
        "psnr": 12.47125,
        "ssim": 0.64641,
        "vmaf": 8.341665313333333
    },
    "HoneyBee_1920x1080_120fps_420_8bit_YUV_h264.mp4": {
        "psnr": 15.395349999999999,
        "ssim": 0.6127583333333333,
        "vmaf": 6.354240876666667
    },
    "Jockey_1920x1080_120fps_420_8bit_YUV_h264.mp4": {
        "psnr": 37.29108333333333,
        "ssim": 0.9281883333333334,
        "vmaf": 64.39329805666667
    },
    "ReadySteadyGo_1920x1080_120fps_420_8bit_YUV_h264.mp4": {
        "psnr": 12.667683333333333,
        "ssim": 0.5803083333333333,
        "vmaf": 17.537716243333335
    },
    "ShakeNDry_1920x1080_120fps_420_8bit_YUV_h264.mp4": {
        "psnr": 14.867216666666666,
        "ssim": 0.5707350000000001,
        "vmaf": 7.566877496666666
    },
    "YachtRide_1920x1080_120fps_420_8bit_YUV_h264.mp4": {
        "psnr": 11.308316666666666,
        "ssim": 0.6249133333333333,
        "vmaf": 9.224438546666667
    }
}