{
    "BallUnderWater_1920x1080_60fps_hevc.mp4": {
        "psnr": 43.69853333333333,
        "ssim": 0.9773133333333334,
        "vmaf": 87.99613900333334,
        "fvd": 9.999275825042275,
        "st_rred": 0.7025140288766902,
        "movie_index": 0.483126110057767
    },
    "Bookcase_1920x1080_60fps_hevc.mp4": {
        "psnr": 41.47593333333334,
        "ssim": 0.9733499999999999,
        "vmaf": 99.93571948666667,
        "fvd": 3.2596956484512702,
        "st_rred": 0.3040604591393503,
        "movie_index": 1.6853339037169581
    },
    "Boxing_1920x1080_30fps_hevc.mp4": {
        "psnr": 40.7194,
        "ssim": 0.9603733333333332,
        "vmaf": 98.05862525333333,
        "fvd": 15.119635590983762,
        "st_rred": 2.4895528287002513,
        "movie_index": 0.8904667096650041
    },
    "BricksLeaves_1920x1080_60fps_hevc.mp4": {
        "psnr": 30.0795,
        "ssim": 0.8774866666666666,
        "vmaf": 72.02051526999999,
        "fvd": 35.10360581266133,
        "st_rred": 5.756842311509477,
        "movie_index": 3.012570251663991
    },
    "BridgeRiver_1920x1080_30fps_hevc.mp4": {
        "psnr": 30.336599999999997,
        "ssim": 0.8924533333333333,
        "vmaf": 64.52233521333333,
        "fvd": 301.30913759350403,
        "st_rred": 5.33724813300087,
        "movie_index": 1.1770892543280684
    },
    "BubblesPitcher_1920x1080_60fps_hevc.mp4": {
        "psnr": 40.611266666666666,
        "ssim": 0.95255,
        "vmaf": 67.57232543333333,
        "fvd": 149.18757310956198,
        "st_rred": 1.1214847633293248,
        "movie_index": 0.7451494018793305
    },
    "CalmingWater_1920x1080_60fps_hevc.mp4": {
        "psnr": 28.526333333333334,
        "ssim": 0.7089799999999999,
        "vmaf": 30.57362726,
        "fvd": 100.58467141814157,
        "st_rred": 5.942222527853474,
        "movie_index": 3.3727376564689306
    },
    "CarpetCircleFast_1920x1080_60fps_hevc.mp4": {
        "psnr": 43.2095,
        "ssim": 0.96451,
        "vmaf": 81.38880256666666,
        "fvd": 2.610270287436265,
        "st_rred": 0.7693660392000243,
        "movie_index": 2.3535051540188165
    },
    "CloudsZoom_1920x1080_60fps_hevc.mp4": {
        "psnr": 54.47003333333333,
        "ssim": 0.99689,
        "vmaf": 91.94524020333333,
        "fvd": 2.994806474160855,
        "st_rred": 0.05000577578984122,
        "movie_index": 0.21157586212927182
    },
    "DiverFishAndRock_1920x1080_30fps_hevc.mp4": {
        "psnr": 40.742000000000004,
        "ssim": 0.9676333333333332,
        "vmaf": 92.90985842,
        "fvd": 27.209807847586262,
        "st_rred": 1.6158369470164597,
        "movie_index": 3.28407041888509
    },
    "Diver_1920x1080_30fps_hevc.mp4": {
        "psnr": 45.5916,
        "ssim": 0.9789066666666666,
        "vmaf": 95.35875751333333,
        "fvd": 20.929583987354363,
        "st_rred": 1.4852338923585213,
        "movie_index": 3.0467470060008885
    },
    "FishAndRock_1920x1080_30fps_hevc.mp4": {
        "psnr": 39.91206666666667,
        "ssim": 0.9595199999999999,
        "vmaf": 90.06461300000001,
        "fvd": 37.13821316309418,
        "st_rred": 2.023395674524263,
        "movie_index": 1.2014592500441026
    },
    "Fountain_1920x1080_50fps_hevc.mp4": {
        "psnr": 33.030480000000004,
        "ssim": 0.7998999999999999,
        "vmaf": 59.047337332000005,
        "fvd": 170.97394784609173,
        "st_rred": 8.937694500207623,
        "movie_index": 1.6894615630069412
    },
    "Grass_1920x1080_60fps_hevc.mp4": {
        "psnr": 30.097033333333336,
        "ssim": 0.8395,
        "vmaf": 63.542654479999996,
        "fvd": 35.83943892603574,
        "st_rred": 6.791196589013705,
        "movie_index": 2.1781261964486194
    },
    "Hamster_1920x1080_60fps_hevc.mp4": {
        "psnr": 41.358133333333335,
        "ssim": 0.9745366666666666,
        "vmaf": 91.94006601666666,
        "fvd": 12.470039373955501,
        "st_rred": 0.4654429317396289,
        "movie_index": 0.923692086069879
    },
    "KineticFastPainting_1920x1080_60fps_hevc.mp4": {
        "psnr": 33.2712,
        "ssim": 0.87811,
        "vmaf": 65.46846544666667,
        "fvd": 15.958737254956588,
        "st_rred": 1.0495341988727844,
        "movie_index": 3.4035299433314283
    },
    "Lightreef_1920x1080_30fps_hevc.mp4": {
        "psnr": 30.883,
        "ssim": 0.85408,
        "vmaf": 74.33710524,
        "fvd": 84.06315172090899,
        "st_rred": 5.829212404757715,
        "movie_index": 9.403708603158092
    },
    "MartialArts_1920x1080_60fps_hevc.mp4": {
        "psnr": 47.34826666666667,
        "ssim": 0.9884166666666666,
        "vmaf": 94.51961556333333,
        "fvd": 11.31119070549903,
        "st_rred": 0.5044952217590009,
        "movie_index": 0.7394964239469739
    },
    "Music_1920x1080_30fps_hevc.mp4": {
        "psnr": 42.1604,
        "ssim": 0.9652466666666667,
        "vmaf": 93.76764925333333,
        "fvd": 18.926505137894765,
        "st_rred": 1.6405921014064972,
        "movie_index": 8.487373831513144
    },
    "PaintingTilting_1920x1080_60fps_hevc.mp4": {
        "psnr": 34.66736666666667,
        "ssim": 0.9446466666666666,
        "vmaf": 97.76984048333333,
        "fvd": 11.492084524475217,
        "st_rred": 1.203183568513694,
        "movie_index": 2.660996231565059
    },
    "ParkPlay_1920x1080_50fps_hevc.mp4": {
        "psnr": 30.883119999999998,
        "ssim": 0.79796,
        "vmaf": 63.363821023999996,
        "fvd": 77.57561716948817,
        "st_rred": 9.700260094792753,
        "movie_index": 2.1110536177234955
    },
    "PlasmaAveragePan_1920x1080_60fps_hevc.mp4": {
        "psnr": 45.941066666666664,
        "ssim": 0.9907633333333333,
        "vmaf": 87.29781257666667,
        "fvd": 4.581204087678728,
        "st_rred": 0.0014110736813899294,
        "movie_index": 0.16919372821332618
    },
    "PlasmaSlowRandom_1920x1080_60fps_hevc.mp4": {
        "psnr": 56.2478,
        "ssim": 0.99891,
        "vmaf": 94.09914705,
        "fvd": 0.873475391449773,
        "st_rred": 0.016063020392477534,
        "movie_index": 0.027236101896592407
    },
    "RockWater_1920x1080_30fps_hevc.mp4": {
        "psnr": 33.98126666666666,
        "ssim": 0.9383266666666666,
        "vmaf": 81.17185384,
        "fvd": 61.88062698621343,
        "st_rred": 1.6013151872824984,
        "movie_index": 3.401841646872911
    },
    "RockWave_1920x1080_30fps_hevc.mp4": {
        "psnr": 26.302999999999997,
        "ssim": 0.8262066666666666,
        "vmaf": 41.726890866666665,
        "fvd": 197.65366023278887,
        "st_rred": 8.764149615837411,
        "movie_index": 3.474431847565926
    },
    "Rowing_1920x1080_30fps_hevc.mp4": {
        "psnr": 29.7864,
        "ssim": 0.8328733333333334,
        "vmaf": 41.924842919999996,
        "fvd": 231.6865049682433,
        "st_rred": 5.612121283738304,
        "movie_index": 3.9197714268761192
    },
    "SmokeGuns_1920x1080_60fps_hevc.mp4": {
        "psnr": 41.143366666666665,
        "ssim": 0.9588333333333332,
        "vmaf": 85.07794153666667,
        "fvd": 31.795156897140146,
        "st_rred": 1.7674842973986493,
        "movie_index": 0.7501471081505651
    },
    "Surfers_1920x1080_30fps_hevc.mp4": {
        "psnr": 37.44513333333334,
        "ssim": 0.9492666666666666,
        "vmaf": 80.95246684,
        "fvd": 57.638993668330045,
        "st_rred": 2.1187108473931175,
        "movie_index": 3.054472427640185
    },
    "Toys_1920x1080_30fps_hevc.mp4": {
        "psnr": 36.33906666666667,
        "ssim": 0.9435,
        "vmaf": 91.85625900666668,
        "fvd": 42.33121943801939,
        "st_rred": 2.5166559075679373,
        "movie_index": 1.1042301374793853
    },
    "TreeGrassFamily_1920x1080_30fps_hevc.mp4": {
        "psnr": 30.717133333333333,
        "ssim": 0.86078,
        "vmaf": 57.440509139999996,
        "fvd": 226.62190168447103,
        "st_rred": 5.9793377230663225,
        "movie_index": 0.8546362577268741
    },