{
    "Beauty_1920x1080_120fps_420_8bit_YUV_h264.mp4": {
        "psnr": 12.978733333333333,
        "ssim": 0.6658833333333333,
        "vmaf": 4.402888241666667
    },
    "Bosphorus_1920x1080_120fps_420_8bit_YUV_h264.mp4": {
        "psnr": 12.4684,
        "ssim": 0.6521983333333333,
        "vmaf": 8.123206913333334
    },
    "HoneyBee_1920x1080_120fps_420_8bit_YUV_h264.mp4": {
        "psnr": 15.4018,
        "ssim": 0.615585,
        "vmaf": 6.313878306666666
    },
    "Jockey_1920x1080_120fps_420_8bit_YUV_h264.mp4": {
        "psnr": 35.44121666666667,
        "ssim": 0.9142983333333334,
        "vmaf": 53.55306950166667
    },
    "ReadySteadyGo_1920x1080_120fps_420_8bit_YUV_h264.mp4": {
        "psnr": 12.692066666666665,
        "ssim": 0.58869,
        "vmaf": 16.712875238333332
    },
    "ShakeNDry_1920x1080_120fps_420_8bit_YUV_h264.mp4": {
        "psnr": 14.874533333333332,
        "ssim": 0.577,
        "vmaf": 7.450729131666667
    },
    "YachtRide_1920x1080_120fps_420_8bit_YUV_h264.mp4": {
        "psnr": 11.31995,
        "ssim": 0.6323333333333333,
        "vmaf": 8.838584691666666
    },
    "Beauty_1920x1080_120fps_420_8bit_YUV_hevc.mp4": {
        "psnr": 12.959,
        "ssim": 0.6611083333333334,
        "vmaf": 4.423355645
    },
    "Bosphorus_1920x1080_120fps_420_8bit_YUV_hevc.mp4": {
        "psnr": 12.4949,
        "ssim": 0.6386833333333333,
        "vmaf": 8.562682796666666
    },
    "HoneyBee_1920x1080_120fps_420_8bit_YUV_hevc.mp4": {
        "psnr": 15.380466666666667,
        "ssim": 0.6099066666666667,
        "vmaf": 6.3849887
    },
    "Jockey_1920x1080_120fps_420_8bit_YUV_hevc.mp4": {
        "psnr": 39.71123333333333,
        "ssim": 0.9410983333333334,
        "vmaf": 85.08743928
    },
    "ReadySteadyGo_1920x1080_120fps_420_8bit_YUV_hevc.mp4": {
        "psnr": 12.66945,
        "ssim": 0.5685566666666667,
        "vmaf": 18.015296331666665
    },
    "ShakeNDry_1920x1080_120fps_420_8bit_YUV_hevc.mp4": {
        "psnr": 14.853066666666667,
        "ssim": 0.56337,
        "vmaf": 7.708266671666667
    },
    "YachtRide_1920x1080_120fps_420_8bit_YUV_hevc.mp4": {
        "psnr": 11.308466666666666,
        "ssim": 0.6112966666666667,
        "vmaf": 9.704145611666666
    },
    "Beauty_1920x1080_120fps_420_8bit_YUV_vp9.webm": {
        "psnr": 12.959016666666667,
        "ssim": 0.6653283333333333,
        "vmaf": 4.38649361
    },
    "Bosphorus_1920x1080_120fps_420_8bit_YUV_vp9.webm": {
        "psnr": 12.493266666666667,
        "ssim": 0.6440116666666666,
        "vmaf": 8.351437311666666
    },
    "HoneyBee_1920x1080_120fps_420_8bit_YUV_vp9.webm": {
        "psnr": 15.3864,
        "ssim": 0.6102099999999999,
        "vmaf": 6.222698225
    },
    "Jockey_1920x1080_120fps_420_8bit_YUV_vp9.webm": {
        "psnr": 40.22125,
        "ssim": 0.9481,
        "vmaf": 84.10314435666668
    },
    "ReadySteadyGo_1920x1080_120fps_420_8bit_YUV_vp9.webm": {
        "psnr": 12.668383333333333,
        "ssim": 0.5776416666666666,
        "vmaf": 17.830808764999997
    },
    "ShakeNDry_1920x1080_120fps_420_8bit_YUV_vp9.webm": {
        "psnr": 14.862166666666665,
        "ssim": 0.5662916666666666,
        "vmaf": 7.594394276666667
    },
    "YachtRide_1920x1080_120fps_420_8bit_YUV_vp9.webm": {
        "psnr": 11.310333333333332,
        "ssim": 0.6210866666666667,
        "vmaf": 9.807161298333334
    }
}