{
    "Beauty_1920x1080_120fps_420_8bit_YUV_hevc.mp4": {
        "psnr": 39.53138333333334,
        "ssim": 0.9065500000000001,
        "vmaf": 87.88500355166667,
        "fvd": 39.48172434718333,
        "tssim": 0.9090451533834272,
        "tpsnr": 38.64590918361046,
        "movie_index": 2.0083142118233073,
        "st_rred": 6.353354002394681
    },
    "Bosphorus_1920x1080_120fps_420_8bit_YUV_hevc.mp4": {
        "psnr": 43.917566666666666,
        "ssim": 0.9754133333333332,
        "vmaf": 93.48074820666666,
        "fvd": 10.629704876414849,
        "tssim": 0.9726012134757195,
        "tpsnr": 42.22229891667183,
        "movie_index": 0.26395208699526096,
        "st_rred": 1.5533624863187194
    },
    "HoneyBee_1920x1080_120fps_420_8bit_YUV_hevc.mp4": {
        "psnr": 43.46346666666666,
        "ssim": 0.9703266666666667,
        "vmaf": 94.04184139166667,
        "fvd": 11.360600778442773,
        "tssim": 0.96459391676307,
        "tpsnr": 41.76959948786511,
        "movie_index": 0.35596137286128104,
        "st_rred": 3.4741235900873466
    },
    "Jockey_1920x1080_120fps_420_8bit_YUV_hevc.mp4": {
        "psnr": 43.32986666666666,
        "ssim": 0.9640366666666668,
        "vmaf": 98.29581591,
        "fvd": 3.6035591613854194,
        "tssim": 0.9504624431929027,
        "tpsnr": 37.62467214300955,
        "movie_index": 1.0262402490104776,
        "st_rred": 2.472145682474263
    },
    "ReadySteadyGo_1920x1080_120fps_420_8bit_YUV_hevc.mp4": {
        "psnr": 40.274166666666666,
        "ssim": 0.9644483333333334,
        "vmaf": 99.53069001166666,
        "fvd": 9.87138797309808,
        "tssim": 0.9560772138251677,
        "tpsnr": 35.64007678215014,
        "movie_index": 0.8427197472106833,
        "st_rred": 1.5939392487564987
    },
    "ShakeNDry_1920x1080_120fps_420_8bit_YUV_hevc.mp4": {
        "psnr": 39.44083333333333,
        "ssim": 0.9390799999999999,
        "vmaf": 83.38064315,
        "fvd": 44.070344060171465,
        "tssim": 0.9197158485444736,
        "tpsnr": 36.713176089385684,
        "movie_index": 0.7153854777531878,
        "st_rred": 3.1783957433235095
    },
    "YachtRide_1920x1080_120fps_420_8bit_YUV_hevc.mp4": {
        "psnr": 37.515433333333334,
        "ssim": 0.9387333333333333,
        "vmaf": 81.298692095,
        "fvd": 35.840380643254775,
        "tssim": 0.9244555995394255,
        "tpsnr": 34.98778464837942,
        "movie_index": 0.7873864373400534,
        "st_rred": 2.0378602869199227
    }
}