{
    "Bosphorus_1920x1080_120fps_420_8bit_YUV_hevc.mp4": {
        "psnr": 38.770716666666665,
        "ssim": 0.93899,
        "vmaf": 76.136249155,
        "tssim": 0.9240168426583557,
        "tpsnr": 36.7615407201802,
        "fvd": 59.09748914596025,
        "movie_index": 0.5859955001952055,
        "st_rred": 14.338850586777486
    },
    "HoneyBee_1920x1080_120fps_420_8bit_YUV_hevc.mp4": {
        "psnr": 41.764,
        "ssim": 0.9595299999999999,
        "vmaf": 89.61419892333333,
        "tssim": 0.9554006372059495,
        "tpsnr": 40.39644094858822,
        "fvd": 16.248382441135334,
        "movie_index": 0.3637481138906216,
        "st_rred": 30.52438753538938
    },
    "Jockey_1920x1080_120fps_420_8bit_YUV_hevc.mp4": {
        "psnr": 38.2128,
        "ssim": 0.93059,
        "vmaf": 75.14457963833333,
        "tssim": 0.8973317185603114,
        "tpsnr": 32.07994227337718,
        "fvd": 20.147539466375974,
        "movie_index": 1.9650794071128252,
        "st_rred": 23.292127801350347
    },
    "ReadySteadyGo_1920x1080_120fps_420_8bit_YUV_hevc.mp4": {
        "psnr": 32.19043333333333,
        "ssim": 0.87481,
        "vmaf": 65.85823004000001,
        "tssim": 0.8338883087328164,
        "tpsnr": 27.934422064703174,
        "fvd": 122.974579747299,
        "movie_index": 2.2133638757298106,
        "st_rred": 24.52318897816609
    },
    "ShakeNDry_1920x1080_120fps_420_8bit_YUV_hevc.mp4": {
        "psnr": 35.388533333333335,
        "ssim": 0.8814166666666667,
        "vmaf": 61.43935283666667,
        "tssim": 0.8507945509884263,
        "tpsnr": 32.742752164502605,
        "fvd": 129.06803518022548,
        "movie_index": 0.9468818961527435,
        "st_rred": 20.410003909970396
    },
    "YachtRide_1920x1080_120fps_420_8bit_YUV_hevc.mp4": {
        "psnr": 32.11575,
        "ssim": 0.8606083333333333,
        "vmaf": 46.71131408666667,
        "tssim": 0.8146782119252077,
        "tpsnr": 29.500029664206785,
        "fvd": 215.62289594846334,
        "movie_index": 1.6534592656042422,
        "st_rred": 15.006005497271904
    },
    "Beauty_1920x1080_120fps_420_8bit_YUV_hevc.mp4": {
        "psnr": 37.751949999999994,
        "ssim": 0.8893866666666668,
        "vmaf": 67.09854078333333,
        "tssim": 0.8821435269219964,
        "tpsnr": 35.78719862554229,
        "fvd": 77.8037837569695,
        "movie_index": 2.164851336924978,
        "st_rred": 10.687101741197985
    }
}