{
    "BallUnderWater_1920x1080_60fps_hevc.mp4": {
        "psnr": 46.9684,
        "ssim": 0.9847066666666666,
        "vmaf": 99.20713346000001,
        "fvd": 6.01164543497805,
        "st_rred": 0.5169504524146848,
        "movie_index": 0.3493944607101954
    },
    "Bookcase_1920x1080_60fps_hevc.mp4": {
        "psnr": 44.46406666666667,
        "ssim": 0.9848300000000001,
        "vmaf": 99.97656359333332,
        "fvd": 1.4990962822589609,
        "st_rred": 0.09775923566810718,
        "movie_index": 1.3674672364839742
    },
    "Boxing_1920x1080_30fps_hevc.mp4": {
        "psnr": 43.39646666666667,
        "ssim": 0.9732933333333333,
        "vmaf": 99.96455918,
        "fvd": 7.887924114010275,
        "st_rred": 2.203552575037289,
        "movie_index": 0.6600163188956728
    },
    "BricksLeaves_1920x1080_60fps_hevc.mp4": {
        "psnr": 35.900400000000005,
        "ssim": 0.9518166666666668,
        "vmaf": 93.49304776333334,
        "fvd": 9.282408132744308,
        "st_rred": 2.941209648502557,
        "movie_index": 2.3801373284696337
    },
    "BridgeRiver_1920x1080_30fps_hevc.mp4": {
        "psnr": 35.37866666666667,
        "ssim": 0.9486333333333332,
        "vmaf": 88.30018570666667,
        "fvd": 98.18832968315678,
        "st_rred": 3.185534177912764,
        "movie_index": 0.9401849542288172
    },
    "BubblesPitcher_1920x1080_60fps_hevc.mp4": {
        "psnr": 44.18953333333334,
        "ssim": 0.9728666666666667,
        "vmaf": 87.32644352666667,
        "fvd": 35.789670444000876,
        "st_rred": 0.5601203905529584,
        "movie_index": 0.48537534112141884
    },
    "CalmingWater_1920x1080_60fps_hevc.mp4": {
        "psnr": 31.802233333333334,
        "ssim": 0.8051,
        "vmaf": 59.09134887333334,
        "fvd": 20.665049728935116,
        "st_rred": 2.8197269705065438,
        "movie_index": 2.487358371150932
    },
    "CarpetCircleFast_1920x1080_60fps_hevc.mp4": {
        "psnr": 45.4504,
        "ssim": 0.9773466666666667,
        "vmaf": 91.98430716666667,
        "fvd": 1.2659783340675972,
        "st_rred": 0.40036423016493394,
        "movie_index": 1.7329482098287563
    },
    "CloudsZoom_1920x1080_60fps_hevc.mp4": {
        "psnr": 58.14713333333333,
        "ssim": 0.9985133333333333,
        "vmaf": 95.0675727,
        "fvd": 2.640261522821767,
        "st_rred": 0.02026797979289685,
        "movie_index": 0.10585821351428894
    },
    "DiverFishAndRock_1920x1080_30fps_hevc.mp4": {
        "psnr": 44.211866666666666,
        "ssim": 0.9814266666666667,
        "vmaf": 99.55126394,
        "fvd": 10.077124186171432,
        "st_rred": 1.3273902042422758,
        "movie_index": 3.1629090895188736
    },
    "Diver_1920x1080_30fps_hevc.mp4": {
        "psnr": 47.285466666666665,
        "ssim": 0.98332,
        "vmaf": 98.37207695333333,
        "fvd": 9.668186278194298,
        "st_rred": 1.2903408561794008,
        "movie_index": 2.994776339363932
    },
    "FishAndRock_1920x1080_30fps_hevc.mp4": {
        "psnr": 42.7134,
        "ssim": 0.9759866666666667,
        "vmaf": 97.77760496666667,
        "fvd": 16.460696080008006,
        "st_rred": 1.4836223210463473,
        "movie_index": 1.2005768768339349
    },
    "Fountain_1920x1080_50fps_hevc.mp4": {
        "psnr": 35.13168,
        "ssim": 0.855484,
        "vmaf": 78.58691623200001,
        "fvd": 79.74286877074974,
        "st_rred": 6.514437434692475,
        "movie_index": 1.2804218318807075
    },
    "Grass_1920x1080_60fps_hevc.mp4": {
        "psnr": 34.26943333333333,
        "ssim": 0.9339833333333333,
        "vmaf": 82.64803095,
        "fvd": 13.011394973625755,
        "st_rred": 4.0333093263123345,
        "movie_index": 1.608780849575498
    },
    "Hamster_1920x1080_60fps_hevc.mp4": {
        "psnr": 45.764966666666666,
        "ssim": 0.9880266666666667,
        "vmaf": 99.66626125666667,
        "fvd": 3.080237493119512,
        "st_rred": 0.22156359236506873,
        "movie_index": 0.5647056946985698
    },
    "KineticFastPainting_1920x1080_60fps_hevc.mp4": {
        "psnr": 39.061299999999996,
        "ssim": 0.95356,
        "vmaf": 98.64189797666667,
        "fvd": 4.126119035040546,
        "st_rred": 0.24183048274985808,
        "movie_index": 1.7183102776972345
    },
    "Lightreef_1920x1080_30fps_hevc.mp4": {
        "psnr": 33.88806666666667,
        "ssim": 0.9122133333333333,
        "vmaf": 90.71033928,
        "fvd": 34.63118412217261,
        "st_rred": 3.5293309965959594,
        "movie_index": 8.92598226376428
    },
    "MartialArts_1920x1080_60fps_hevc.mp4": {
        "psnr": 49.8904,
        "ssim": 0.9926533333333333,
        "vmaf": 97.56124316666667,
        "fvd": 5.921655271713348,
        "st_rred": 0.23152064439979902,
        "movie_index": 0.4346125270660506
    },
    "Music_1920x1080_30fps_hevc.mp4": {
        "psnr": 44.559599999999996,
        "ssim": 0.9756666666666667,
        "vmaf": 98.52846916666667,
        "fvd": 10.464250614341836,
        "st_rred": 1.1342341757981877,
        "movie_index": 8.484049070476486
    },
    "PaintingTilting_1920x1080_60fps_hevc.mp4": {
        "psnr": 38.102266666666665,
        "ssim": 0.9743733333333334,
        "vmaf": 99.94622532333334,
        "fvd": 5.3304489005257665,
        "st_rred": 0.6090903993786725,
        "movie_index": 1.781972343139475
    },
    "ParkPlay_1920x1080_50fps_hevc.mp4": {
        "psnr": 34.31668,
        "ssim": 0.879004,
        "vmaf": 88.977908544,
        "fvd": 25.359934096772122,
        "st_rred": 6.666942611169986,
        "movie_index": 1.8294188262348672
    },
    "PlasmaAveragePan_1920x1080_60fps_hevc.mp4": {
        "psnr": 51.83923333333333,
        "ssim": 0.9969399999999999,
        "vmaf": 96.90578273999999,
        "fvd": 0.9212247387927448,
        "st_rred": 0.06594231527287508,
        "movie_index": 0.08560941292963498
    },
    "PlasmaSlowRandom_1920x1080_60fps_hevc.mp4": {
        "psnr": 64.50913333333334,
        "ssim": 0.9999699999999999,
        "vmaf": 97.52179507333334,
        "fvd": 0.4480849416050319,
        "st_rred": 0.023771542648591715,
        "movie_index": 0.013504392534407186
    },
    "RockWater_1920x1080_30fps_hevc.mp4": {
        "psnr": 38.787733333333335,
        "ssim": 0.9712000000000001,
        "vmaf": 99.50375862666667,
        "fvd": 19.11866873266149,
        "st_rred": 0.9269886496395721,
        "movie_index": 2.9959348576180886
    },
    "RockWave_1920x1080_30fps_hevc.mp4": {
        "psnr": 30.156,
        "ssim": 0.9059466666666667,
        "vmaf": 72.07851836666666,
        "fvd": 87.66245680355519,
        "st_rred": 3.6602507046289396,
        "movie_index": 3.2216398277938767
    },
    "Rowing_1920x1080_30fps_hevc.mp4": {
        "psnr": 33.86306666666667,
        "ssim": 0.9011466666666667,
        "vmaf": 74.72007942666667,
        "fvd": 80.61098610303452,
        "st_rred": 2.469514191575527,
        "movie_index": 2.5132813825703306
    },
    "SmokeGuns_1920x1080_60fps_hevc.mp4": {
        "psnr": 43.55916666666667,
        "ssim": 0.9721266666666666,
        "vmaf": 93.01186860333334,
        "fvd": 15.693836422262962,
        "st_rred": 1.2894824304286745,
        "movie_index": 0.6669502032789897
    },
    "Surfers_1920x1080_30fps_hevc.mp4": {
        "psnr": 41.623666666666665,
        "ssim": 0.9729333333333333,
        "vmaf": 96.43256748666667,
        "fvd": 16.89377232276263,
        "st_rred": 1.557655185504533,
        "movie_index": 2.874983367653901
    },
    "Toys_1920x1080_30fps_hevc.mp4": {
        "psnr": 40.135733333333334,
        "ssim": 0.9699399999999999,
        "vmaf": 99.96099873333334,
        "fvd": 14.555612828188487,
        "st_rred": 1.4976856665751797,
        "movie_index": 0.9196772930406084
    },
    "TreeGrassFamily_1920x1080_30fps_hevc.mp4": {
        "psnr": 34.7196,
        "ssim": 0.9284266666666667,
        "vmaf": 81.31161154666667,
        "fvd": 71.59070442242086,