{
    "Beauty_1920x1080_120fps_420_8bit_YUV_h264.mp4": {
        "psnr": 39.16428333333333,
        "ssim": 0.9025050000000001,
        "vmaf": 82.538919935,
        "fvd": 39.381198908174326,
        "tssim": 0.8988631071298195,
        "tpsnr": 37.887714876356426,
        "movie_index": 2.812985662849797,
        "st_rred": 6.782650866270924
    },
    "Bosphorus_1920x1080_120fps_420_8bit_YUV_h264.mp4": {
        "psnr": 42.57926666666667,
        "ssim": 0.9699666666666666,
        "vmaf": 89.86384975666667,
        "fvd": 15.899835824977004,
        "tssim": 0.9619597794205517,
        "tpsnr": 40.590309321382804,
        "movie_index": 1.0638227148575456,
        "st_rred": 1.4036164826966413
    },
    "HoneyBee_1920x1080_120fps_420_8bit_YUV_h264.mp4": {
        "psnr": 42.919016666666664,
        "ssim": 0.9676633333333332,
        "vmaf": 93.68464921166667,
        "fvd": 6.06785207690649,
        "tssim": 0.9584941950164337,
        "tpsnr": 41.21368506277145,
        "movie_index": 1.0716621223246314,
        "st_rred": 3.2087142115019827
    },
    "Jockey_1920x1080_120fps_420_8bit_YUV_h264.mp4": {
        "psnr": 41.99285,
        "ssim": 0.9579833333333333,
        "vmaf": 93.72626195333333,
        "fvd": 6.942668643720708,
        "tssim": 0.9363240492280747,
        "tpsnr": 35.83950470683969,
        "movie_index": 1.7070952547163718,
        "st_rred": 2.498508439877183
    },
    "ReadySteadyGo_1920x1080_120fps_420_8bit_YUV_h264.mp4": {
        "psnr": 38.45151666666666,
        "ssim": 0.955835,
        "vmaf": 97.57713891166667,
        "fvd": 9.160949332286009,
        "tssim": 0.9404103169432807,
        "tpsnr": 34.021090082413764,
        "movie_index": 1.908536644232691,
        "st_rred": 1.8021009028142743
    },
    "ShakeNDry_1920x1080_120fps_420_8bit_YUV_h264.mp4": {
        "psnr": 38.607866666666666,
        "ssim": 0.9331966666666667,
        "vmaf": 78.68121625666667,
        "fvd": 35.94355269704215,
        "tssim": 0.9043568391012544,
        "tpsnr": 35.632833876338694,
        "movie_index": 1.7436257787173408,
        "st_rred": 3.7276223668551385
    },
    "YachtRide_1920x1080_120fps_420_8bit_YUV_h264.mp4": {
        "psnr": 36.1875,
        "ssim": 0.9282716666666666,
        "vmaf": 74.05548420833333,
        "fvd": 32.683051465576,
        "tssim": 0.9020961323293539,
        "tpsnr": 33.48750972907014,
        "movie_index": 1.9800681287736845,
        "st_rred": 2.4765659753835667
    }
}