{
    "BallUnderWater_1920x1080_60fps_vp9.webm": {
        "psnr": 42.62536666666667,
        "ssim": 0.97593,
        "vmaf": 78.65228164,
        "fvd": 22.51794662259323,
        "st_rred": 0.920216511334937,
        "movie_index": 1.065349330322001,
        "tssim": 0.954062623178104,
        "tpsnr": 36.05614791665986
    },
    "Bookcase_1920x1080_60fps_vp9.webm": {
        "psnr": 40.8365,
        "ssim": 0.9715933333333333,
        "vmaf": 99.78886503666668,
        "fvd": 2.322602864152259,
        "st_rred": 0.35269471547390197,
        "movie_index": 2.120571239885678,
        "tssim": 0.9153813663508132,
        "tpsnr": 29.696018793112458
    },
    "Boxing_1920x1080_30fps_vp9.webm": {
        "psnr": 39.55846666666667,
        "ssim": 0.95762,
        "vmaf": 90.54500968,
        "fvd": 21.607459957080437,
        "st_rred": 2.8341251623909045,
        "movie_index": 2.6652749716835533,
        "tssim": 0.9240579873804482,
        "tpsnr": 31.24267797022058
    },
    "BricksLeaves_1920x1080_60fps_vp9.webm": {
        "psnr": 30.969833333333337,
        "ssim": 0.89539,
        "vmaf": 73.99580615,
        "fvd": 25.732057845519932,
        "st_rred": 3.9425070300672225,
        "movie_index": 4.1095758675407605,
        "tssim": 0.8688605800260818,
        "tpsnr": 27.411075847204714
    },
    "BridgeRiver_1920x1080_30fps_vp9.webm": {
        "psnr": 29.587466666666668,
        "ssim": 0.8877466666666667,
        "vmaf": 59.74890791333334,
        "fvd": 270.463223230691,
        "st_rred": 7.146505261974546,
        "movie_index": 2.8262734235133102,
        "tssim": 0.8183978265151219,
        "tpsnr": 25.93398260590214
    },
    "BubblesPitcher_1920x1080_60fps_vp9.webm": {
        "psnr": 40.30883333333333,
        "ssim": 0.9517766666666667,
        "vmaf": 60.629932679999996,
        "fvd": 98.74423916667229,
        "st_rred": 1.7644084540740224,
        "movie_index": 0.8684469212818405,
        "tssim": 0.922532049151771,
        "tpsnr": 35.499841970743546
    },
    "CalmingWater_1920x1080_60fps_vp9.webm": {
        "psnr": 29.2255,
        "ssim": 0.73583,
        "vmaf": 35.52032623666667,
        "fvd": 53.13160511588842,
        "st_rred": 6.014317684484123,
        "movie_index": 4.75243223510857,
        "tssim": 0.5974825188590808,
        "tpsnr": 24.40157060399901
    },
    "CarpetCircleFast_1920x1080_60fps_vp9.webm": {
        "psnr": 42.8852,
        "ssim": 0.96122,
        "vmaf": 77.56073556666666,
        "fvd": 2.5877194295400727,
        "st_rred": 0.8257822633766345,
        "movie_index": 2.3226665611251143,
        "tssim": 0.9199282180206115,
        "tpsnr": 35.83869193469402
    },
    "CloudsZoom_1920x1080_60fps_vp9.webm": {
        "psnr": 55.40313333333333,
        "ssim": 0.9974900000000001,
        "vmaf": 91.80937761666667,
        "fvd": 0.2405265165012409,
        "st_rred": 0.11198452242858564,
        "movie_index": 0.090677779362565,
        "tssim": 0.9959821910023999,
        "tpsnr": 53.10717081943882
    },
    "DiverFishAndRock_1920x1080_30fps_vp9.webm": {
        "psnr": 39.569,
        "ssim": 0.9635133333333332,
        "vmaf": 85.90213956,
        "fvd": 33.476892701128236,
        "st_rred": 2.1174539200379083,
        "movie_index": 4.235326256928028,
        "tssim": 0.9445430084022842,
        "tpsnr": 35.195186871010186
    },
    "Diver_1920x1080_30fps_vp9.webm": {
        "psnr": 45.230999999999995,
        "ssim": 0.9797333333333333,
        "vmaf": 91.76390252666667,
        "fvd": 22.799915310214146,
        "st_rred": 2.0307224596158893,
        "movie_index": 3.3041510209191167,
        "tssim": 0.9660771753725509,
        "tpsnr": 41.42497099805998
    },
    "FishAndRock_1920x1080_30fps_vp9.webm": {
        "psnr": 39.293866666666666,
        "ssim": 0.9554933333333332,
        "vmaf": 85.06691790666666,
        "fvd": 47.32438401761374,
        "st_rred": 2.6248106423654285,
        "movie_index": 1.5062577572444942,
        "tssim": 0.9433183845583278,
        "tpsnr": 37.23312764519813
    },
    "Fountain_1920x1080_50fps_vp9.webm": {
        "psnr": 32.91516,
        "ssim": 0.79676,
        "vmaf": 52.265961176,
        "fvd": 267.5077506183311,
        "st_rred": 11.462196040768012,
        "movie_index": 2.6517212721238654,
        "tssim": 0.72403492878781,
        "tpsnr": 30.16976158877453
    },
    "Grass_1920x1080_60fps_vp9.webm": {
        "psnr": 30.8891,
        "ssim": 0.8645800000000001,
        "vmaf": 65.12860259666667,
        "fvd": 13.283894327330668,
        "st_rred": 5.501914114886553,
        "movie_index": 1.8454215124897335,
        "tssim": 0.8753151378728692,
        "tpsnr": 28.81514984309474
    },
    "Hamster_1920x1080_60fps_vp9.webm": {
        "psnr": 40.2079,
        "ssim": 0.9701133333333333,
        "vmaf": 87.75640929666666,
        "fvd": 14.981039360680484,
        "st_rred": 0.3642032909982884,
        "movie_index": 1.9050426381985877,
        "tssim": 0.9485946968300704,
        "tpsnr": 34.52398970613512
    },
    "KineticFastPainting_1920x1080_60fps_vp9.webm": {
        "psnr": 32.03573333333333,
        "ssim": 0.8474833333333334,
        "vmaf": 58.64009735,
        "fvd": 35.39715783210602,
        "st_rred": 1.365955137957716,
        "movie_index": 5.377761523859158,
        "tssim": 0.7221540994146396,
        "tpsnr": 26.102223533451756
    },
    "Lightreef_1920x1080_30fps_vp9.webm": {
        "psnr": 30.6744,
        "ssim": 0.8504,
        "vmaf": 69.72935744,
        "fvd": 82.01160947106735,
        "st_rred": 7.144101034157764,
        "movie_index": 8.581805653420071,
        "tssim": 0.8385574773349672,
        "tpsnr": 29.105038060437913
    },
    "MartialArts_1920x1080_60fps_vp9.webm": {
        "psnr": 46.53096666666667,
        "ssim": 0.9875966666666667,
        "vmaf": 92.23703455,
        "fvd": 10.925088291805537,
        "st_rred": 0.5630003083839128,
        "movie_index": 0.9519793842997041,
        "tssim": 0.9784082833909493,
        "tpsnr": 42.32240814668279
    },
    "Music_1920x1080_30fps_vp9.webm": {
        "psnr": 41.19846666666667,
        "ssim": 0.9617399999999999,
        "vmaf": 87.57031748666667,
        "fvd": 38.584217548829656,
        "st_rred": 2.0719615063212906,
        "movie_index": 9.563471843157238,
        "tssim": 0.9278414162433617,
        "tpsnr": 35.50197790773123
    },
    "PaintingTilting_1920x1080_60fps_vp9.webm": {
        "psnr": 36.0377,
        "ssim": 0.9605066666666666,
        "vmaf": 99.95725559333333,
        "fvd": 4.556268670008933,
        "st_rred": 0.4923231267935222,
        "movie_index": 2.48685468430553,
        "tssim": 0.9815422047728871,
        "tpsnr": 34.77469590994028
    },
    "ParkPlay_1920x1080_50fps_vp9.webm": {
        "psnr": 30.31132,
        "ssim": 0.781064,
        "vmaf": 56.021956960000004,
        "fvd": 88.92173193569192,
        "st_rred": 12.846237027601148,
        "movie_index": 3.383925816739898,
        "tssim": 0.7293073029535764,
        "tpsnr": 27.331334140884827
    },
    "PlasmaAveragePan_1920x1080_60fps_vp9.webm": {
        "psnr": 43.2786,
        "ssim": 0.9858566666666667,
        "vmaf": 75.32336782,
        "fvd": 17.983509437955306,
        "st_rred": 0.1580357821897751,
        "movie_index": 0.2675896076155347,
        "tssim": 0.9706044192167773,
        "tpsnr": 39.17364498125669
    },
    "PlasmaSlowRandom_1920x1080_60fps_vp9.webm": {
        "psnr": 52.685266666666664,
        "ssim": 0.9979300000000001,
        "vmaf": 88.46362357000001,
        "fvd": 2.4128672979323653,
        "st_rred": 0.029590204165634404,
        "movie_index": 0.05357947464048065,
        "tssim": 0.995329277838561,
        "tpsnr": 48.73322683991397
    },
    "RockWater_1920x1080_30fps_vp9.webm": {
        "psnr": 33.239066666666666,
        "ssim": 0.9321066666666666,
        "vmaf": 72.65336216,
        "fvd": 83.67794670412309,
        "st_rred": 3.0192654452609275,
        "movie_index": 4.863582648686915,