{
    "Beauty_1920x1080_120fps_420_8bit_YUV_h264.mp4": {
        "psnr": 12.983616666666666,
        "ssim": 0.6675583333333334,
        "vmaf": 4.48363668
    },
    "Bosphorus_1920x1080_120fps_420_8bit_YUV_h264.mp4": {
        "psnr": 12.466316666666666,
        "ssim": 0.66964,
        "vmaf": 7.590091783333334
    },
    "HoneyBee_1920x1080_120fps_420_8bit_YUV_h264.mp4": {
        "psnr": 15.438500000000001,
        "ssim": 0.6251933333333333,
        "vmaf": 6.067427833333333
    },
    "Jockey_1920x1080_120fps_420_8bit_YUV_h264.mp4": {
        "psnr": 30.903483333333334,
        "ssim": 0.8729883333333334,
        "vmaf": 29.15453093833333
    },
    "ReadySteadyGo_1920x1080_120fps_420_8bit_YUV_h264.mp4": {
        "psnr": 12.869566666666666,
        "ssim": 0.6187166666666667,
        "vmaf": 13.311844361666667
    },
    "ShakeNDry_1920x1080_120fps_420_8bit_YUV_h264.mp4": {
        "psnr": 14.907449999999999,
        "ssim": 0.5994516666666666,
        "vmaf": 7.003222346666666
    },
    "YachtRide_1920x1080_120fps_420_8bit_YUV_h264.mp4": {
        "psnr": 11.362866666666667,
        "ssim": 0.64847,
        "vmaf": 7.6624356350000005
    }
}