{
    "BallUnderWater_1920x1080_60fps_vp9.webm": {
        "psnr": 40.075466666666664,
        "ssim": 0.9681000000000001,
        "vmaf": 63.23483488666666,
        "fvd": 71.83630708723439,
        "st_rred": 1.0327695339596517,
        "movie_index": 1.1843636470993226
    },
    "Bookcase_1920x1080_60fps_vp9.webm": {
        "psnr": 38.575,
        "ssim": 0.9576399999999999,
        "vmaf": 98.29248453333334,
        "fvd": 4.080096212014041,
        "st_rred": 0.5852531320967032,
        "movie_index": 2.439402452230852
    },
    "Boxing_1920x1080_30fps_vp9.webm": {
        "psnr": 37.0006,
        "ssim": 0.9414733333333334,
        "vmaf": 77.53049710666666,
        "fvd": 61.511281826095455,
        "st_rred": 2.9186998258278756,
        "movie_index": 3.03601766512698
    },
    "BricksLeaves_1920x1080_60fps_vp9.webm": {
        "psnr": 29.318633333333334,
        "ssim": 0.8653533333333333,
        "vmaf": 66.56088958000001,
        "fvd": 40.18203228341193,
        "st_rred": 5.231673406790637,
        "movie_index": 4.541403855767139
    },
    "BridgeRiver_1920x1080_30fps_vp9.webm": {
        "psnr": 28.71213333333333,
        "ssim": 0.8700866666666667,
        "vmaf": 54.50530942666667,
        "fvd": 363.24385952763384,
        "st_rred": 7.790601573116042,
        "movie_index": 3.3065451405592414
    },
    "BubblesPitcher_1920x1080_60fps_vp9.webm": {
        "psnr": 38.93333333333333,
        "ssim": 0.9457900000000001,
        "vmaf": 51.80578477333333,
        "fvd": 156.8712269204716,
        "st_rred": 1.9946037423377136,
        "movie_index": 0.9289411043368255
    },
    "CalmingWater_1920x1080_60fps_vp9.webm": {
        "psnr": 29.076933333333333,
        "ssim": 0.7313166666666666,
        "vmaf": 34.131338983333336,
        "fvd": 62.82790698221652,
        "st_rred": 6.149302008903998,
        "movie_index": 4.738910107309604
    },
    "CarpetCircleFast_1920x1080_60fps_vp9.webm": {
        "psnr": 41.3874,
        "ssim": 0.9480433333333333,
        "vmaf": 67.12636940666667,
        "fvd": 3.712286046875562,
        "st_rred": 1.2288686209475692,
        "movie_index": 2.854239174354834
    },
    "CloudsZoom_1920x1080_60fps_vp9.webm": {
        "psnr": 54.27646666666667,
        "ssim": 0.9970133333333333,
        "vmaf": 90.47520960666667,
        "fvd": 0.8425171765246304,
        "st_rred": 0.15505230235257778,
        "movie_index": 0.1516522730336241
    },
    "DiverFishAndRock_1920x1080_30fps_vp9.webm": {
        "psnr": 36.78686666666667,
        "ssim": 0.94456,
        "vmaf": 72.43004135999999,
        "fvd": 56.87911320965077,
        "st_rred": 2.419942196950865,
        "movie_index": 4.3054067913517855
    },
    "Diver_1920x1080_30fps_vp9.webm": {
        "psnr": 43.76246666666667,
        "ssim": 0.9759533333333333,
        "vmaf": 84.96611153333333,
        "fvd": 54.828552924960604,
        "st_rred": 2.1052810212804163,
        "movie_index": 3.42556167088899
    },
    "FishAndRock_1920x1080_30fps_vp9.webm": {
        "psnr": 37.1408,
        "ssim": 0.9338066666666667,
        "vmaf": 72.08349290666666,
        "fvd": 105.95165699316408,
        "st_rred": 3.515183191613499,
        "movie_index": 1.5668628293795874
    },
    "Fountain_1920x1080_50fps_vp9.webm": {
        "psnr": 31.90256,
        "ssim": 0.7701520000000001,
        "vmaf": 42.899654236,
        "fvd": 415.77848483865046,
        "st_rred": 13.069461969544848,
        "movie_index": 2.656235456945427
    },
    "Grass_1920x1080_60fps_vp9.webm": {
        "psnr": 29.046466666666667,
        "ssim": 0.7975333333333334,
        "vmaf": 53.167240686666666,
        "fvd": 17.426723637430477,
        "st_rred": 7.669290031307202,
        "movie_index": 2.041650780953193
    },
    "Hamster_1920x1080_60fps_vp9.webm": {
        "psnr": 37.267833333333336,
        "ssim": 0.9546599999999998,
        "vmaf": 76.66241317,
        "fvd": 36.63662328023895,
        "st_rred": 0.43542061634632745,
        "movie_index": 2.248349883384928
    },
    "KineticFastPainting_1920x1080_60fps_vp9.webm": {
        "psnr": 31.118433333333336,
        "ssim": 0.8281433333333332,
        "vmaf": 53.109609150000004,
        "fvd": 41.15258815450147,
        "st_rred": 1.8120891581226708,
        "movie_index": 5.760952251013306
    },
    "Lightreef_1920x1080_30fps_vp9.webm": {
        "psnr": 29.0984,
        "ssim": 0.80866,
        "vmaf": 57.248249920000006,
        "fvd": 133.3713789458683,
        "st_rred": 9.224763711091779,
        "movie_index": 8.88756633244905
    },
    "MartialArts_1920x1080_60fps_vp9.webm": {
        "psnr": 43.88133333333333,
        "ssim": 0.98157,
        "vmaf": 84.45806016333333,
        "fvd": 26.409698100702144,
        "st_rred": 0.7486468909030615,
        "movie_index": 1.0439151095531656
    },
    "Music_1920x1080_30fps_vp9.webm": {
        "psnr": 38.96926666666667,
        "ssim": 0.94948,
        "vmaf": 76.63773078666667,
        "fvd": 70.26013672340196,
        "st_rred": 2.2423178319282204,
        "movie_index": 9.562511367885858
    },
    "PaintingTilting_1920x1080_60fps_vp9.webm": {
        "psnr": 33.770900000000005,
        "ssim": 0.9384399999999999,
        "vmaf": 99.43210269666666,
        "fvd": 13.89718803444066,
        "st_rred": 0.6172696136900129,
        "movie_index": 2.6004927134434115
    },
    "ParkPlay_1920x1080_50fps_vp9.webm": {
        "psnr": 28.8672,
        "ssim": 0.733796,
        "vmaf": 42.550309448,
        "fvd": 173.94670120286128,
        "st_rred": 15.114697699501704,
        "movie_index": 3.437599526112338
    },
    "PlasmaAveragePan_1920x1080_60fps_vp9.webm": {
        "psnr": 40.3126,
        "ssim": 0.9779300000000001,
        "vmaf": 60.67528578666667,
        "fvd": 34.70023807468172,
        "st_rred": 0.24323343379466156,
        "movie_index": 0.3272067051767107
    },
    "PlasmaSlowRandom_1920x1080_60fps_vp9.webm": {
        "psnr": 49.50523333333333,
        "ssim": 0.9961166666666667,
        "vmaf": 81.46481271,
        "fvd": 3.876300154995789,
        "st_rred": 0.04669807272957183,
        "movie_index": 0.07330095019490523
    },
    "RockWater_1920x1080_30fps_vp9.webm": {
        "psnr": 30.915533333333332,
        "ssim": 0.9042266666666667,
        "vmaf": 59.66070294,
        "fvd": 196.603719943138,
        "st_rred": 4.3377744464985994,
        "movie_index": 5.013452529507195
    },
    "RockWave_1920x1080_30fps_vp9.webm": {
        "psnr": 26.087,
        "ssim": 0.8115133333333333,
        "vmaf": 39.13527462666667,
        "fvd": 204.36398997855247,
        "st_rred": 11.492633041176436,
        "movie_index": 4.574102457737762
    },
    "Rowing_1920x1080_30fps_vp9.webm": {
        "psnr": 29.05426666666667,
        "ssim": 0.8216666666666667,
        "vmaf": 29.074715013333336,
        "fvd": 337.46151980824834,
        "st_rred": 10.02993152994414,
        "movie_index": 6.346659458723645
    },
    "SmokeGuns_1920x1080_60fps_vp9.webm": {
        "psnr": 37.729033333333334,
        "ssim": 0.9357166666666665,
        "vmaf": 64.02892311,
        "fvd": 65.16764046057517,
        "st_rred": 1.8108876912560898,
        "movie_index": 1.5923544624976091
    },
    "Surfers_1920x1080_30fps_vp9.webm": {
        "psnr": 34.13086666666667,
        "ssim": 0.9116133333333333,
        "vmaf": 60.168956539999996,
        "fvd": 151.4740360112844,
        "st_rred": 3.7057818867466974,
        "movie_index": 4.1078391599175115
    },
    "Toys_1920x1080_30fps_vp9.webm": {
        "psnr": 32.71653333333333,
        "ssim": 0.9010266666666666,
        "vmaf": 69.32016272666667,
        "fvd": 79.74436820148776,
        "st_rred": 4.025054536847151,
        "movie_index": 1.805891569428796
    },
    "TreeGrassFamily_1920x1080_30fps_vp9.webm": {
        "psnr": 28.302999999999997,
        "ssim": 0.8046666666666666,
        "vmaf": 38.54189202,
        "fvd": 245.80185542149604,
        "st_rred": 7.873820868159122,