{
    "Beauty_1920x1080_120fps_420_8bit_YUV_h264.mp4": {
        "psnr": 38.83383333333333,
        "ssim": 0.8991916666666666,
        "vmaf": 78.31107531500001,
        "tssim": 0.8939387954073938,
        "tpsnr": 37.362990511478685,
        "fvd": 52.563434910270246
    },
    "Bosphorus_1920x1080_120fps_420_8bit_YUV_h264.mp4": {
        "psnr": 32.71313333333333,
        "ssim": 0.8625349999999999,
        "vmaf": 30.544612693333335,
        "tssim": 0.894945310645568,
        "tpsnr": 34.70257114607822,
        "fvd": 462.36871302488044
    },
    "HoneyBee_1920x1080_120fps_420_8bit_YUV_h264.mp4": {
        "psnr": 34.7859,
        "ssim": 0.8952116666666667,
        "vmaf": 44.74162869166666,
        "tssim": 0.9319876531859939,
        "tpsnr": 37.783753925253436,
        "fvd": 88.82651055365216
    },
    "Jockey_1920x1080_120fps_420_8bit_YUV_h264.mp4": {
        "psnr": 27.995533333333334,
        "ssim": 0.8435566666666667,
        "vmaf": 19.454529691666668,
        "tssim": 0.8645911745995892,
        "tpsnr": 29.35435656514112,
        "fvd": 1473.167339188311
    },
    "ReadySteadyGo_1920x1080_120fps_420_8bit_YUV_h264.mp4": {
        "psnr": 24.639483333333335,
        "ssim": 0.7294916666666666,
        "vmaf": 17.498430958333334,
        "tssim": 0.7986800381403502,
        "tpsnr": 26.57179850290136,
        "fvd": 1127.6624518162284
    },
    "ShakeNDry_1920x1080_120fps_420_8bit_YUV_h264.mp4": {
        "psnr": 30.355,
        "ssim": 0.7771833333333333,
        "vmaf": 20.339496256666667,
        "tssim": 0.8339784700226288,
        "tpsnr": 32.067502790470186,
        "fvd": 735.2626632436616
    },
    "YachtRide_1920x1080_120fps_420_8bit_YUV_h264.mp4": {
        "psnr": 27.759216666666664,
        "ssim": 0.7740250000000001,
        "vmaf": 15.782293888333333,
        "tssim": 0.7773964925493119,
        "tpsnr": 28.049883579769993,
        "fvd": 508.8100690892911
    }
}