{
    "BallUnderWater_1920x1080_60fps_h264.mp4": {
        "psnr": 40.2303,
        "ssim": 0.9685533333333333,
        "vmaf": 62.85848987,
        "fvd": 52.466663608840406,
        "st_rred": 1.5008451411469306,
        "movie_index": 1.125350948261178
    },
    "Bookcase_1920x1080_60fps_h264.mp4": {
        "psnr": 36.52863333333333,
        "ssim": 0.9472433333333333,
        "vmaf": 92.93577769333334,
        "fvd": 5.845526164423745,
        "st_rred": 1.2114406410428487,
        "movie_index": 2.5282859390096917
    },
    "Boxing_1920x1080_30fps_h264.mp4": {
        "psnr": 38.46,
        "ssim": 0.9514799999999999,
        "vmaf": 86.26930230666666,
        "fvd": 28.533307630108084,
        "st_rred": 3.1011983328500037,
        "movie_index": 2.273738486854822
    },
    "BricksLeaves_1920x1080_60fps_h264.mp4": {
        "psnr": 28.80633333333333,
        "ssim": 0.8620266666666667,
        "vmaf": 65.35194779,
        "fvd": 38.80202908274873,
        "st_rred": 6.785311222335775,
        "movie_index": 3.3550693204121846
    },
    "BridgeRiver_1920x1080_30fps_h264.mp4": {
        "psnr": 28.993533333333332,
        "ssim": 0.8737,
        "vmaf": 58.14624026666667,
        "fvd": 363.71408270165495,
        "st_rred": 6.519680747291616,
        "movie_index": 1.8896348580418016
    },
    "BubblesPitcher_1920x1080_60fps_h264.mp4": {
        "psnr": 38.80276666666666,
        "ssim": 0.9435966666666666,
        "vmaf": 49.22607124666666,
        "fvd": 114.72613659300032,
        "st_rred": 2.4611072956666256,
        "movie_index": 0.9789465525838543
    },
    "CalmingWater_1920x1080_60fps_h264.mp4": {
        "psnr": 26.270799999999998,
        "ssim": 0.66083,
        "vmaf": 17.42066671,
        "fvd": 317.4045405272659,
        "st_rred": 12.462546275887902,
        "movie_index": 5.936583783714269
    },
    "CarpetCircleFast_1920x1080_60fps_h264.mp4": {
        "psnr": 39.180166666666665,
        "ssim": 0.9258533333333334,
        "vmaf": 49.50009715,
        "fvd": 13.94333068309436,
        "st_rred": 2.2494943540475294,
        "movie_index": 4.23106380110999
    },
    "CloudsZoom_1920x1080_60fps_h264.mp4": {
        "psnr": 54.930566666666664,
        "ssim": 0.9975499999999999,
        "vmaf": 89.33166917333334,
        "fvd": 1.7160129715680625,
        "st_rred": 0.17481281545910926,
        "movie_index": 0.14130660005063317
    },
    "DiverFishAndRock_1920x1080_30fps_h264.mp4": {
        "psnr": 38.07273333333333,
        "ssim": 0.9559399999999999,
        "vmaf": 80.74412806666668,
        "fvd": 42.57100608509268,
        "st_rred": 2.2455408616168846,
        "movie_index": 3.185786997311867
    },
    "Diver_1920x1080_30fps_h264.mp4": {
        "psnr": 44.129266666666666,
        "ssim": 0.97678,
        "vmaf": 87.9077187,
        "fvd": 33.429582245784786,
        "st_rred": 1.753140424201466,
        "movie_index": 3.011474165690425
    },
    "FishAndRock_1920x1080_30fps_h264.mp4": {
        "psnr": 37.602133333333335,
        "ssim": 0.9414866666666666,
        "vmaf": 78.50531204,
        "fvd": 57.85988624970855,
        "st_rred": 2.657837151137901,
        "movie_index": 1.4349742014736138
    },
    "Fountain_1920x1080_50fps_h264.mp4": {
        "psnr": 31.66588,
        "ssim": 0.769024,
        "vmaf": 41.20130046,
        "fvd": 303.6896974167687,
        "st_rred": 12.85804884042342,
        "movie_index": 2.8100759240996886
    },
    "Grass_1920x1080_60fps_h264.mp4": {
        "psnr": 28.700366666666667,
        "ssim": 0.8022,
        "vmaf": 54.54510587,
        "fvd": 27.781365002927046,
        "st_rred": 7.161057007723361,
        "movie_index": 1.9705100712992476
    },
    "Hamster_1920x1080_60fps_h264.mp4": {
        "psnr": 38.77016666666666,
        "ssim": 0.9672133333333333,
        "vmaf": 79.95279609666667,
        "fvd": 20.684163464480775,
        "st_rred": 1.0999060609911986,
        "movie_index": 1.8220556454116286
    },
    "KineticFastPainting_1920x1080_60fps_h264.mp4": {
        "psnr": 27.7105,
        "ssim": 0.7551266666666667,
        "vmaf": 31.72407870333333,
        "fvd": 144.9298412397112,
        "st_rred": 9.054395332714847,
        "movie_index": 8.877852378481606
    },
    "Lightreef_1920x1080_30fps_h264.mp4": {
        "psnr": 28.990266666666667,
        "ssim": 0.8187466666666666,
        "vmaf": 60.44494308,
        "fvd": 166.79867694236975,
        "st_rred": 8.03070183761082,
        "movie_index": 11.169122878337067
    },
    "MartialArts_1920x1080_60fps_h264.mp4": {
        "psnr": 44.795033333333336,
        "ssim": 0.98469,
        "vmaf": 86.68423051,
        "fvd": 16.354046922325324,
        "st_rred": 0.8394671400811342,
        "movie_index": 0.8516985383071628
    },
    "Music_1920x1080_30fps_h264.mp4": {
        "psnr": 40.4514,
        "ssim": 0.9588466666666666,
        "vmaf": 84.24730968,
        "fvd": 30.13596430859434,
        "st_rred": 2.246980821776523,
        "movie_index": 8.156510412943042
    },
    "PaintingTilting_1920x1080_60fps_h264.mp4": {
        "psnr": 31.172466666666665,
        "ssim": 0.9253533333333334,
        "vmaf": 93.77865842333334,
        "fvd": 16.59270175770996,
        "st_rred": 2.8082965885621007,
        "movie_index": 3.18813811069398
    },
    "ParkPlay_1920x1080_50fps_h264.mp4": {
        "psnr": 28.730520000000002,
        "ssim": 0.744572,
        "vmaf": 39.895583172,
        "fvd": 132.73893707760635,
        "st_rred": 13.1005041953307,
        "movie_index": 2.354561362400591
    },
    "PlasmaAveragePan_1920x1080_60fps_h264.mp4": {
        "psnr": 44.08553333333333,
        "ssim": 0.9889466666666665,
        "vmaf": 77.0116726,
        "fvd": 5.812688812910594,
        "st_rred": 0.1981200259438176,
        "movie_index": 0.22100885945020313
    },
    "PlasmaSlowRandom_1920x1080_60fps_h264.mp4": {
        "psnr": 54.241299999999995,
        "ssim": 0.9985966666666667,
        "vmaf": 91.06430582333333,
        "fvd": 1.0172490385939454,
        "st_rred": 0.022923788012510937,
        "movie_index": 0.038492099550182006
    },
    "RockWater_1920x1080_30fps_h264.mp4": {
        "psnr": 31.36273333333333,
        "ssim": 0.9150933333333334,
        "vmaf": 64.53207594,
        "fvd": 113.95357554646898,
        "st_rred": 3.8511273592209427,
        "movie_index": 2.798058938660078
    },
    "RockWave_1920x1080_30fps_h264.mp4": {
        "psnr": 24.6556,
        "ssim": 0.7841066666666666,
        "vmaf": 29.34034813333333,
        "fvd": 222.2566861853727,
        "st_rred": 11.43334255383973,
        "movie_index": 4.529826623481392
    },
    "Rowing_1920x1080_30fps_h264.mp4": {
        "psnr": 28.108,
        "ssim": 0.8026466666666667,
        "vmaf": 23.725879459999998,
        "fvd": 501.21653430361584,
        "st_rred": 11.186958039234472,
        "movie_index": 6.419796563634937
    },
    "SmokeGuns_1920x1080_60fps_h264.mp4": {
        "psnr": 38.3112,
        "ssim": 0.9409466666666666,
        "vmaf": 66.61365902333334,
        "fvd": 68.48983502960323,
        "st_rred": 2.3365393723032533,
        "movie_index": 2.271640093280719
    },
    "Surfers_1920x1080_30fps_h264.mp4": {
        "psnr": 35.22933333333333,
        "ssim": 0.9284933333333334,
        "vmaf": 67.55181988666668,
        "fvd": 104.05596478965947,
        "st_rred": 3.5819034405035666,
        "movie_index": 2.3196407890559843
    },
    "Toys_1920x1080_30fps_h264.mp4": {
        "psnr": 33.4764,
        "ssim": 0.9189533333333334,
        "vmaf": 76.18641756666666,
        "fvd": 60.05619116628486,
        "st_rred": 3.388034343195031,
        "movie_index": 2.465858774097174
    },
    "TreeGrassFamily_1920x1080_30fps_h264.mp4": {
        "psnr": 29.146133333333335,
        "ssim": 0.82422,
        "vmaf": 46.23500636,
        "fvd": 255.8571965187042,
        "st_rred": 7.417605338919266,
        "movie_index": 1.6138107768641223
    },