{
    "BallUnderWater_1920x1080_60fps_vp9.webm": {
        "psnr": 43.3817,
        "ssim": 0.9778733333333333,
        "vmaf": 82.72473319333334,
        "fvd": 14.80402942616189,
        "st_rred": 0.8957495628539753,
        "movie_index": 0.9994622999210421
    },
    "Bookcase_1920x1080_60fps_vp9.webm": {
        "psnr": 41.52853333333333,
        "ssim": 0.9748533333333333,
        "vmaf": 99.89631992,
        "fvd": 1.3959061246330293,
        "st_rred": 0.29117786994886785,
        "movie_index": 1.9609654756094699
    },
    "Boxing_1920x1080_30fps_vp9.webm": {
        "psnr": 40.330466666666666,
        "ssim": 0.9615866666666667,
        "vmaf": 93.92192978666667,
        "fvd": 16.969557321731827,
        "st_rred": 2.7948908061631776,
        "movie_index": 2.3183202215489125
    },
    "BricksLeaves_1920x1080_60fps_vp9.webm": {
        "psnr": 31.891500000000004,
        "ssim": 0.9084666666666668,
        "vmaf": 77.47943676,
        "fvd": 29.99944359384108,
        "st_rred": 3.618064067854789,
        "movie_index": 3.4354359691582594
    },
    "BridgeRiver_1920x1080_30fps_vp9.webm": {
        "psnr": 30.162066666666668,
        "ssim": 0.8964133333333333,
        "vmaf": 62.920664959999996,
        "fvd": 258.39266291260475,
        "st_rred": 6.714349455604236,
        "movie_index": 2.665259748797289
    },
    "BubblesPitcher_1920x1080_60fps_vp9.webm": {
        "psnr": 40.8586,
        "ssim": 0.9550233333333333,
        "vmaf": 64.27724002666668,
        "fvd": 94.46518137692738,
        "st_rred": 1.6461841608731778,
        "movie_index": 0.821760737427501
    },
    "CalmingWater_1920x1080_60fps_vp9.webm": {
        "psnr": 29.338833333333334,
        "ssim": 0.7389433333333333,
        "vmaf": 36.39599539666666,
        "fvd": 55.48085037770602,
        "st_rred": 5.89773217143135,
        "movie_index": 4.735215008059473
    },
    "CarpetCircleFast_1920x1080_60fps_vp9.webm": {
        "psnr": 43.30826666666667,
        "ssim": 0.9643233333333332,
        "vmaf": 80.16859008,
        "fvd": 2.270005759839563,
        "st_rred": 0.7337623053030846,
        "movie_index": 2.189223318295335
    },
    "CloudsZoom_1920x1080_60fps_vp9.webm": {
        "psnr": 55.86593333333333,
        "ssim": 0.9976399999999999,
        "vmaf": 92.19730460666666,
        "fvd": 0.2040246364301126,
        "st_rred": 0.1022416068715849,
        "movie_index": 0.10489088657115864
    },
    "DiverFishAndRock_1920x1080_30fps_vp9.webm": {
        "psnr": 40.4478,
        "ssim": 0.9681733333333333,
        "vmaf": 89.25349690666665,
        "fvd": 25.78674834933031,
        "st_rred": 2.052530320708014,
        "movie_index": 4.210170933764253
    },
    "Diver_1920x1080_30fps_vp9.webm": {
        "psnr": 45.66226666666667,
        "ssim": 0.9807466666666667,
        "vmaf": 93.46226712666666,
        "fvd": 20.772935614139442,
        "st_rred": 2.007122023365647,
        "movie_index": 3.2566100787746426
    },
    "FishAndRock_1920x1080_30fps_vp9.webm": {
        "psnr": 39.943666666666665,
        "ssim": 0.9604266666666667,
        "vmaf": 87.58413646,
        "fvd": 51.09075203226598,
        "st_rred": 2.4754573832408084,
        "movie_index": 1.446205614247178
    },
    "Fountain_1920x1080_50fps_vp9.webm": {
        "psnr": 33.28151999999999,
        "ssim": 0.806268,
        "vmaf": 55.737801348,
        "fvd": 250.6958219588928,
        "st_rred": 10.94026379660618,
        "movie_index": 2.668169021127693
    },
    "Grass_1920x1080_60fps_vp9.webm": {
        "psnr": 31.43456666666667,
        "ssim": 0.8784466666666666,
        "vmaf": 68.21847073666666,
        "fvd": 11.98709724153938,
        "st_rred": 5.0388177939346015,
        "movie_index": 1.8612761110889673
    },
    "Hamster_1920x1080_60fps_vp9.webm": {
        "psnr": 41.015166666666666,
        "ssim": 0.9735433333333333,
        "vmaf": 90.29630524666668,
        "fvd": 11.9405039587175,
        "st_rred": 0.35837883189593,
        "movie_index": 1.693658450873799
    },
    "KineticFastPainting_1920x1080_60fps_vp9.webm": {
        "psnr": 32.9019,
        "ssim": 0.8650866666666667,
        "vmaf": 63.83188036666667,
        "fvd": 18.441214311697678,
        "st_rred": 1.0925083549460126,
        "movie_index": 5.222873179410214
    },
    "Lightreef_1920x1080_30fps_vp9.webm": {
        "psnr": 31.13713333333333,
        "ssim": 0.85988,
        "vmaf": 73.53944605333332,
        "fvd": 69.88537754892081,
        "st_rred": 6.635889407219253,
        "movie_index": 8.53202771180428
    },
    "MartialArts_1920x1080_60fps_vp9.webm": {
        "psnr": 47.229800000000004,
        "ssim": 0.9889033333333334,
        "vmaf": 93.78350119333334,
        "fvd": 7.43564811683143,
        "st_rred": 0.501850077321782,
        "movie_index": 0.8387946957554108
    },
    "Music_1920x1080_30fps_vp9.webm": {
        "psnr": 41.779066666666665,
        "ssim": 0.9646933333333334,
        "vmaf": 89.94740812,
        "fvd": 27.43667552741954,
        "st_rred": 2.014760272616483,
        "movie_index": 9.463616664677659
    },
    "PaintingTilting_1920x1080_60fps_vp9.webm": {
        "psnr": 36.44403333333334,
        "ssim": 0.9635933333333333,
        "vmaf": 99.96490383,
        "fvd": 5.294136727923558,
        "st_rred": 0.5090013380506946,
        "movie_index": 2.3631428990849486
    },
    "ParkPlay_1920x1080_50fps_vp9.webm": {
        "psnr": 30.89736,
        "ssim": 0.7985,
        "vmaf": 61.415835619999996,
        "fvd": 77.07571300820064,
        "st_rred": 11.94769382288413,
        "movie_index": 3.369794983461679
    },
    "PlasmaAveragePan_1920x1080_60fps_vp9.webm": {
        "psnr": 44.299099999999996,
        "ssim": 0.9880066666666666,
        "vmaf": 79.62062983333334,
        "fvd": 8.618021214910883,
        "st_rred": 0.13764963067047864,
        "movie_index": 0.2478950362042041
    },
    "PlasmaSlowRandom_1920x1080_60fps_vp9.webm": {
        "psnr": 53.8584,
        "ssim": 0.9981333333333333,
        "vmaf": 90.23439334333334,
        "fvd": 1.2316415999227672,
        "st_rred": 0.024805765316831208,
        "movie_index": 0.046768779604754916
    },
    "RockWater_1920x1080_30fps_vp9.webm": {
        "psnr": 33.991800000000005,
        "ssim": 0.93966,
        "vmaf": 76.74713674,
        "fvd": 73.63908110172088,
        "st_rred": 2.720021672604748,
        "movie_index": 4.7611766481559545
    },
    "RockWave_1920x1080_30fps_vp9.webm": {
        "psnr": 26.665266666666668,
        "ssim": 0.8270933333333333,
        "vmaf": 42.566106086666665,
        "fvd": 184.975468109664,
        "st_rred": 10.496631872419353,
        "movie_index": 4.493094944913915
    },
    "Rowing_1920x1080_30fps_vp9.webm": {
        "psnr": 30.243866666666666,
        "ssim": 0.8412733333333333,
        "vmaf": 39.37301174,
        "fvd": 229.1421674635169,
        "st_rred": 8.790861584301727,
        "movie_index": 5.787860814356964
    },
    "SmokeGuns_1920x1080_60fps_vp9.webm": {
        "psnr": 40.56126666666666,
        "ssim": 0.9567066666666667,
        "vmaf": 79.80005182666666,
        "fvd": 28.365646262582004,
        "st_rred": 1.650603185364968,
        "movie_index": 1.4140022657188682
    },
    "Surfers_1920x1080_30fps_vp9.webm": {
        "psnr": 36.54066666666667,
        "ssim": 0.9399333333333334,
        "vmaf": 74.2144809,
        "fvd": 75.23990213457944,
        "st_rred": 2.7452266472988676,
        "movie_index": 4.132598726341389
    },
    "Toys_1920x1080_30fps_vp9.webm": {
        "psnr": 36.23166666666667,
        "ssim": 0.94254,
        "vmaf": 89.93429412,
        "fvd": 36.49836781046042,
        "st_rred": 2.4911263346003523,
        "movie_index": 1.5623941099483694
    },
    "TreeGrassFamily_1920x1080_30fps_vp9.webm": {
        "psnr": 30.4288,
        "ssim": 0.8596133333333333,
        "vmaf": 51.54843606666667,
        "fvd": 137.27325383495952,
        "st_rred": 6.259803929661388,