{
    "BasketballDrive_1920x1080_50_h264.mp4": {
        "psnr": 37.335800000000006,
        "ssim": 0.920162,
        "vmaf": 94.369592408,
        "tssim": 0.9069473285073285,
        "tpsnr": 34.92211167941351,
        "fvd": 14.254721454752826
    },
    "BQTerrace_1920x1080_60_h264.mp4": {
        "psnr": 28.10853333333333,
        "ssim": 0.7821066666666667,
        "vmaf": 48.042672095,
        "tssim": 0.7201674661913182,
        "tpsnr": 25.669613779287705,
        "fvd": 289.0913122549182
    },
    "Cactus_1920x1080_50_h264.mp4": {
        "psnr": 29.15172,
        "ssim": 0.7759320000000001,
        "vmaf": 37.715753364,
        "tssim": 0.7093381308026235,
        "tpsnr": 26.400548311894784,
        "fvd": 264.09426122152587
    },
    "Kimono_1920x1080_24_h264.mp4": {
        "psnr": 33.91695833333333,
        "ssim": 0.8734458333333334,
        "vmaf": 50.026527279166665,
        "tssim": 0.8170328183624341,
        "tpsnr": 30.583691217909298,
        "fvd": 118.85141278385049
    },
    "ParkScene_1920x1080_24_h264.mp4": {
        "psnr": 31.466875,
        "ssim": 0.8185958333333333,
        "vmaf": 51.45354475833334,
        "tssim": 0.7681609784268709,
        "tpsnr": 28.894943125577154,
        "fvd": 92.139744597863
    },
    "BasketballDrive_1920x1080_50_hevc.mp4": {
        "psnr": 38.530919999999995,
        "ssim": 0.930922,
        "vmaf": 98.649322768,
        "tssim": 0.9224445442926185,
        "tpsnr": 36.18674684574226,
        "fvd": 14.217937612347669
    },
    "BQTerrace_1920x1080_60_hevc.mp4": {
        "psnr": 32.538783333333335,
        "ssim": 0.8629533333333335,
        "vmaf": 80.75532931333333,
        "tssim": 0.8500121120619084,
        "tpsnr": 31.070855674043123,
        "fvd": 142.17631303757207
    },
    "Cactus_1920x1080_50_hevc.mp4": {
        "psnr": 31.97016,
        "ssim": 0.8299739999999999,
        "vmaf": 61.58718450200001,
        "tssim": 0.8030757239780877,
        "tpsnr": 29.824683886969495,
        "fvd": 127.51009377900729
    },
    "Kimono_1920x1080_24_hevc.mp4": {
        "psnr": 37.14275,
        "ssim": 0.9136166666666666,
        "vmaf": 75.49985897083334,
        "tssim": 0.8947113454518498,
        "tpsnr": 34.56520635213812,
        "fvd": 55.123166944302056
    },
    "ParkScene_1920x1080_24_hevc.mp4": {
        "psnr": 34.17395833333333,
        "ssim": 0.8763500000000001,
        "vmaf": 74.89273735,
        "tssim": 0.8700407901051792,
        "tpsnr": 32.434135460953335,
        "fvd": 43.675508313619844
    },
    "BasketballDrive_1920x1080_50_vp9.webm": {
        "psnr": 36.6396,
        "ssim": 0.912262,
        "vmaf": 88.264911888,
        "tssim": 0.8899890040386866,
        "tpsnr": 33.643779372404474,
        "fvd": 24.713207238736686
    },
    "BQTerrace_1920x1080_60_vp9.webm": {
        "psnr": 32.8793,
        "ssim": 0.8716533333333333,
        "vmaf": 81.79545678833334,
        "tssim": 0.8596030053072787,
        "tpsnr": 31.362998806375494,
        "fvd": 106.62157732706874
    },
    "Cactus_1920x1080_50_vp9.webm": {
        "psnr": 32.36304,
        "ssim": 0.8462999999999999,
        "vmaf": 63.508404524,
        "tssim": 0.8154589573589742,
        "tpsnr": 29.935420305791027,
        "fvd": 65.7290381339576
    },
    "Kimono_1920x1080_24_vp9.webm": {
        "psnr": 37.01883333333333,
        "ssim": 0.9138916666666667,
        "vmaf": 71.62564895416668,
        "tssim": 0.8870744349108698,
        "tpsnr": 34.360396014097844,
        "fvd": 45.12915127854626
    },
    "ParkScene_1920x1080_24_vp9.webm": {
        "psnr": 34.25645833333333,
        "ssim": 0.8793416666666667,
        "vmaf": 72.23484789166667,
        "tssim": 0.8647985904929598,
        "tpsnr": 32.35008452826464,
        "fvd": 42.25368836576979
    }
}