{
    "Bosphorus_1920x1080_120fps_420_8bit_YUV_hevc.mp4": {
        "psnr": 39.45321666666667,
        "ssim": 0.94548,
        "vmaf": 79.66945203333333,
        "tssim": 0.9331741489906268,
        "tpsnr": 37.490087805287864,
        "fvd": 51.42968431445456
    },
    "HoneyBee_1920x1080_120fps_420_8bit_YUV_hevc.mp4": {
        "psnr": 42.18008333333333,
        "ssim": 0.9624033333333334,
        "vmaf": 90.964385205,
        "tssim": 0.9579431159129035,
        "tpsnr": 40.74572792435329,
        "fvd": 15.430717574025664
    },
    "Jockey_1920x1080_120fps_420_8bit_YUV_hevc.mp4": {
        "psnr": 39.0259,
        "ssim": 0.9362483333333333,
        "vmaf": 80.76516501666666,
        "tssim": 0.9063922460207959,
        "tpsnr": 32.86883564345626,
        "fvd": 14.454245243749938
    },
    "ReadySteadyGo_1920x1080_120fps_420_8bit_YUV_hevc.mp4": {
        "psnr": 33.16746666666666,
        "ssim": 0.8908450000000001,
        "vmaf": 72.73387089166667,
        "tssim": 0.8562079987830122,
        "tpsnr": 28.86904160845061,
        "fvd": 86.47761595804127
    },
    "ShakeNDry_1920x1080_120fps_420_8bit_YUV_hevc.mp4": {
        "psnr": 35.9152,
        "ssim": 0.8903666666666668,
        "vmaf": 64.94881922,
        "tssim": 0.8612829146669818,
        "tpsnr": 33.253187504899145,
        "fvd": 92.32730000790616
    },
    "YachtRide_1920x1080_120fps_420_8bit_YUV_hevc.mp4": {
        "psnr": 32.68053333333333,
        "ssim": 0.8712633333333334,
        "vmaf": 51.10980266166666,
        "tssim": 0.8296652442913445,
        "tpsnr": 30.05859482308262,
        "fvd": 190.31542304771028
    },
    "Beauty_1920x1080_120fps_420_8bit_YUV_hevc.mp4": {
        "psnr": 38.13271666666667,
        "ssim": 0.8926000000000001,
        "vmaf": 71.59783339666667,
        "tssim": 0.8874667682053123,
        "tpsnr": 36.3389424242838,
        "fvd": 69.16552624332724
    }
}