{
    "BasketballDrive_1920x1080_50_h264.mp4": {
        "psnr": 35.00058,
        "ssim": 0.891772,
        "vmaf": 79.58881369,
        "tssim": 0.8654262491092981,
        "tpsnr": 32.08829428342158
    },
    "BQTerrace_1920x1080_60_h264.mp4": {
        "psnr": 28.10853333333333,
        "ssim": 0.7821066666666667,
        "vmaf": 48.042672095,
        "tssim": 0.7201674661913182,
        "tpsnr": 25.669613779287705
    },
    "Cactus_1920x1080_50_h264.mp4": {
        "psnr": 29.15172,
        "ssim": 0.7759320000000001,
        "vmaf": 37.715753364,
        "tssim": 0.7093381308026235,
        "tpsnr": 26.400548311894784
    },
    "Kimono_1920x1080_24_h264.mp4": {
        "psnr": 33.91695833333333,
        "ssim": 0.8734458333333334,
        "vmaf": 50.026527279166665,
        "tssim": 0.8170328183624341,
        "tpsnr": 30.583691217909298
    },
    "ParkScene_1920x1080_24_h264.mp4": {
        "psnr": 31.466875,
        "ssim": 0.8185958333333333,
        "vmaf": 51.45354475833334,
        "tssim": 0.7681609784268709,
        "tpsnr": 28.894943125577154
    }
}