{
    "BasketballDrive_1920x1080_50_hevc.mp4": {
        "psnr": 35.93558,
        "ssim": 0.899526,
        "vmaf": 87.03101084800001,
        "tssim": 0.8816730544778717,
        "tpsnr": 33.05485626404175,
        "fvd": 20.74835933015538,
        "movie_index": 6.738778292595265,
        "st_rred": 6.056559014719255
    },
    "BQTerrace_1920x1080_60_hevc.mp4": {
        "psnr": 34.9282,
        "ssim": 0.8973850000000001,
        "vmaf": 93.11515129,
        "tssim": 0.8914475646813474,
        "tpsnr": 33.58511091114484,
        "fvd": 59.77321907130363,
        "movie_index": 105.81506240117878,
        "st_rred": 8.412515531691945
    },
    "Cactus_1920x1080_50_hevc.mp4": {
        "psnr": 35.47182,
        "ssim": 0.893376,
        "vmaf": 85.806610888,
        "tssim": 0.8879128713302634,
        "tpsnr": 33.672697629145006,
        "fvd": 39.72567944510331,
        "movie_index": 43.390235216649835,
        "st_rred": 7.175120079302122
    },
    "Kimono_1920x1080_24_hevc.mp4": {
        "psnr": 40.55495833333334,
        "ssim": 0.9484041666666666,
        "vmaf": 93.0895153375,
        "tssim": 0.944887491860588,
        "tpsnr": 38.61650278578244,
        "fvd": 15.72349713615813,
        "movie_index": 13.57973737285227,
        "st_rred": 3.3404103240801266
    },
    "ParkScene_1920x1080_24_hevc.mp4": {
        "psnr": 37.66641666666667,
        "ssim": 0.9309291666666667,
        "vmaf": 90.80530795,
        "tssim": 0.9352107060662757,
        "tpsnr": 36.3708809569291,
        "fvd": 14.080682460743333,
        "movie_index": 9.354137164871812,
        "st_rred": 4.179776448807322
    }
}