{
    "BallUnderWater_1920x1080_60fps_av1.mkv": {
        "psnr": 44.41546666666667,
        "ssim": 0.9810199999999999,
        "vmaf": 86.88809652666667,
        "fvd": 27.949623817076827
    },
    "Bookcase_1920x1080_60fps_av1.mkv": {
        "psnr": 42.6443,
        "ssim": 0.9799566666666666,
        "vmaf": 99.97356407333332,
        "fvd": 1.7397817898988706
    },
    "Boxing_1920x1080_30fps_av1.mkv": {
        "psnr": 41.46673333333334,
        "ssim": 0.9682133333333334,
        "vmaf": 98.17718176,
        "fvd": 19.986358225566164
    },
    "BricksLeaves_1920x1080_60fps_av1.mkv": {
        "psnr": 33.1539,
        "ssim": 0.9299666666666667,
        "vmaf": 81.23184436,
        "fvd": 59.161514961756296
    },
    "BridgeRiver_1920x1080_30fps_av1.mkv": {
        "psnr": 31.034200000000002,
        "ssim": 0.9120866666666668,
        "vmaf": 68.88392851333333,
        "fvd": 413.2228982008253
    },
    "BubblesPitcher_1920x1080_60fps_av1.mkv": {
        "psnr": 41.61536666666667,
        "ssim": 0.9620433333333334,
        "vmaf": 69.49630304,
        "fvd": 109.07623693511232
    },
    "CalmingWater_1920x1080_60fps_av1.mkv": {
        "psnr": 29.173266666666667,
        "ssim": 0.73722,
        "vmaf": 28.549958566666664,
        "fvd": 81.13486272471113
    },
    "CarpetCircleFast_1920x1080_60fps_av1.mkv": {
        "psnr": 43.69493333333333,
        "ssim": 0.9683166666666667,
        "vmaf": 78.73024785,
        "fvd": 3.3485374953424696
    },
    "CloudsZoom_1920x1080_60fps_av1.mkv": {
        "psnr": 55.903866666666666,
        "ssim": 0.9979366666666666,
        "vmaf": 91.90548895333333,
        "fvd": 1.1786032373250261
    },
    "DiverFishAndRock_1920x1080_30fps_av1.mkv": {
        "psnr": 41.53,
        "ssim": 0.9735733333333333,
        "vmaf": 93.62712784666667,
        "fvd": 36.491770672824714
    },
    "Diver_1920x1080_30fps_av1.mkv": {
        "psnr": 45.81486666666667,
        "ssim": 0.98148,
        "vmaf": 93.69819528,
        "fvd": 33.04804925431381
    },
    "FishAndRock_1920x1080_30fps_av1.mkv": {
        "psnr": 40.6106,
        "ssim": 0.9661133333333334,
        "vmaf": 91.20038229333333,
        "fvd": 27.513045287719024
    },
    "Fountain_1920x1080_50fps_av1.mkv": {
        "psnr": 34.023,
        "ssim": 0.827992,
        "vmaf": 60.913505356,
        "fvd": 284.72840837860576
    },
    "Grass_1920x1080_60fps_av1.mkv": {
        "psnr": 32.99756666666667,
        "ssim": 0.9131433333333333,
        "vmaf": 76.16649045,
        "fvd": 53.25623432478022
    },
    "Hamster_1920x1080_60fps_av1.mkv": {
        "psnr": 43.062333333333335,
        "ssim": 0.9826933333333333,
        "vmaf": 95.29419971666667,
        "fvd": 11.90445090349067
    },
    "KineticFastPainting_1920x1080_60fps_av1.mkv": {
        "psnr": 34.322833333333335,
        "ssim": 0.8990500000000001,
        "vmaf": 68.75418333,
        "fvd": 26.63221183959942
    },
    "Lightreef_1920x1080_30fps_av1.mkv": {
        "psnr": 31.846933333333332,
        "ssim": 0.8806266666666667,
        "vmaf": 78.08207103333334,
        "fvd": 78.90540502056638
    },
    "MartialArts_1920x1080_60fps_av1.mkv": {
        "psnr": 48.09246666666667,
        "ssim": 0.9916366666666666,
        "vmaf": 93.88117292333334,
        "fvd": 9.87681468835217
    },
    "Music_1920x1080_30fps_av1.mkv": {
        "psnr": 42.705,
        "ssim": 0.9708,
        "vmaf": 92.90477917333334,
        "fvd": 26.314612570423378
    },
    "PaintingTilting_1920x1080_60fps_av1.mkv": {
        "psnr": 37.405766666666665,
        "ssim": 0.9699466666666666,
        "vmaf": 99.9766735,
        "fvd": 5.0174725574188415
    },
    "ParkPlay_1920x1080_50fps_av1.mkv": {
        "psnr": 31.84528,
        "ssim": 0.831776,
        "vmaf": 65.73651339199999,
        "fvd": 84.877816369833
    },
    "PlasmaAveragePan_1920x1080_60fps_av1.mkv": {
        "psnr": 47.10443333333333,
        "ssim": 0.9927333333333334,
        "vmaf": 88.62392437333334,
        "fvd": 4.740476515156288
    },
    "PlasmaSlowRandom_1920x1080_60fps_av1.mkv": {
        "psnr": 55.92803333333333,
        "ssim": 0.9989199999999999,
        "vmaf": 93.53776768,
        "fvd": 0.5845194297679654
    },
    "RockWater_1920x1080_30fps_av1.mkv": {
        "psnr": 35.4238,
        "ssim": 0.9519933333333334,
        "vmaf": 85.73005504666666,
        "fvd": 80.19864210839705
    },
    "RockWave_1920x1080_30fps_av1.mkv": {
        "psnr": 25.823533333333334,
        "ssim": 0.8084933333333333,
        "vmaf": 32.53640876666666,
        "fvd": 305.8949671859873
    },
    "Rowing_1920x1080_30fps_av1.mkv": {
        "psnr": 30.4336,
        "ssim": 0.8507266666666666,
        "vmaf": 41.88400870666666,
        "fvd": 265.5443751621938
    },
    "SmokeGuns_1920x1080_60fps_av1.mkv": {
        "psnr": 42.01853333333333,
        "ssim": 0.9665966666666667,
        "vmaf": 85.76058899666667,
        "fvd": 38.58441751861153
    },
    "Surfers_1920x1080_30fps_av1.mkv": {
        "psnr": 37.959,
        "ssim": 0.95392,
        "vmaf": 81.05266498,
        "fvd": 61.531427235794354
    },
    "Toys_1920x1080_30fps_av1.mkv": {
        "psnr": 36.97646666666667,
        "ssim": 0.9519466666666667,
        "vmaf": 94.20820628,
        "fvd": 34.930028926714385
    },
    "TreeGrassFamily_1920x1080_30fps_av1.mkv": {
        "psnr": 31.363400000000002,
        "ssim": 0.8818733333333334,
        "vmaf": 58.74107252,
        "fvd": 235.9991046546378
    },
    "TreeTrunk_1920x1080_50fps_av1.mkv": {
        "psnr": 35.00972,
        "ssim": 0.932384,
        "vmaf": 99.94875539200001,
        "fvd": 7.643701101383101
    },
    "Typing_1920x1080_60fps_av1.mkv": {
        "psnr": 46.6521,
        "ssim": 0.9882766666666667,
        "vmaf": 94.46982134333334,
        "fvd": 16.85521455436026
    }
}