{
    "Beauty_1920x1080_120fps_420_8bit_YUV_h264.mp4": {
        "psnr": 37.732416666666666,
        "ssim": 0.8901083333333334,
        "vmaf": 63.861644121666664,
        "tssim": 0.8787931076307405,
        "tpsnr": 35.665433027111426
    },
    "Bosphorus_1920x1080_120fps_420_8bit_YUV_h264.mp4": {
        "psnr": 32.71313333333333,
        "ssim": 0.8625349999999999,
        "vmaf": 30.544612693333335,
        "tssim": 0.894945310645568,
        "tpsnr": 34.70257114607822
    },
    "HoneyBee_1920x1080_120fps_420_8bit_YUV_h264.mp4": {
        "psnr": 34.7859,
        "ssim": 0.8952116666666667,
        "vmaf": 44.74162869166666,
        "tssim": 0.9319876531859939,
        "tpsnr": 37.783753925253436
    },
    "Jockey_1920x1080_120fps_420_8bit_YUV_h264.mp4": {
        "psnr": 27.995533333333334,
        "ssim": 0.8435566666666667,
        "vmaf": 19.454529691666668,
        "tssim": 0.8645911745995892,
        "tpsnr": 29.35435656514112
    },
    "ReadySteadyGo_1920x1080_120fps_420_8bit_YUV_h264.mp4": {
        "psnr": 24.639483333333335,
        "ssim": 0.7294916666666666,
        "vmaf": 17.498430958333334,
        "tssim": 0.7986800381403502,
        "tpsnr": 26.57179850290136
    },
    "ShakeNDry_1920x1080_120fps_420_8bit_YUV_h264.mp4": {
        "psnr": 30.355,
        "ssim": 0.7771833333333333,
        "vmaf": 20.339496256666667,
        "tssim": 0.8339784700226288,
        "tpsnr": 32.067502790470186
    },
    "YachtRide_1920x1080_120fps_420_8bit_YUV_h264.mp4": {
        "psnr": 27.759216666666664,
        "ssim": 0.7740250000000001,
        "vmaf": 15.782293888333333,
        "tssim": 0.7773964925493119,
        "tpsnr": 28.049883579769993
    }
}