{
    "Beauty_1920x1080_120fps_420_8bit_YUV_h264.mp4": {
        "psnr": 39.16428333333333,
        "ssim": 0.9025050000000001,
        "vmaf": 82.538919935
    },
    "Bosphorus_1920x1080_120fps_420_8bit_YUV_h264.mp4": {
        "psnr": 42.57926666666667,
        "ssim": 0.9699666666666666,
        "vmaf": 89.86384975666667
    },
    "HoneyBee_1920x1080_120fps_420_8bit_YUV_h264.mp4": {
        "psnr": 42.919016666666664,
        "ssim": 0.9676633333333332,
        "vmaf": 93.68464921166667
    },
    "Jockey_1920x1080_120fps_420_8bit_YUV_h264.mp4": {
        "psnr": 41.99285,
        "ssim": 0.9579833333333333,
        "vmaf": 93.72626195333333
    },
    "ReadySteadyGo_1920x1080_120fps_420_8bit_YUV_h264.mp4": {
        "psnr": 38.45151666666666,
        "ssim": 0.955835,
        "vmaf": 97.57713891166667
    },
    "ShakeNDry_1920x1080_120fps_420_8bit_YUV_h264.mp4": {
        "psnr": 38.607866666666666,
        "ssim": 0.9331966666666667,
        "vmaf": 78.68121625666667
    },
    "YachtRide_1920x1080_120fps_420_8bit_YUV_h264.mp4": {
        "psnr": 36.1875,
        "ssim": 0.9282716666666666,
        "vmaf": 74.05548420833333
    }
}