{
    "BasketballDrive_1920x1080_50_hevc.mp4": {
        "psnr": 36.78958,
        "ssim": 0.910744,
        "vmaf": 91.93420553,
        "tssim": 0.8961787394752305,
        "tpsnr": 34.03379279387021,
        "fvd": 21.64607016459354,
        "movie_index": 7.413268585541922,
        "st_rred": 27.65517702676057
    },
    "BQTerrace_1920x1080_60_hevc.mp4": {
        "psnr": 32.538783333333335,
        "ssim": 0.8629533333333335,
        "vmaf": 80.75532931333333,
        "tssim": 0.8500121120619084,
        "tpsnr": 31.070855674043123,
        "fvd": 142.17631303757207,
        "movie_index": 124.04488010980648,
        "st_rred": 17.074295076625376
    },
    "Cactus_1920x1080_50_hevc.mp4": {
        "psnr": 31.97016,
        "ssim": 0.8299739999999999,
        "vmaf": 61.58718450200001,
        "tssim": 0.8030757239780877,
        "tpsnr": 29.824683886969495,
        "fvd": 127.51009377900729,
        "movie_index": 43.86971107358206,
        "st_rred": 18.641526794531064
    },
    "Kimono_1920x1080_24_hevc.mp4": {
        "psnr": 37.14275,
        "ssim": 0.9136166666666666,
        "vmaf": 75.49985897083334,
        "tssim": 0.8947113454518498,
        "tpsnr": 34.56520635213812,
        "fvd": 55.123166944302056,
        "movie_index": 14.395679955078467,
        "st_rred": 16.581704031099406
    },
    "ParkScene_1920x1080_24_hevc.mp4": {
        "psnr": 34.17395833333333,
        "ssim": 0.8763500000000001,
        "vmaf": 74.89273735,
        "tssim": 0.8700407901051792,
        "tpsnr": 32.434135460953335,
        "fvd": 43.675508313619844,
        "movie_index": 9.464588642556796,
        "st_rred": 15.774758047325136
    }
}