{
    "BallUnderWater_1920x1080_60fps_h264.mp4": {
        "psnr": 45.292566666666666,
        "ssim": 0.9824833333333334,
        "vmaf": 91.22521183333333,
        "fvd": 6.330746381490542
    },
    "Bookcase_1920x1080_60fps_h264.mp4": {
        "psnr": 42.13223333333333,
        "ssim": 0.9789533333333332,
        "vmaf": 99.97107837,
        "fvd": 1.8567162579297474
    },
    "Boxing_1920x1080_30fps_h264.mp4": {
        "psnr": 42.46366666666667,
        "ssim": 0.9709466666666666,
        "vmaf": 99.83272636000001,
        "fvd": 5.766571146061096
    },
    "BricksLeaves_1920x1080_60fps_h264.mp4": {
        "psnr": 35.16683333333333,
        "ssim": 0.94898,
        "vmaf": 91.53136995,
        "fvd": 8.649998628994126
    },
    "BridgeRiver_1920x1080_30fps_h264.mp4": {
        "psnr": 34.10893333333333,
        "ssim": 0.9424666666666667,
        "vmaf": 85.70464528000001,
        "fvd": 108.69949686628914
    },
    "BubblesPitcher_1920x1080_60fps_h264.mp4": {
        "psnr": 42.98583333333333,
        "ssim": 0.9702133333333334,
        "vmaf": 78.56590044333333,
        "fvd": 32.98877686603919
    },
    "CalmingWater_1920x1080_60fps_h264.mp4": {
        "psnr": 30.052633333333336,
        "ssim": 0.76836,
        "vmaf": 38.173006396666665,
        "fvd": 30.638350229032028
    },
    "CarpetCircleFast_1920x1080_60fps_h264.mp4": {
        "psnr": 43.30693333333333,
        "ssim": 0.9648,
        "vmaf": 80.78129467666668,
        "fvd": 1.9853498355172974
    },
    "CloudsZoom_1920x1080_60fps_h264.mp4": {
        "psnr": 59.1618,
        "ssim": 0.9989733333333334,
        "vmaf": 93.60400607,
        "fvd": 0.08426505502494308
    },
    "DiverFishAndRock_1920x1080_30fps_h264.mp4": {
        "psnr": 42.89706666666667,
        "ssim": 0.9788733333333333,
        "vmaf": 97.57961722,
        "fvd": 8.084770805636026
    },
    "Diver_1920x1080_30fps_h264.mp4": {
        "psnr": 46.370066666666666,
        "ssim": 0.9816533333333333,
        "vmaf": 96.0500306,
        "fvd": 10.628251934760101
    },
    "FishAndRock_1920x1080_30fps_h264.mp4": {
        "psnr": 41.57653333333333,
        "ssim": 0.9717266666666666,
        "vmaf": 95.48004162666666,
        "fvd": 16.610042793447406
    },
    "Fountain_1920x1080_50fps_h264.mp4": {
        "psnr": 34.26484,
        "ssim": 0.834872,
        "vmaf": 66.956504812,
        "fvd": 92.7592504161289
    },
    "Grass_1920x1080_60fps_h264.mp4": {
        "psnr": 33.440266666666666,
        "ssim": 0.9193166666666667,
        "vmaf": 80.48471485666666,
        "fvd": 10.209107825225338
    },
    "Hamster_1920x1080_60fps_h264.mp4": {
        "psnr": 44.1786,
        "ssim": 0.9857133333333333,
        "vmaf": 97.52483190999999,
        "fvd": 3.064890869310716
    },
    "KineticFastPainting_1920x1080_60fps_h264.mp4": {
        "psnr": 35.753566666666664,
        "ssim": 0.9229366666666667,
        "vmaf": 79.17428774333334,
        "fvd": 7.790553775146236
    },
    "Lightreef_1920x1080_30fps_h264.mp4": {
        "psnr": 32.95853333333333,
        "ssim": 0.90278,
        "vmaf": 86.50497055333334,
        "fvd": 49.389142933623475
    },
    "MartialArts_1920x1080_60fps_h264.mp4": {
        "psnr": 48.7881,
        "ssim": 0.9923333333333333,
        "vmaf": 94.87752467,
        "fvd": 3.745273491207513
    },
    "Music_1920x1080_30fps_h264.mp4": {
        "psnr": 43.746066666666664,
        "ssim": 0.9739000000000001,
        "vmaf": 96.73686702,
        "fvd": 10.022304484020879
    },
    "PaintingTilting_1920x1080_60fps_h264.mp4": {
        "psnr": 36.326033333333335,
        "ssim": 0.9667466666666666,
        "vmaf": 99.97188428333334,
        "fvd": 5.633193568951356
    },
    "ParkPlay_1920x1080_50fps_h264.mp4": {
        "psnr": 33.27332,
        "ssim": 0.866028,
        "vmaf": 81.971394316,
        "fvd": 27.32519102492938
    },
    "PlasmaAveragePan_1920x1080_60fps_h264.mp4": {
        "psnr": 50.1162,
        "ssim": 0.9963233333333333,
        "vmaf": 94.59547434,
        "fvd": 0.6578103580784216
    },
    "PlasmaSlowRandom_1920x1080_60fps_h264.mp4": {
        "psnr": 62.598933333333335,
        "ssim": 0.9999466666666667,
        "vmaf": 97.06308853,
        "fvd": 0.05532534631470298
    },
    "RockWater_1920x1080_30fps_h264.mp4": {
        "psnr": 37.12433333333333,
        "ssim": 0.9667333333333332,
        "vmaf": 95.8341538,
        "fvd": 16.633125410886123
    },
    "RockWave_1920x1080_30fps_h264.mp4": {
        "psnr": 28.7692,
        "ssim": 0.8904066666666667,
        "vmaf": 64.39788386666667,
        "fvd": 70.9707028784045
    },
    "Rowing_1920x1080_30fps_h264.mp4": {
        "psnr": 32.425133333333335,
        "ssim": 0.89206,
        "vmaf": 64.15589028,
        "fvd": 104.25032260975922
    },
    "SmokeGuns_1920x1080_60fps_h264.mp4": {
        "psnr": 42.41573333333333,
        "ssim": 0.9673633333333334,
        "vmaf": 88.48236579666667,
        "fvd": 19.026772958607808
    },
    "Surfers_1920x1080_30fps_h264.mp4": {
        "psnr": 39.99453333333334,
        "ssim": 0.96726,
        "vmaf": 91.20760226,
        "fvd": 35.83797873395338
    },
    "Toys_1920x1080_30fps_h264.mp4": {
        "psnr": 38.779466666666664,
        "ssim": 0.9647333333333333,
        "vmaf": 99.27584454,
        "fvd": 10.944859013662608
    },
    "TreeGrassFamily_1920x1080_30fps_h264.mp4": {
        "psnr": 33.68253333333333,
        "ssim": 0.9192266666666667,
        "vmaf": 77.12630078666666,
        "fvd": 77.72435509495654
    },
    "TreeTrunk_1920x1080_50fps_h264.mp4": {
        "psnr": 31.063119999999998,
        "ssim": 0.86576,
        "vmaf": 86.094264344,
        "fvd": 18.74611900401038
    },
    "Typing_1920x1080_60fps_h264.mp4": {
        "psnr": 46.1958,
        "ssim": 0.9866366666666666,
        "vmaf": 94.48166545333333,
        "fvd": 7.030479661904451
    }
}