{
    "Beauty_1920x1080_120fps_420_8bit_YUV_vp9.webm": {
        "psnr": 37.54593333333334,
        "ssim": 0.8893966666666667,
        "vmaf": 59.89196228833333,
        "tssim": 0.8777781736145516,
        "tpsnr": 35.11429852595512,
        "fvd": 80.66513360399199
    },
    "Bosphorus_1920x1080_120fps_420_8bit_YUV_vp9.webm": {
        "psnr": 37.801383333333334,
        "ssim": 0.9290183333333334,
        "vmaf": 66.94115747833334,
        "tssim": 0.883584146107327,
        "tpsnr": 34.23307053593045,
        "fvd": 131.50901383667997
    },
    "HoneyBee_1920x1080_120fps_420_8bit_YUV_vp9.webm": {
        "psnr": 42.63418333333333,
        "ssim": 0.9661233333333333,
        "vmaf": 90.78797904,
        "tssim": 0.9563933098162427,
        "tpsnr": 40.759761179826896,
        "fvd": 14.349618596488313
    },
    "Jockey_1920x1080_120fps_420_8bit_YUV_vp9.webm": {
        "psnr": 37.957166666666666,
        "ssim": 0.9318083333333333,
        "vmaf": 69.23417481833333,
        "tssim": 0.8754629876785613,
        "tpsnr": 29.92103537812655,
        "fvd": 44.22640952351503
    },
    "ReadySteadyGo_1920x1080_120fps_420_8bit_YUV_vp9.webm": {
        "psnr": 31.546866666666666,
        "ssim": 0.8632500000000001,
        "vmaf": 60.99517073166667,
        "tssim": 0.8021464394873794,
        "tpsnr": 26.861841071229147,
        "fvd": 94.99594464893562
    },
    "ShakeNDry_1920x1080_120fps_420_8bit_YUV_vp9.webm": {
        "psnr": 34.0045,
        "ssim": 0.8591466666666667,
        "vmaf": 46.20091231,
        "tssim": 0.817031318151495,
        "tpsnr": 31.26180780850924,
        "fvd": 163.24622489486
    },
    "YachtRide_1920x1080_120fps_420_8bit_YUV_vp9.webm": {
        "psnr": 30.835683333333332,
        "ssim": 0.8356816666666667,
        "vmaf": 38.007265939999996,
        "tssim": 0.7731932513794492,
        "tpsnr": 27.9945069250957,
        "fvd": 310.86799259680015
    },
    "Beauty_1920x1080_120fps_420_8bit_YUV_h264.mp4": {
        "psnr": 36.51631666666667,
        "ssim": 0.8803966666666667,
        "vmaf": 50.401818051666666
    },
    "Bosphorus_1920x1080_120fps_420_8bit_YUV_h264.mp4": {
        "psnr": 36.577666666666666,
        "ssim": 0.9173283333333334,
        "vmaf": 58.916494740000005
    },
    "HoneyBee_1920x1080_120fps_420_8bit_YUV_h264.mp4": {
        "psnr": 38.80168333333333,
        "ssim": 0.9390433333333332,
        "vmaf": 74.57199683333333
    },
    "Jockey_1920x1080_120fps_420_8bit_YUV_h264.mp4": {
        "psnr": 34.260266666666666,
        "ssim": 0.9046783333333334,
        "vmaf": 46.925116958333334
    },
    "ReadySteadyGo_1920x1080_120fps_420_8bit_YUV_h264.mp4": {
        "psnr": 29.832483333333336,
        "ssim": 0.8424416666666668,
        "vmaf": 47.429058049999995
    },
    "ShakeNDry_1920x1080_120fps_420_8bit_YUV_h264.mp4": {
        "psnr": 34.2802,
        "ssim": 0.8652,
        "vmaf": 49.71459454666667
    },
    "YachtRide_1920x1080_120fps_420_8bit_YUV_h264.mp4": {
        "psnr": 30.481616666666667,
        "ssim": 0.8320883333333333,
        "vmaf": 33.130548096666665
    },
    "Beauty_1920x1080_120fps_420_8bit_YUV_hevc.mp4": {
        "psnr": 38.13271666666667,
        "ssim": 0.8926000000000001,
        "vmaf": 71.59783339666667
    },
    "Bosphorus_1920x1080_120fps_420_8bit_YUV_hevc.mp4": {
        "psnr": 39.45321666666667,
        "ssim": 0.94548,
        "vmaf": 79.66945203333333
    },
    "HoneyBee_1920x1080_120fps_420_8bit_YUV_hevc.mp4": {
        "psnr": 42.18008333333333,
        "ssim": 0.9624033333333334,
        "vmaf": 90.964385205
    },
    "Jockey_1920x1080_120fps_420_8bit_YUV_hevc.mp4": {
        "psnr": 39.0259,
        "ssim": 0.9362483333333333,
        "vmaf": 80.76516501666666
    },
    "ReadySteadyGo_1920x1080_120fps_420_8bit_YUV_hevc.mp4": {
        "psnr": 33.16746666666666,
        "ssim": 0.8908450000000001,
        "vmaf": 72.73387089166667
    },
    "ShakeNDry_1920x1080_120fps_420_8bit_YUV_hevc.mp4": {
        "psnr": 35.9152,
        "ssim": 0.8903666666666668,
        "vmaf": 64.94881922
    },
    "YachtRide_1920x1080_120fps_420_8bit_YUV_hevc.mp4": {
        "psnr": 32.68053333333333,
        "ssim": 0.8712633333333334,
        "vmaf": 51.10980266166666
    }
}