{
    "BallUnderWater_1920x1080_60fps_vp9.webm": {
        "psnr": 43.3817,
        "ssim": 0.9778733333333333,
        "vmaf": 82.72473319333334,
        "fvd": 14.80402942616189
    },
    "Bookcase_1920x1080_60fps_vp9.webm": {
        "psnr": 41.52853333333333,
        "ssim": 0.9748533333333333,
        "vmaf": 99.89631992,
        "fvd": 1.3959061246330293
    },
    "Boxing_1920x1080_30fps_vp9.webm": {
        "psnr": 40.330466666666666,
        "ssim": 0.9615866666666667,
        "vmaf": 93.92192978666667,
        "fvd": 16.969557321731827
    },
    "BricksLeaves_1920x1080_60fps_vp9.webm": {
        "psnr": 31.891500000000004,
        "ssim": 0.9084666666666668,
        "vmaf": 77.47943676,
        "fvd": 29.99944359384108
    },
    "BridgeRiver_1920x1080_30fps_vp9.webm": {
        "psnr": 30.162066666666668,
        "ssim": 0.8964133333333333,
        "vmaf": 62.920664959999996,
        "fvd": 258.39266291260475
    },
    "BubblesPitcher_1920x1080_60fps_vp9.webm": {
        "psnr": 40.8586,
        "ssim": 0.9550233333333333,
        "vmaf": 64.27724002666668,
        "fvd": 94.46518137692738
    },
    "CalmingWater_1920x1080_60fps_vp9.webm": {
        "psnr": 29.338833333333334,
        "ssim": 0.7389433333333333,
        "vmaf": 36.39599539666666,
        "fvd": 55.48085037770602
    },
    "CarpetCircleFast_1920x1080_60fps_vp9.webm": {
        "psnr": 43.30826666666667,
        "ssim": 0.9643233333333332,
        "vmaf": 80.16859008,
        "fvd": 2.270005759839563
    },
    "CloudsZoom_1920x1080_60fps_vp9.webm": {
        "psnr": 55.86593333333333,
        "ssim": 0.9976399999999999,
        "vmaf": 92.19730460666666,
        "fvd": 0.2040246364301126
    },
    "DiverFishAndRock_1920x1080_30fps_vp9.webm": {
        "psnr": 40.4478,
        "ssim": 0.9681733333333333,
        "vmaf": 89.25349690666665,
        "fvd": 25.78674834933031
    },
    "Diver_1920x1080_30fps_vp9.webm": {
        "psnr": 45.66226666666667,
        "ssim": 0.9807466666666667,
        "vmaf": 93.46226712666666,
        "fvd": 20.772935614139442
    },
    "FishAndRock_1920x1080_30fps_vp9.webm": {
        "psnr": 39.943666666666665,
        "ssim": 0.9604266666666667,
        "vmaf": 87.58413646,
        "fvd": 51.09075203226598
    },
    "Fountain_1920x1080_50fps_vp9.webm": {
        "psnr": 33.28151999999999,
        "ssim": 0.806268,
        "vmaf": 55.737801348,
        "fvd": 250.6958219588928
    },
    "Grass_1920x1080_60fps_vp9.webm": {
        "psnr": 31.43456666666667,
        "ssim": 0.8784466666666666,
        "vmaf": 68.21847073666666,
        "fvd": 11.98709724153938
    },
    "Hamster_1920x1080_60fps_vp9.webm": {
        "psnr": 41.015166666666666,
        "ssim": 0.9735433333333333,
        "vmaf": 90.29630524666668,
        "fvd": 11.9405039587175
    },
    "KineticFastPainting_1920x1080_60fps_vp9.webm": {
        "psnr": 32.9019,
        "ssim": 0.8650866666666667,
        "vmaf": 63.83188036666667,
        "fvd": 18.441214311697678
    },
    "Lightreef_1920x1080_30fps_vp9.webm": {
        "psnr": 31.13713333333333,
        "ssim": 0.85988,
        "vmaf": 73.53944605333332,
        "fvd": 69.88537754892081
    },
    "MartialArts_1920x1080_60fps_vp9.webm": {
        "psnr": 47.229800000000004,
        "ssim": 0.9889033333333334,
        "vmaf": 93.78350119333334,
        "fvd": 7.43564811683143
    },
    "Music_1920x1080_30fps_vp9.webm": {
        "psnr": 41.779066666666665,
        "ssim": 0.9646933333333334,
        "vmaf": 89.94740812,
        "fvd": 27.43667552741954
    },
    "PaintingTilting_1920x1080_60fps_vp9.webm": {
        "psnr": 36.44403333333334,
        "ssim": 0.9635933333333333,
        "vmaf": 99.96490383,
        "fvd": 5.294136727923558
    },
    "ParkPlay_1920x1080_50fps_vp9.webm": {
        "psnr": 30.89736,
        "ssim": 0.7985,
        "vmaf": 61.415835619999996,
        "fvd": 77.07571300820064
    },
    "PlasmaAveragePan_1920x1080_60fps_vp9.webm": {
        "psnr": 44.299099999999996,
        "ssim": 0.9880066666666666,
        "vmaf": 79.62062983333334,
        "fvd": 8.618021214910883
    },
    "PlasmaSlowRandom_1920x1080_60fps_vp9.webm": {
        "psnr": 53.8584,
        "ssim": 0.9981333333333333,
        "vmaf": 90.23439334333334,
        "fvd": 1.2316415999227672
    },
    "RockWater_1920x1080_30fps_vp9.webm": {
        "psnr": 33.991800000000005,
        "ssim": 0.93966,
        "vmaf": 76.74713674,
        "fvd": 73.63908110172088
    },
    "RockWave_1920x1080_30fps_vp9.webm": {
        "psnr": 26.665266666666668,
        "ssim": 0.8270933333333333,
        "vmaf": 42.566106086666665,
        "fvd": 184.975468109664
    },
    "Rowing_1920x1080_30fps_vp9.webm": {
        "psnr": 30.243866666666666,
        "ssim": 0.8412733333333333,
        "vmaf": 39.37301174,
        "fvd": 229.1421674635169
    },
    "SmokeGuns_1920x1080_60fps_vp9.webm": {
        "psnr": 40.56126666666666,
        "ssim": 0.9567066666666667,
        "vmaf": 79.80005182666666,
        "fvd": 28.365646262582004
    },
    "Surfers_1920x1080_30fps_vp9.webm": {
        "psnr": 36.54066666666667,
        "ssim": 0.9399333333333334,
        "vmaf": 74.2144809,
        "fvd": 75.23990213457944
    },
    "Toys_1920x1080_30fps_vp9.webm": {
        "psnr": 36.23166666666667,
        "ssim": 0.94254,
        "vmaf": 89.93429412,
        "fvd": 36.49836781046042
    },
    "TreeGrassFamily_1920x1080_30fps_vp9.webm": {
        "psnr": 30.4288,
        "ssim": 0.8596133333333333,
        "vmaf": 51.54843606666667,
        "fvd": 137.27325383495952
    },
    "TreeTrunk_1920x1080_50fps_vp9.webm": {
        "psnr": 35.2928,
        "ssim": 0.934052,
        "vmaf": 99.59524667199999,
        "fvd": 5.848330912049846
    },
    "Typing_1920x1080_60fps_vp9.webm": {
        "psnr": 44.833866666666665,
        "ssim": 0.9821433333333333,
        "vmaf": 91.70653264666666,
        "fvd": 13.109662743058237
    }
}