{
    "Jockey_1920x1080_120fps_420_8bit_YUV_h264.mp4": {
        "psnr": 32.889133333333334,
        "ssim": 0.8926683333333333
    }
}