{
    "BallUnderWater_1920x1080_60fps_h264.mp4": {
        "psnr": 38.97893333333334,
        "ssim": 0.9644533333333334,
        "vmaf": 54.53587496666666,
        "fvd": 104.84371147963742,
        "st_rred": 1.7171043482454387,
        "movie_index": 1.1319779535898795,
        "tssim": 0.9384276162158938,
        "tpsnr": 33.50885018058445
    },
    "Bookcase_1920x1080_60fps_h264.mp4": {
        "psnr": 35.1894,
        "ssim": 0.9350466666666667,
        "vmaf": 86.51193982333334,
        "fvd": 9.562667469293956,
        "st_rred": 1.5608087884576634,
        "movie_index": 2.7837787316395683,
        "tssim": 0.838677092971774,
        "tpsnr": 26.1596240550778
    },
    "Boxing_1920x1080_30fps_h264.mp4": {
        "psnr": 37.2938,
        "ssim": 0.9441066666666665,
        "vmaf": 79.19503494666667,
        "fvd": 43.43527147991381,
        "st_rred": 3.3307430208160724,
        "movie_index": 2.3601028529189576,
        "tssim": 0.9044716708612242,
        "tpsnr": 29.810935270066228
    },
    "BricksLeaves_1920x1080_60fps_h264.mp4": {
        "psnr": 27.655166666666663,
        "ssim": 0.8354699999999999,
        "vmaf": 58.21632453333333,
        "fvd": 50.98422646372978,
        "st_rred": 7.910340825804376,
        "movie_index": 3.6684903085331455,
        "tssim": 0.7771897515436036,
        "tpsnr": 24.304039817988674
    },
    "BridgeRiver_1920x1080_30fps_h264.mp4": {
        "psnr": 28.242466666666665,
        "ssim": 0.85754,
        "vmaf": 52.89059430666667,
        "fvd": 430.04749847519184,
        "st_rred": 7.372510023398448,
        "movie_index": 1.9523833642069925,
        "tssim": 0.7771400288428096,
        "tpsnr": 25.019907036083655
    },
    "BubblesPitcher_1920x1080_60fps_h264.mp4": {
        "psnr": 38.00106666666667,
        "ssim": 0.9384500000000001,
        "vmaf": 43.59381900333333,
        "fvd": 153.86357739506911,
        "st_rred": 2.8011241998362166,
        "movie_index": 1.037783305986121,
        "tssim": 0.9075626918921621,
        "tpsnr": 33.60587186398713
    },
    "CalmingWater_1920x1080_60fps_h264.mp4": {
        "psnr": 25.6721,
        "ssim": 0.6442,
        "vmaf": 15.272692193333333,
        "fvd": 368.87950358489553,
        "st_rred": 13.92496193058653,
        "movie_index": 6.283887304988593,
        "tssim": 0.5040542737277202,
        "tpsnr": 21.83017185938398
    },
    "CarpetCircleFast_1920x1080_60fps_h264.mp4": {
        "psnr": 38.295966666666665,
        "ssim": 0.91637,
        "vmaf": 41.58076483333333,
        "fvd": 23.137998909808147,
        "st_rred": 2.748720824924817,
        "movie_index": 4.531732768916765,
        "tssim": 0.8509764298019555,
        "tpsnr": 31.07692576890008
    },
    "CloudsZoom_1920x1080_60fps_h264.mp4": {
        "psnr": 54.37583333333333,
        "ssim": 0.9970699999999999,
        "vmaf": 88.50684827333333,
        "fvd": 1.5398472040619442,
        "st_rred": 0.19953510702470167,
        "movie_index": 0.1796284957483635,
        "tssim": 0.9956258407938373,
        "tpsnr": 52.184507976008895
    },
    "DiverFishAndRock_1920x1080_30fps_h264.mp4": {
        "psnr": 36.9108,
        "ssim": 0.9475866666666667,
        "vmaf": 74.4261317,
        "fvd": 50.434936841449826,
        "st_rred": 2.552033659366627,
        "movie_index": 3.249368601897419,
        "tssim": 0.9161843078290688,
        "tpsnr": 32.388625881015855
    },
    "Diver_1920x1080_30fps_h264.mp4": {
        "psnr": 43.39846666666667,
        "ssim": 0.9747733333333334,
        "vmaf": 84.33390065333333,
        "fvd": 62.14666915302314,
        "st_rred": 1.849624957017979,
        "movie_index": 2.9578729111876263,
        "tssim": 0.9567634798831212,
        "tpsnr": 39.26346654699953
    },
    "FishAndRock_1920x1080_30fps_h264.mp4": {
        "psnr": 36.4992,
        "ssim": 0.9282733333333334,
        "vmaf": 71.14011894666666,
        "fvd": 95.6543823765029,
        "st_rred": 3.299356974393765,
        "movie_index": 1.5197584772069983,
        "tssim": 0.8911649516435364,
        "tpsnr": 33.47446920407698
    },
    "Fountain_1920x1080_50fps_h264.mp4": {
        "psnr": 31.09552,
        "ssim": 0.756232,
        "vmaf": 36.751092,
        "fvd": 388.0000690300775,
        "st_rred": 13.903959916192546,
        "movie_index": 2.82624687152694,
        "tssim": 0.671689003531586,
        "tpsnr": 28.417876959804552
    },
    "Grass_1920x1080_60fps_h264.mp4": {
        "psnr": 27.89153333333333,
        "ssim": 0.7693166666666666,
        "vmaf": 48.28838424,
        "fvd": 27.866358439184992,
        "st_rred": 8.311785456451204,
        "movie_index": 2.077153482527338,
        "tssim": 0.7434312221558992,
        "tpsnr": 25.51469153464837
    },
    "Hamster_1920x1080_60fps_h264.mp4": {
        "psnr": 37.4951,
        "ssim": 0.9608633333333334,
        "vmaf": 74.1250269,
        "fvd": 28.630445171726592,
        "st_rred": 1.3293893529378629,
        "movie_index": 1.9414328994559604,
        "tssim": 0.9333464054563927,
        "tpsnr": 32.08417182463069
    },
    "KineticFastPainting_1920x1080_60fps_h264.mp4": {
        "psnr": 26.527266666666666,
        "ssim": 0.7189399999999999,
        "vmaf": 28.753411906666667,
        "fvd": 291.1791710205939,
        "st_rred": 12.351270241952342,
        "movie_index": 10.798236365302351,
        "tssim": 0.5799240117994631,
        "tpsnr": 22.207302131780413
    },
    "Lightreef_1920x1080_30fps_h264.mp4": {
        "psnr": 28.089466666666667,
        "ssim": 0.7927533333333333,
        "vmaf": 52.75403721333333,
        "fvd": 212.8955324404485,
        "st_rred": 9.540352907932167,
        "movie_index": 11.314939914533756,
        "tssim": 0.7438408043606873,
        "tpsnr": 25.783262304011608
    },
    "MartialArts_1920x1080_60fps_h264.mp4": {
        "psnr": 43.8161,
        "ssim": 0.9821533333333334,
        "vmaf": 83.42229467666667,
        "fvd": 21.774878813195983,
        "st_rred": 0.9713282802457095,
        "movie_index": 0.7489650954919116,
        "tssim": 0.969284648719427,
        "tpsnr": 39.31455891586865
    },
    "Music_1920x1080_30fps_h264.mp4": {
        "psnr": 39.5078,
        "ssim": 0.9535933333333333,
        "vmaf": 78.71768046,
        "fvd": 41.59701871266225,
        "st_rred": 2.4531397887925657,
        "movie_index": 8.082951645023071,
        "tssim": 0.9120440837387068,
        "tpsnr": 33.9670399787442
    },
    "PaintingTilting_1920x1080_60fps_h264.mp4": {
        "psnr": 29.808133333333334,
        "ssim": 0.9088066666666667,
        "vmaf": 87.38614947666666,
        "fvd": 18.376971325424392,
        "st_rred": 3.569698139900936,
        "movie_index": 3.3348494571287897,
        "tssim": 0.9197266865900332,
        "tpsnr": 27.140012230761474
    },
    "ParkPlay_1920x1080_50fps_h264.mp4": {
        "psnr": 27.892919999999997,
        "ssim": 0.7122040000000001,
        "vmaf": 31.424842228000003,
        "fvd": 208.988624256187,
        "st_rred": 15.608975537272542,
        "movie_index": 2.5605884285336997,
        "tssim": 0.6095839644359501,
        "tpsnr": 24.700199372318377
    },
    "PlasmaAveragePan_1920x1080_60fps_h264.mp4": {
        "psnr": 42.724599999999995,
        "ssim": 0.9864033333333333,
        "vmaf": 70.07130112,
        "fvd": 12.388614821286055,
        "st_rred": 0.262098373006042,
        "movie_index": 0.24544488950118573,
        "tssim": 0.9721100080579022,
        "tpsnr": 38.54731983963064
    },
    "PlasmaSlowRandom_1920x1080_60fps_h264.mp4": {
        "psnr": 53.034800000000004,
        "ssim": 0.99815,
        "vmaf": 88.97051889666666,
        "fvd": 1.2568780064712541,
        "st_rred": 0.03159010413440899,
        "movie_index": 0.04546934452194434,
        "tssim": 0.9963589737812951,
        "tpsnr": 49.63911256822057
    },
    "RockWater_1920x1080_30fps_h264.mp4": {
        "psnr": 30.334133333333334,
        "ssim": 0.9007466666666666,
        "vmaf": 58.00020897333333,
        "fvd": 224.12009042067007,