{
    "Beauty_1920x1080_120fps_420_8bit_YUV_vp9.webm": {
        "psnr": 38.27976666666667,
        "ssim": 0.8958450000000001,
        "vmaf": 68.022838205,
        "tssim": 0.887798605043931,
        "tpsnr": 36.12164036618648,
        "fvd": 75.12642047748159
    },
    "Bosphorus_1920x1080_120fps_420_8bit_YUV_vp9.webm": {
        "psnr": 39.37081666666667,
        "ssim": 0.9455516666666667,
        "vmaf": 76.252635265,
        "tssim": 0.9255745835074798,
        "tpsnr": 37.03632696721709,
        "fvd": 51.634148471972935
    },
    "HoneyBee_1920x1080_120fps_420_8bit_YUV_vp9.webm": {
        "psnr": 42.951233333333334,
        "ssim": 0.9679366666666666,
        "vmaf": 91.85746306833333,
        "tssim": 0.9598962194889568,
        "tpsnr": 41.321747036330486,
        "fvd": 11.207823587138193
    },
    "Jockey_1920x1080_120fps_420_8bit_YUV_vp9.webm": {
        "psnr": 39.688383333333334,
        "ssim": 0.9444899999999999,
        "vmaf": 80.90589288000001,
        "tssim": 0.9101124304989755,
        "tpsnr": 32.79883019474393,
        "fvd": 14.287369743165527
    },
    "ReadySteadyGo_1920x1080_120fps_420_8bit_YUV_vp9.webm": {
        "psnr": 32.83025,
        "ssim": 0.8851583333333334,
        "vmaf": 69.19153727,
        "tssim": 0.8414041364286523,
        "tpsnr": 28.44192852599792,
        "fvd": 56.26078061170551
    },
    "ShakeNDry_1920x1080_120fps_420_8bit_YUV_vp9.webm": {
        "psnr": 36.340466666666664,
        "ssim": 0.9005299999999999,
        "vmaf": 63.43269677,
        "tssim": 0.8685254635770527,
        "tpsnr": 33.553245353060824,
        "fvd": 116.80175729297252
    },
    "YachtRide_1920x1080_120fps_420_8bit_YUV_vp9.webm": {
        "psnr": 32.58835,
        "ssim": 0.8696749999999999,
        "vmaf": 49.69294469333333,
        "tssim": 0.8175236545235117,
        "tpsnr": 29.65651009039011,
        "fvd": 126.84732391095622
    }
}