{
    "BallUnderWater_1920x1080_60fps_av1.mkv": {
        "psnr": 45.02186666666667,
        "ssim": 0.98222,
        "vmaf": 89.94837700666668,
        "fvd": 25.886911512600932,
        "st_rred": 0.9418524672003397
    },
    "Bookcase_1920x1080_60fps_av1.mkv": {
        "psnr": 43.2044,
        "ssim": 0.9818466666666665,
        "vmaf": 99.97589965666666,
        "fvd": 1.6178589952062339,
        "st_rred": 0.36857081212925635
    },
    "Boxing_1920x1080_30fps_av1.mkv": {
        "psnr": 41.9992,
        "ssim": 0.97012,
        "vmaf": 99.31771558666668,
        "fvd": 17.738479384724542,
        "st_rred": 3.0520940265349275
    },
    "BricksLeaves_1920x1080_60fps_av1.mkv": {
        "psnr": 34.37416666666667,
        "ssim": 0.9462333333333334,
        "vmaf": 83.53191213,
        "fvd": 47.33950906776744,
        "st_rred": 3.846331664060248
    },
    "BridgeRiver_1920x1080_30fps_av1.mkv": {
        "psnr": 31.784533333333336,
        "ssim": 0.92032,
        "vmaf": 72.72055983999999,
        "fvd": 373.9497471642667,
        "st_rred": 6.9459219377900006
    },
    "BubblesPitcher_1920x1080_60fps_av1.mkv": {
        "psnr": 42.393433333333334,
        "ssim": 0.9669466666666667,
        "vmaf": 75.31088744666667,
        "fvd": 82.8851407090824,
        "st_rred": 1.4431571305823079
    },
    "CalmingWater_1920x1080_60fps_av1.mkv": {
        "psnr": 29.891866666666665,
        "ssim": 0.75619,
        "vmaf": 33.417095610000004,
        "fvd": 59.83209025146397,
        "st_rred": 7.245672234286619
    },
    "CarpetCircleFast_1920x1080_60fps_av1.mkv": {
        "psnr": 44.24516666666666,
        "ssim": 0.9715666666666666,
        "vmaf": 82.49050389,
        "fvd": 2.0295050568521447,
        "st_rred": 1.0380755291020662
    },
    "CloudsZoom_1920x1080_60fps_av1.mkv": {
        "psnr": 56.26050000000001,
        "ssim": 0.9980266666666667,
        "vmaf": 92.14348687333334,
        "fvd": 0.3621599604124004,
        "st_rred": 0.20844517179177502
    },
    "DiverFishAndRock_1920x1080_30fps_av1.mkv": {
        "psnr": 42.098733333333335,
        "ssim": 0.9757133333333333,
        "vmaf": 95.47023240666667,
        "fvd": 23.98887678428605,
        "st_rred": 2.103522539495124
    },
    "Diver_1920x1080_30fps_av1.mkv": {
        "psnr": 46.16,
        "ssim": 0.9821066666666667,
        "vmaf": 94.99030909333334,
        "fvd": 25.076544198038846,
        "st_rred": 2.123202505774093
    },
    "FishAndRock_1920x1080_30fps_av1.mkv": {
        "psnr": 41.11686666666667,
        "ssim": 0.9692,
        "vmaf": 92.94317339333334,
        "fvd": 21.866524537819714,
        "st_rred": 2.426335329407987
    },
    "Fountain_1920x1080_50fps_av1.mkv": {
        "psnr": 34.343,
        "ssim": 0.835984,
        "vmaf": 64.203971948,
        "fvd": 268.29461574034303,
        "st_rred": 10.492844994422136
    },
    "Grass_1920x1080_60fps_av1.mkv": {
        "psnr": 33.70056666666667,
        "ssim": 0.9245933333333333,
        "vmaf": 79.35937981333333,
        "fvd": 41.372849614757016,
        "st_rred": 5.188848449134287
    },
    "Hamster_1920x1080_60fps_av1.mkv": {
        "psnr": 43.72996666666666,
        "ssim": 0.9842933333333334,
        "vmaf": 96.82663767333332,
        "fvd": 11.067384056806532,
        "st_rred": 0.5402112156476662
    },
    "KineticFastPainting_1920x1080_60fps_av1.mkv": {
        "psnr": 35.3003,
        "ssim": 0.9125600000000001,
        "vmaf": 75.70026658,
        "fvd": 13.99121416199597,
        "st_rred": 1.926296593185704
    },
    "Lightreef_1920x1080_30fps_av1.mkv": {
        "psnr": 32.25373333333334,
        "ssim": 0.8875066666666667,
        "vmaf": 81.16665303333333,
        "fvd": 64.69615378515687,
        "st_rred": 6.829194095323423
    },
    "MartialArts_1920x1080_60fps_av1.mkv": {
        "psnr": 48.691500000000005,
        "ssim": 0.99234,
        "vmaf": 94.98666583666666,
        "fvd": 7.669484302150067,
        "st_rred": 0.6380845085362554
    },
    "Music_1920x1080_30fps_av1.mkv": {
        "psnr": 43.184466666666665,
        "ssim": 0.9724799999999999,
        "vmaf": 94.42730649333333,
        "fvd": 21.923460228203567,
        "st_rred": 2.1937104912378818
    },
    "PaintingTilting_1920x1080_60fps_av1.mkv": {
        "psnr": 37.74426666666667,
        "ssim": 0.9719300000000001,
        "vmaf": 99.97788916,
        "fvd": 4.244974627624799,
        "st_rred": 0.2012484507794312
    },
    "ParkPlay_1920x1080_50fps_av1.mkv": {
        "psnr": 32.49868,
        "ssim": 0.8468,
        "vmaf": 71.57020268400001,
        "fvd": 72.10634238686521,
        "st_rred": 10.705557118195003
    },
    "PlasmaAveragePan_1920x1080_60fps_av1.mkv": {
        "psnr": 48.04736666666666,
        "ssim": 0.9938499999999999,
        "vmaf": 90.99879521666666,
        "fvd": 3.9152414054484126,
        "st_rred": 0.12147328454458917
    },
    "PlasmaSlowRandom_1920x1080_60fps_av1.mkv": {
        "psnr": 57.26663333333334,
        "ssim": 0.99903,
        "vmaf": 94.50918764000001,
        "fvd": 0.3689679730840396,
        "st_rred": 0.02195687481075481
    },
    "RockWater_1920x1080_30fps_av1.mkv": {
        "psnr": 36.11353333333333,
        "ssim": 0.95776,
        "vmaf": 89.68297124,
        "fvd": 58.61404805844859,
        "st_rred": 2.311802478241429
    },
    "RockWave_1920x1080_30fps_av1.mkv": {
        "psnr": 27.038800000000002,
        "ssim": 0.8397933333333333,
        "vmaf": 44.499404946666665,
        "fvd": 217.27653031708974,
        "st_rred": 12.490347340811173
    },
    "Rowing_1920x1080_30fps_av1.mkv": {
        "psnr": 31.02846666666667,
        "ssim": 0.8617266666666665,
        "vmaf": 47.34165814666667,
        "fvd": 196.74468877992786,
        "st_rred": 7.667793944325336
    },
    "SmokeGuns_1920x1080_60fps_av1.mkv": {
        "psnr": 42.50006666666667,
        "ssim": 0.9687299999999999,
        "vmaf": 87.92620235,
        "fvd": 34.26672798090419,
        "st_rred": 2.036298374231836
    },
    "Surfers_1920x1080_30fps_av1.mkv": {
        "psnr": 38.63126666666666,
        "ssim": 0.9585333333333333,
        "vmaf": 84.41231680666667,
        "fvd": 48.34500975411174,
        "st_rred": 3.137600260136164
    },
    "Toys_1920x1080_30fps_av1.mkv": {
        "psnr": 37.6428,
        "ssim": 0.9568599999999999,
        "vmaf": 96.86956102666667,
        "fvd": 25.83489581129038,
        "st_rred": 2.962241547603014
    },
    "TreeGrassFamily_1920x1080_30fps_av1.mkv": {
        "psnr": 31.965733333333333,
        "ssim": 0.8919866666666667,
        "vmaf": 63.25327362666667,
        "fvd": 150.1492479912405,
        "st_rred": 7.131440628020819
    },
    "TreeTrunk_1920x1080_50fps_av1.mkv": {
        "psnr": 35.63936,
        "ssim": 0.938624,
        "vmaf": 99.953639232,
        "fvd": 4.885704701071177,
        "st_rred": 4.48859147404432
    },
    "Typing_1920x1080_60fps_av1.mkv": {
        "psnr": 47.07713333333333,
        "ssim": 0.9890733333333332,
        "vmaf": 95.14122669333334,
        "fvd": 14.50849981109235,
        "st_rred": 0.8604064770299145
    }
}