{
    "BallUnderWater_1920x1080_60fps_hevc.mp4": {
        "psnr": 44.33813333333333,
        "ssim": 0.97887,
        "vmaf": 90.86371541,
        "fvd": 9.823582426573353
    },
    "Bookcase_1920x1080_60fps_hevc.mp4": {
        "psnr": 42.09023333333333,
        "ssim": 0.97622,
        "vmaf": 99.94561777,
        "fvd": 2.06415018787402
    },
    "Boxing_1920x1080_30fps_hevc.mp4": {
        "psnr": 41.30833333333333,
        "ssim": 0.9635400000000001,
        "vmaf": 99.0963339,
        "fvd": 15.89933819589396
    },
    "BricksLeaves_1920x1080_60fps_hevc.mp4": {
        "psnr": 30.92073333333333,
        "ssim": 0.8915933333333333,
        "vmaf": 76.52338411333334,
        "fvd": 31.648574292526973
    },
    "BridgeRiver_1920x1080_30fps_hevc.mp4": {
        "psnr": 31.005133333333337,
        "ssim": 0.9026133333333333,
        "vmaf": 68.45157861333333,
        "fvd": 247.5575292540773
    },
    "BubblesPitcher_1920x1080_60fps_hevc.mp4": {
        "psnr": 41.1411,
        "ssim": 0.9557500000000001,
        "vmaf": 71.12308687,
        "fvd": 131.21017831465315
    },
    "CalmingWater_1920x1080_60fps_hevc.mp4": {
        "psnr": 29.020366666666668,
        "ssim": 0.7238066666666666,
        "vmaf": 34.37852659333333,
        "fvd": 62.47200406658317
    },
    "CarpetCircleFast_1920x1080_60fps_hevc.mp4": {
        "psnr": 43.630266666666664,
        "ssim": 0.9674166666666666,
        "vmaf": 83.8422955,
        "fvd": 2.894775628636779
    },
    "CloudsZoom_1920x1080_60fps_hevc.mp4": {
        "psnr": 54.84673333333333,
        "ssim": 0.9969466666666666,
        "vmaf": 92.28713402333334,
        "fvd": 3.32172689926772
    },
    "DiverFishAndRock_1920x1080_30fps_hevc.mp4": {
        "psnr": 41.428,
        "ssim": 0.9709466666666666,
        "vmaf": 94.88084186666667,
        "fvd": 19.115079636536393
    },
    "Diver_1920x1080_30fps_hevc.mp4": {
        "psnr": 45.9002,
        "ssim": 0.9796999999999999,
        "vmaf": 96.17717181333333,
        "fvd": 14.965558785444955
    },
    "FishAndRock_1920x1080_30fps_hevc.mp4": {
        "psnr": 40.4692,
        "ssim": 0.96346,
        "vmaf": 91.99476440666666,
        "fvd": 37.89333868043957
    },
    "Fountain_1920x1080_50fps_hevc.mp4": {
        "psnr": 33.31572,
        "ssim": 0.8075840000000001,
        "vmaf": 62.204156391999994,
        "fvd": 160.32034845239218
    },
    "Grass_1920x1080_60fps_hevc.mp4": {
        "psnr": 30.721766666666667,
        "ssim": 0.8586733333333333,
        "vmaf": 67.33901612666668,
        "fvd": 24.471188989202368
    },
    "Hamster_1920x1080_60fps_hevc.mp4": {
        "psnr": 42.15443333333333,
        "ssim": 0.9775433333333332,
        "vmaf": 94.22048750333333,
        "fvd": 10.205307568438684
    },
    "KineticFastPainting_1920x1080_60fps_hevc.mp4": {
        "psnr": 34.13876666666666,
        "ssim": 0.8935633333333334,
        "vmaf": 71.59897958,
        "fvd": 19.694563962618417
    },
    "Lightreef_1920x1080_30fps_hevc.mp4": {
        "psnr": 31.368266666666667,
        "ssim": 0.86492,
        "vmaf": 77.46414137333333,
        "fvd": 77.31859043353336
    },
    "MartialArts_1920x1080_60fps_hevc.mp4": {
        "psnr": 47.8198,
        "ssim": 0.9892899999999999,
        "vmaf": 95.26913534333333,
        "fvd": 8.908233258848554
    },
    "Music_1920x1080_30fps_hevc.mp4": {
        "psnr": 42.62213333333333,
        "ssim": 0.9674866666666666,
        "vmaf": 95.007852,
        "fvd": 15.882472685530956
    },
    "PaintingTilting_1920x1080_60fps_hevc.mp4": {
        "psnr": 35.41526666666667,
        "ssim": 0.9527566666666667,
        "vmaf": 98.57263253333333,
        "fvd": 9.41833806954645
    },
    "ParkPlay_1920x1080_50fps_hevc.mp4": {
        "psnr": 31.3972,
        "ssim": 0.812436,
        "vmaf": 68.058421876,
        "fvd": 61.44560748192862
    },
    "PlasmaAveragePan_1920x1080_60fps_hevc.mp4": {
        "psnr": 46.89633333333333,
        "ssim": 0.99221,
        "vmaf": 89.85666308333333,
        "fvd": 2.3250573468216658
    },
    "PlasmaSlowRandom_1920x1080_60fps_hevc.mp4": {
        "psnr": 57.3605,
        "ssim": 0.9989833333333333,
        "vmaf": 94.87434711333334,
        "fvd": 0.8806995733942529
    },
    "RockWater_1920x1080_30fps_hevc.mp4": {
        "psnr": 34.756,
        "ssim": 0.9451799999999999,
        "vmaf": 85.4760654,
        "fvd": 63.68650118799519
    },
    "RockWave_1920x1080_30fps_hevc.mp4": {
        "psnr": 26.779,
        "ssim": 0.8391933333333332,
        "vmaf": 46.18325322,
        "fvd": 190.8033549805266
    },
    "Rowing_1920x1080_30fps_hevc.mp4": {
        "psnr": 30.260466666666666,
        "ssim": 0.8423066666666666,
        "vmaf": 46.41397270666667,
        "fvd": 165.01344345303187
    },
    "SmokeGuns_1920x1080_60fps_hevc.mp4": {
        "psnr": 41.63456666666667,
        "ssim": 0.9618133333333333,
        "vmaf": 87.11409741333333,
        "fvd": 24.088682083956655
    },
    "Surfers_1920x1080_30fps_hevc.mp4": {
        "psnr": 38.084133333333334,
        "ssim": 0.9540199999999999,
        "vmaf": 84.08481892666667,
        "fvd": 40.844041276871735
    },
    "Toys_1920x1080_30fps_hevc.mp4": {
        "psnr": 37.07993333333333,
        "ssim": 0.9498466666666667,
        "vmaf": 95.00255438666667,
        "fvd": 27.858447091222615
    },
    "TreeGrassFamily_1920x1080_30fps_hevc.mp4": {
        "psnr": 31.278066666666668,
        "ssim": 0.87302,
        "vmaf": 61.373115186666666,
        "fvd": 172.40222415266504
    },
    "TreeTrunk_1920x1080_50fps_hevc.mp4": {
        "psnr": 34.254,
        "ssim": 0.919008,
        "vmaf": 97.548986556,
        "fvd": 10.541314398392558
    },
    "Typing_1920x1080_60fps_hevc.mp4": {
        "psnr": 45.546733333333336,
        "ssim": 0.98399,
        "vmaf": 94.03719318333333,
        "fvd": 13.522997400084165
    }
}