{
    "Beauty_1920x1080_120fps_420_8bit_YUV_vp9.webm": {
        "psnr": 39.37076666666667,
        "ssim": 0.90606,
        "vmaf": 82.09766887500001,
        "tssim": 0.9039033215048113,
        "tpsnr": 37.848363943211424,
        "fvd": 46.28702453414667
    },
    "Bosphorus_1920x1080_120fps_420_8bit_YUV_vp9.webm": {
        "psnr": 42.34373333333333,
        "ssim": 0.96777,
        "vmaf": 88.707049565,
        "tssim": 0.9570621487181554,
        "tpsnr": 40.256772788020726,
        "fvd": 18.122319948587915
    },
    "HoneyBee_1920x1080_120fps_420_8bit_YUV_vp9.webm": {
        "psnr": 43.443850000000005,
        "ssim": 0.9706016666666667,
        "vmaf": 93.13460579166667,
        "tssim": 0.9627373435880596,
        "tpsnr": 41.782359612007966,
        "fvd": 6.329372208114563
    },
    "Jockey_1920x1080_120fps_420_8bit_YUV_vp9.webm": {
        "psnr": 42.61323333333333,
        "ssim": 0.9616949999999999,
        "vmaf": 96.00384269999999,
        "tssim": 0.9372576117868379,
        "tpsnr": 35.631330818087115,
        "fvd": 6.733210614884683
    },
    "ReadySteadyGo_1920x1080_120fps_420_8bit_YUV_vp9.webm": {
        "psnr": 37.704316666666664,
        "ssim": 0.9462349999999999,
        "vmaf": 94.14991516833334,
        "tssim": 0.924730349214892,
        "tpsnr": 33.04119173155006,
        "fvd": 11.72133480100183
    },
    "ShakeNDry_1920x1080_120fps_420_8bit_YUV_vp9.webm": {
        "psnr": 38.96593333333333,
        "ssim": 0.93577,
        "vmaf": 77.55466319,
        "tssim": 0.9073865936917868,
        "tpsnr": 36.0109241574903,
        "fvd": 39.54266110652384
    },
    "YachtRide_1920x1080_120fps_420_8bit_YUV_vp9.webm": {
        "psnr": 35.49986666666666,
        "ssim": 0.91342,
        "vmaf": 68.52983240333333,
        "tssim": 0.8797468444626069,
        "tpsnr": 32.71434850167353,
        "fvd": 41.17713257682817
    }
}