{
    "Beauty_1920x1080_120fps_420_8bit_YUV_av1.mkv": {
        "psnr": 38.74566666666667,
        "ssim": 0.9006966666666667,
        "vmaf": 71.38737629166667,
        "fvd": 82.71259437047684,
        "tssim": 0.8926418725662523,
        "tpsnr": 35.82918118077248,
        "movie_index": 2.2231433147779094,
        "st_rred": 8.051835566817253
    },
    "Bosphorus_1920x1080_120fps_420_8bit_YUV_av1.mkv": {
        "psnr": 40.755183333333335,
        "ssim": 0.9605166666666666,
        "vmaf": 81.47376231333332,
        "fvd": 86.51422561788604,
        "tssim": 0.9449510851043621,
        "tpsnr": 38.47320313366108,
        "movie_index": 0.4169159011172134,
        "st_rred": 2.9986439247060437
    },
    "HoneyBee_1920x1080_120fps_420_8bit_YUV_av1.mkv": {
        "psnr": 43.115183333333334,
        "ssim": 0.9694166666666666,
        "vmaf": 92.87682481166667,
        "fvd": 20.530325404814874,
        "tssim": 0.962365379882547,
        "tpsnr": 41.53672301430933,
        "movie_index": 0.35148004892722196,
        "st_rred": 4.126528576436658
    },
    "Jockey_1920x1080_120fps_420_8bit_YUV_av1.mkv": {
        "psnr": 40.18855,
        "ssim": 0.9511583333333332,
        "vmaf": 79.590595525,
        "fvd": 35.728472310015604,
        "tssim": 0.9150115998445324,
        "tpsnr": 32.25092841388785,
        "movie_index": 1.5788884661930034,
        "st_rred": 3.6772606467553324
    },
    "ReadySteadyGo_1920x1080_120fps_420_8bit_YUV_av1.mkv": {
        "psnr": 33.95471666666667,
        "ssim": 0.91052,
        "vmaf": 74.90239904833334,
        "fvd": 84.25480302876531,
        "tssim": 0.8696728217968354,
        "tpsnr": 29.028895446573554,
        "movie_index": 1.5735251290571313,
        "st_rred": 3.88911852555238
    },
    "ShakeNDry_1920x1080_120fps_420_8bit_YUV_av1.mkv": {
        "psnr": 38.2909,
        "ssim": 0.9291933333333333,
        "vmaf": 74.43500943999999,
        "fvd": 114.16054411242794,
        "tssim": 0.9017240681885723,
        "tpsnr": 35.10170670576319,
        "movie_index": 0.8865630953856136,
        "st_rred": 5.202924000343653
    },
    "YachtRide_1920x1080_120fps_420_8bit_YUV_av1.mkv": {
        "psnr": 33.44748333333334,
        "ssim": 0.8922599999999999,
        "vmaf": 52.763799631666664,
        "fvd": 305.8020664838093,
        "tssim": 0.84945206912616,
        "tpsnr": 30.66822289226449,
        "movie_index": 1.4657850064498952,
        "st_rred": 5.810975086542555
    }
}