{
    "Beauty_1920x1080_120fps_420_8bit_YUV_h264.mp4": {
        "psnr": 38.83383333333333,
        "ssim": 0.8991916666666666,
        "vmaf": 78.31107531500001,
        "tssim": 0.8939387954073936,
        "tpsnr": 37.362990511478685,
        "fvd": 52.563434910270246,
        "movie_index": 2.6527979019189716,
        "st_rred": 11.179142194564054
    },
    "Bosphorus_1920x1080_120fps_420_8bit_YUV_h264.mp4": {
        "psnr": 41.29885,
        "ssim": 0.9620833333333333,
        "vmaf": 85.86366387333332,
        "tssim": 0.9503548309898462,
        "tpsnr": 39.11722319512216,
        "fvd": 21.247847695662585,
        "movie_index": 1.3792383434975486,
        "st_rred": 13.997938026378442
    },
    "HoneyBee_1920x1080_120fps_420_8bit_YUV_h264.mp4": {
        "psnr": 42.3936,
        "ssim": 0.9647799999999999,
        "vmaf": 92.02741138500001,
        "tssim": 0.9551985404678108,
        "tpsnr": 40.70643040652267,
        "fvd": 10.728893948417976,
        "movie_index": 0.7784304164088827,
        "st_rred": 29.818553717624496
    },
    "Jockey_1920x1080_120fps_420_8bit_YUV_h264.mp4": {
        "psnr": 40.76155,
        "ssim": 0.9510466666666666,
        "vmaf": 87.38459362666667,
        "tssim": 0.9232263281003921,
        "tpsnr": 34.2942406713266,
        "fvd": 11.929605412654382,
        "movie_index": 3.5696329536143447,
        "st_rred": 17.52941190535605
    },
    "ReadySteadyGo_1920x1080_120fps_420_8bit_YUV_h264.mp4": {
        "psnr": 36.37898333333333,
        "ssim": 0.9388183333333334,
        "vmaf": 89.85926907,
        "tssim": 0.9135869291344625,
        "tpsnr": 31.90292035836807,
        "fvd": 22.22124809116599,
        "movie_index": 4.668109996838243,
        "st_rred": 17.08875107817714
    },
    "ShakeNDry_1920x1080_120fps_420_8bit_YUV_h264.mp4": {
        "psnr": 37.48853333333333,
        "ssim": 0.91815,
        "vmaf": 73.04775488666667,
        "tssim": 0.885230668695903,
        "tpsnr": 34.531352767178845,
        "fvd": 50.68161765931745,
        "movie_index": 1.586090496999763,
        "st_rred": 19.031301601486156
    },
    "YachtRide_1920x1080_120fps_420_8bit_YUV_h264.mp4": {
        "psnr": 34.626016666666665,
        "ssim": 0.9082766666666667,
        "vmaf": 63.924519608333334,
        "tssim": 0.8706029168909029,
        "tpsnr": 31.76637114905356,
        "fvd": 55.13586281602056,
        "movie_index": 2.6457918634597766,
        "st_rred": 13.295462164174598
    }
}