{
    "BallUnderWater_1920x1080_60fps_hevc.mp4": {
        "psnr": 42.8652,
        "ssim": 0.9750966666666666,
        "vmaf": 83.64385681666667,
        "fvd": 17.00287802761875
    },
    "Bookcase_1920x1080_60fps_hevc.mp4": {
        "psnr": 40.64903333333333,
        "ssim": 0.9690033333333332,
        "vmaf": 99.87567709666668,
        "fvd": 2.8240442688997973
    },
    "Boxing_1920x1080_30fps_hevc.mp4": {
        "psnr": 39.88166666666667,
        "ssim": 0.9554733333333333,
        "vmaf": 95.46927548666666,
        "fvd": 20.921486530263792
    },
    "BricksLeaves_1920x1080_60fps_hevc.mp4": {
        "psnr": 29.067766666666667,
        "ssim": 0.8580500000000001,
        "vmaf": 65.92853775333333,
        "fvd": 54.94915284741512
    },
    "BridgeRiver_1920x1080_30fps_hevc.mp4": {
        "psnr": 29.5954,
        "ssim": 0.8794,
        "vmaf": 59.65927299333334,
        "fvd": 318.3863044016455
    },
    "BubblesPitcher_1920x1080_60fps_hevc.mp4": {
        "psnr": 39.97533333333333,
        "ssim": 0.9486233333333333,
        "vmaf": 63.023693466666664,
        "fvd": 174.2211778137871
    },
    "CalmingWater_1920x1080_60fps_hevc.mp4": {
        "psnr": 27.52153333333333,
        "ssim": 0.6787066666666667,
        "vmaf": 24.60496205666667,
        "fvd": 174.85162882675246
    },
    "CarpetCircleFast_1920x1080_60fps_hevc.mp4": {
        "psnr": 42.635733333333334,
        "ssim": 0.96022,
        "vmaf": 78.12905922,
        "fvd": 3.184367571608334
    },
    "CloudsZoom_1920x1080_60fps_hevc.mp4": {
        "psnr": 54.05526666666667,
        "ssim": 0.99672,
        "vmaf": 91.52053791666667,
        "fvd": 3.278842556782596
    },
    "DiverFishAndRock_1920x1080_30fps_hevc.mp4": {
        "psnr": 39.837666666666664,
        "ssim": 0.9627866666666667,
        "vmaf": 89.93114154,
        "fvd": 33.142579814685405
    },
    "Diver_1920x1080_30fps_hevc.mp4": {
        "psnr": 45.1714,
        "ssim": 0.9778333333333332,
        "vmaf": 93.97141237333334,
        "fvd": 20.993269379448975
    },
    "FishAndRock_1920x1080_30fps_hevc.mp4": {
        "psnr": 39.1996,
        "ssim": 0.9538933333333334,
        "vmaf": 87.21912076666666,
        "fvd": 39.64968239481095
    },
    "Fountain_1920x1080_50fps_hevc.mp4": {
        "psnr": 32.7022,
        "ssim": 0.791344,
        "vmaf": 55.291604008,
        "fvd": 203.8021552090172
    },
    "Grass_1920x1080_60fps_hevc.mp4": {
        "psnr": 29.3661,
        "ssim": 0.8141666666666667,
        "vmaf": 58.51747208,
        "fvd": 30.55143980860634
    },
    "Hamster_1920x1080_60fps_hevc.mp4": {
        "psnr": 40.31936666666667,
        "ssim": 0.97023,
        "vmaf": 88.40385588,
        "fvd": 15.571598004741077
    },
    "KineticFastPainting_1920x1080_60fps_hevc.mp4": {
        "psnr": 32.21276666666667,
        "ssim": 0.8571899999999999,
        "vmaf": 57.88110297000001,
        "fvd": 24.910083106616526
    },
    "Lightreef_1920x1080_30fps_hevc.mp4": {
        "psnr": 30.301599999999997,
        "ssim": 0.8397733333333333,
        "vmaf": 70.33587570666667,
        "fvd": 106.57459631039183
    },
    "MartialArts_1920x1080_60fps_hevc.mp4": {
        "psnr": 46.70543333333333,
        "ssim": 0.9871066666666667,
        "vmaf": 93.28130971666667,
        "fvd": 13.435478896627956
    },
    "Music_1920x1080_30fps_hevc.mp4": {
        "psnr": 41.512,
        "ssim": 0.9619466666666667,
        "vmaf": 91.54607544,
        "fvd": 26.289467538862027
    },
    "PaintingTilting_1920x1080_60fps_hevc.mp4": {
        "psnr": 33.67256666666667,
        "ssim": 0.9330033333333334,
        "vmaf": 96.46699628666667,
        "fvd": 14.234241422290893
    },
    "ParkPlay_1920x1080_50fps_hevc.mp4": {
        "psnr": 30.28464,
        "ssim": 0.781248,
        "vmaf": 57.486619004,
        "fvd": 83.19682631537762
    },
    "PlasmaAveragePan_1920x1080_60fps_hevc.mp4": {
        "psnr": 44.6333,
        "ssim": 0.9877466666666667,
        "vmaf": 83.39781452666666,
        "fvd": 6.089720949823544
    },
    "PlasmaSlowRandom_1920x1080_60fps_hevc.mp4": {
        "psnr": 54.8878,
        "ssim": 0.99839,
        "vmaf": 92.9564195,
        "fvd": 1.3485177976316152
    },
    "RockWater_1920x1080_30fps_hevc.mp4": {
        "psnr": 33.06466666666667,
        "ssim": 0.9291400000000001,
        "vmaf": 75.7126631,
        "fvd": 116.86000444354886
    },
    "RockWave_1920x1080_30fps_hevc.mp4": {
        "psnr": 25.7592,
        "ssim": 0.8086133333333333,
        "vmaf": 36.94550562,
        "fvd": 313.0305931630162
    },
    "Rowing_1920x1080_30fps_hevc.mp4": {
        "psnr": 29.278333333333332,
        "ssim": 0.82224,
        "vmaf": 36.64489139333333,
        "fvd": 302.4799086319322
    },
    "SmokeGuns_1920x1080_60fps_hevc.mp4": {
        "psnr": 40.4952,
        "ssim": 0.9546599999999998,
        "vmaf": 82.15278815666667,
        "fvd": 41.24060476095519
    },
    "Surfers_1920x1080_30fps_hevc.mp4": {
        "psnr": 36.668200000000006,
        "ssim": 0.9427133333333334,
        "vmaf": 76.82598982666667,
        "fvd": 66.3449412004835
    },
    "Toys_1920x1080_30fps_hevc.mp4": {
        "psnr": 35.4382,
        "ssim": 0.9351466666666666,
        "vmaf": 87.45874829333334,
        "fvd": 67.07277519838385
    },
    "TreeGrassFamily_1920x1080_30fps_hevc.mp4": {
        "psnr": 30.048733333333335,
        "ssim": 0.8442533333333333,
        "vmaf": 52.48923297333334,
        "fvd": 293.62434517613104
    },
    "TreeTrunk_1920x1080_50fps_hevc.mp4": {
        "psnr": 33.05424,
        "ssim": 0.9019400000000001,
        "vmaf": 94.738049412,
        "fvd": 16.117043615655746
    },
    "Typing_1920x1080_60fps_hevc.mp4": {
        "psnr": 44.48676666666667,
        "ssim": 0.9805366666666667,
        "vmaf": 91.99464089,
        "fvd": 20.441996717917107
    }
}