{
    "BasketballDrive_1920x1080_50_av1.mkv": {
        "psnr": 36.33878,
        "ssim": 0.9120320000000001,
        "vmaf": 85.89710340799999,
        "fvd": 35.191864135184005,
        "tssim": 0.8809471774722771,
        "tpsnr": 32.09342793711202,
        "movie_index": 6.465395766532493,
        "st_rred": 7.438823447736523
    },
    "BQTerrace_1920x1080_60_av1.mkv": {
        "psnr": 35.46653333333333,
        "ssim": 0.9090166666666666,
        "vmaf": 95.58793358333334,
        "fvd": 94.93891568578465,
        "tssim": 0.9005676371027689,
        "tpsnr": 34.07372542494326,
        "movie_index": 121.4869859772229,
        "st_rred": 9.463093710069874
    },
    "Cactus_1920x1080_50_av1.mkv": {
        "psnr": 36.04033999999999,
        "ssim": 0.907164,
        "vmaf": 86.246333814,
        "fvd": 41.17572945805895,
        "tssim": 0.8963160348454065,
        "tpsnr": 33.723826337672904,
        "movie_index": 42.19131875053078,
        "st_rred": 8.074088255105888
    },
    "Kimono_1920x1080_24_av1.mkv": {
        "psnr": 40.18029166666667,
        "ssim": 0.9478708333333332,
        "vmaf": 89.0506419125,
        "fvd": 22.92962187526041,
        "tssim": 0.9378640211760495,
        "tpsnr": 37.67565705686434,
        "movie_index": 14.19757639476445,
        "st_rred": 4.347926817287021
    },
    "ParkScene_1920x1080_24_av1.mkv": {
        "psnr": 37.533500000000004,
        "ssim": 0.934125,
        "vmaf": 89.5534943,
        "fvd": 19.911929149180764,
        "tssim": 0.9329963704183395,
        "tpsnr": 35.92644307603397,
        "movie_index": 9.401558150026839,
        "st_rred": 5.151792334153367
    }
}