{
    "BallUnderWater_1920x1080_60fps_h264.mp4": {
        "psnr": 34.48486666666666,
        "ssim": 0.9489599999999999,
        "vmaf": 30.483118313333332,
        "fvd": 830.7666317278713
    },
    "Bookcase_1920x1080_60fps_h264.mp4": {
        "psnr": 29.67366666666667,
        "ssim": 0.8551500000000001,
        "vmaf": 55.17879635,
        "fvd": 157.4609505150661
    },
    "Boxing_1920x1080_30fps_h264.mp4": {
        "psnr": 33.21126666666667,
        "ssim": 0.9093533333333332,
        "vmaf": 50.760826726666664,
        "fvd": 189.59600896026836
    },
    "BricksLeaves_1920x1080_60fps_h264.mp4": {
        "psnr": 24.380733333333335,
        "ssim": 0.7278666666666667,
        "vmaf": 34.268832573333334,
        "fvd": 222.43883558808602
    },
    "BridgeRiver_1920x1080_30fps_h264.mp4": {
        "psnr": 26.090666666666667,
        "ssim": 0.7961933333333333,
        "vmaf": 34.99735295333333,
        "fvd": 912.1058884371706
    },
    "BubblesPitcher_1920x1080_60fps_h264.mp4": {
        "psnr": 35.605866666666664,
        "ssim": 0.92422,
        "vmaf": 28.25901017,
        "fvd": 349.93808312992405
    },
    "CalmingWater_1920x1080_60fps_h264.mp4": {
        "psnr": 22.71656666666667,
        "ssim": 0.6040733333333334,
        "vmaf": 10.592729743333333,
        "fvd": 1197.1942495695173
    },
    "CarpetCircleFast_1920x1080_60fps_h264.mp4": {
        "psnr": 34.1253,
        "ssim": 0.8857200000000001,
        "vmaf": 24.66159544,
        "fvd": 205.21684058485897
    },
    "CloudsZoom_1920x1080_60fps_h264.mp4": {
        "psnr": 52.514066666666665,
        "ssim": 0.9961833333333334,
        "vmaf": 84.40575491999999,
        "fvd": 4.075744026706534
    },
    "DiverFishAndRock_1920x1080_30fps_h264.mp4": {
        "psnr": 32.838,
        "ssim": 0.9044133333333334,
        "vmaf": 46.16789755333333,
        "fvd": 200.05853496568147
    },
    "Diver_1920x1080_30fps_h264.mp4": {
        "psnr": 40.67693333333333,
        "ssim": 0.96666,
        "vmaf": 68.23966896,
        "fvd": 178.71729321007024
    },
    "FishAndRock_1920x1080_30fps_h264.mp4": {
        "psnr": 32.72573333333333,
        "ssim": 0.8588866666666667,
        "vmaf": 37.7595136,
        "fvd": 314.30814606312777
    },
    "Fountain_1920x1080_50fps_h264.mp4": {
        "psnr": 29.2452,
        "ssim": 0.7210599999999999,
        "vmaf": 24.826969608,
        "fvd": 1866.036169519561
    },
    "Grass_1920x1080_60fps_h264.mp4": {
        "psnr": 25.552366666666668,
        "ssim": 0.6309733333333334,
        "vmaf": 25.603533003333332,
        "fvd": 57.32981597528181
    },
    "Hamster_1920x1080_60fps_h264.mp4": {
        "psnr": 32.752766666666666,
        "ssim": 0.9257933333333334,
        "vmaf": 48.679911743333335,
        "fvd": 116.89760656215708
    },
    "KineticFastPainting_1920x1080_60fps_h264.mp4": {
        "psnr": 24.180233333333334,
        "ssim": 0.6858833333333333,
        "vmaf": 25.017692773333334,
        "fvd": 1219.66117706766
    },
    "Lightreef_1920x1080_30fps_h264.mp4": {
        "psnr": 25.119266666666665,
        "ssim": 0.6852533333333333,
        "vmaf": 25.29944602666667,
        "fvd": 579.8244360055222
    },
    "MartialArts_1920x1080_60fps_h264.mp4": {
        "psnr": 40.4797,
        "ssim": 0.9721099999999999,
        "vmaf": 67.58624727,
        "fvd": 61.568151284576516
    },
    "Music_1920x1080_30fps_h264.mp4": {
        "psnr": 35.349599999999995,
        "ssim": 0.9237599999999999,
        "vmaf": 52.378862840000004,
        "fvd": 180.03890602359843
    },
    "PaintingTilting_1920x1080_60fps_h264.mp4": {
        "psnr": 24.872833333333336,
        "ssim": 0.8077,
        "vmaf": 57.26914780666667,
        "fvd": 43.5707496709083
    },
    "ParkPlay_1920x1080_50fps_h264.mp4": {
        "psnr": 25.645400000000002,
        "ssim": 0.6261359999999999,
        "vmaf": 14.222730516,
        "fvd": 488.11209316145414
    },
    "PlasmaAveragePan_1920x1080_60fps_h264.mp4": {
        "psnr": 37.35616666666667,
        "ssim": 0.9709866666666667,
        "vmaf": 33.74244730666667,
        "fvd": 85.98732785806146
    },
    "PlasmaSlowRandom_1920x1080_60fps_h264.mp4": {
        "psnr": 49.24236666666666,
        "ssim": 0.9963233333333333,
        "vmaf": 78.51182766666666,
        "fvd": 4.451553009595301
    },
    "RockWater_1920x1080_30fps_h264.mp4": {
        "psnr": 26.828466666666667,
        "ssim": 0.8366533333333332,
        "vmaf": 36.96725916666667,
        "fvd": 732.6464555335934
    },
    "RockWave_1920x1080_30fps_h264.mp4": {
        "psnr": 22.627066666666668,
        "ssim": 0.70214,
        "vmaf": 10.294909599999999,
        "fvd": 593.2264451574591
    },
    "Rowing_1920x1080_30fps_h264.mp4": {
        "psnr": 26.2406,
        "ssim": 0.7581066666666666,
        "vmaf": 6.369496433333333,
        "fvd": 2371.636919255274
    },
    "SmokeGuns_1920x1080_60fps_h264.mp4": {
        "psnr": 33.8827,
        "ssim": 0.8988766666666667,
        "vmaf": 35.9088767,
        "fvd": 226.8961954420373
    },
    "Surfers_1920x1080_30fps_h264.mp4": {
        "psnr": 31.731066666666667,
        "ssim": 0.8735533333333333,
        "vmaf": 43.776740473333334,
        "fvd": 334.00734590730224
    },
    "Toys_1920x1080_30fps_h264.mp4": {
        "psnr": 28.024866666666664,
        "ssim": 0.8216933333333334,
        "vmaf": 35.574974706666666,
        "fvd": 331.2588926873991
    },
    "TreeGrassFamily_1920x1080_30fps_h264.mp4": {
        "psnr": 25.842000000000002,
        "ssim": 0.69992,
        "vmaf": 23.67669245333333,
        "fvd": 887.701655752681
    },
    "TreeTrunk_1920x1080_50fps_h264.mp4": {
        "psnr": 23.956799999999998,
        "ssim": 0.556164,
        "vmaf": 20.682220947999998,
        "fvd": 250.01801016046193
    },
    "Typing_1920x1080_60fps_h264.mp4": {
        "psnr": 37.660999999999994,
        "ssim": 0.9441566666666668,
        "vmaf": 62.70169731666666,
        "fvd": 133.3059857358428
    }
}