{
    "BallUnderWater_1920x1080_60fps_h264.mp4": {
        "psnr": 34.48486666666666,
        "ssim": 0.9489599999999999,
        "vmaf": 30.483118313333332,
        "fvd": 830.7666317278713,
        "st_rred": 2.7959992081157017,
        "movie_index": 1.0765494770030912
    },
    "Bookcase_1920x1080_60fps_h264.mp4": {
        "psnr": 29.67366666666667,
        "ssim": 0.8551500000000001,
        "vmaf": 55.17879635,
        "fvd": 157.4609505150661,
        "st_rred": 5.129713608526188,
        "movie_index": 4.294475375708927
    },
    "Boxing_1920x1080_30fps_h264.mp4": {
        "psnr": 33.21126666666667,
        "ssim": 0.9093533333333332,
        "vmaf": 50.760826726666664,
        "fvd": 189.59600896026836,
        "st_rred": 4.450645479551605,
        "movie_index": 2.884828741518443
    },
    "BricksLeaves_1920x1080_60fps_h264.mp4": {
        "psnr": 24.380733333333335,
        "ssim": 0.7278666666666667,
        "vmaf": 34.268832573333334,
        "fvd": 222.43883558808602,
        "st_rred": 12.612327181676406,
        "movie_index": 4.953731330416872
    },
    "BridgeRiver_1920x1080_30fps_h264.mp4": {
        "psnr": 26.090666666666667,
        "ssim": 0.7961933333333333,
        "vmaf": 34.99735295333333,
        "fvd": 912.1058884371706,
        "st_rred": 11.588674828201384,
        "movie_index": 1.818330450746037
    },
    "BubblesPitcher_1920x1080_60fps_h264.mp4": {
        "psnr": 35.605866666666664,
        "ssim": 0.92422,
        "vmaf": 28.25901017,
        "fvd": 349.93808312992405,
        "st_rred": 3.9202452580274443,
        "movie_index": 1.171981448345011
    },
    "CalmingWater_1920x1080_60fps_h264.mp4": {
        "psnr": 22.71656666666667,
        "ssim": 0.6040733333333334,
        "vmaf": 10.592729743333333,
        "fvd": 1197.1942495695173,
        "st_rred": 20.4081233087809,
        "movie_index": 5.73616298704243
    },
    "CarpetCircleFast_1920x1080_60fps_h264.mp4": {
        "psnr": 34.1253,
        "ssim": 0.8857200000000001,
        "vmaf": 24.66159544,
        "fvd": 205.21684058485897,
        "st_rred": 6.082082305505235,
        "movie_index": 4.844311466384492
    },
    "CloudsZoom_1920x1080_60fps_h264.mp4": {
        "psnr": 52.514066666666665,
        "ssim": 0.9961833333333334,
        "vmaf": 84.40575491999999,
        "fvd": 4.075744026706534,
        "st_rred": 0.25850737100993365,
        "movie_index": 0.2597899149860377
    },
    "DiverFishAndRock_1920x1080_30fps_h264.mp4": {
        "psnr": 32.838,
        "ssim": 0.9044133333333334,
        "vmaf": 46.16789755333333,
        "fvd": 200.05853496568147,
        "st_rred": 4.259898446562476,
        "movie_index": 3.3916610895387276
    },
    "Diver_1920x1080_30fps_h264.mp4": {
        "psnr": 40.67693333333333,
        "ssim": 0.96666,
        "vmaf": 68.23966896,
        "fvd": 178.71729321007024,
        "st_rred": 2.2632095685485547,
        "movie_index": 3.000625324229266
    },
    "FishAndRock_1920x1080_30fps_h264.mp4": {
        "psnr": 32.72573333333333,
        "ssim": 0.8588866666666667,
        "vmaf": 37.7595136,
        "fvd": 314.30814606312777,
        "st_rred": 6.303633664545185,
        "movie_index": 2.038500058570964
    },
    "Fountain_1920x1080_50fps_h264.mp4": {
        "psnr": 29.2452,
        "ssim": 0.7210599999999999,
        "vmaf": 24.826969608,
        "fvd": 1866.036169519561,
        "st_rred": 17.10332958274456,
        "movie_index": 3.0295235742048088
    },
    "Grass_1920x1080_60fps_h264.mp4": {
        "psnr": 25.552366666666668,
        "ssim": 0.6309733333333334,
        "vmaf": 25.603533003333332,
        "fvd": 57.32981597528181,
        "st_rred": 14.333346590185734,
        "movie_index": 2.058967529008022
    },
    "Hamster_1920x1080_60fps_h264.mp4": {
        "psnr": 32.752766666666666,
        "ssim": 0.9257933333333334,
        "vmaf": 48.679911743333335,
        "fvd": 116.89760656215708,
        "st_rred": 2.8393600335200837,
        "movie_index": 2.036565350549277
    },
    "KineticFastPainting_1920x1080_60fps_h264.mp4": {
        "psnr": 24.180233333333334,
        "ssim": 0.6858833333333333,
        "vmaf": 25.017692773333334,
        "fvd": 1219.66117706766,
        "st_rred": 20.039506181065228,
        "movie_index": 12.54647417451227
    },
    "Lightreef_1920x1080_30fps_h264.mp4": {
        "psnr": 25.119266666666665,
        "ssim": 0.6852533333333333,
        "vmaf": 25.29944602666667,
        "fvd": 579.8244360055222,
        "st_rred": 16.77453369432189,
        "movie_index": 11.936814427375793
    },
    "MartialArts_1920x1080_60fps_h264.mp4": {
        "psnr": 40.4797,
        "ssim": 0.9721099999999999,
        "vmaf": 67.58624727,
        "fvd": 61.568151284576516,
        "st_rred": 1.3329695634969791,
        "movie_index": 0.69215943833757
    },
    "Music_1920x1080_30fps_h264.mp4": {
        "psnr": 35.349599999999995,
        "ssim": 0.9237599999999999,
        "vmaf": 52.378862840000004,
        "fvd": 180.03890602359843,
        "st_rred": 3.6584410673350476,
        "movie_index": 8.294398789137801
    },
    "PaintingTilting_1920x1080_60fps_h264.mp4": {
        "psnr": 24.872833333333336,
        "ssim": 0.8077,
        "vmaf": 57.26914780666667,
        "fvd": 43.5707496709083,
        "st_rred": 8.561115060930547,
        "movie_index": 3.4134705386756856
    },
    "ParkPlay_1920x1080_50fps_h264.mp4": {
        "psnr": 25.645400000000002,
        "ssim": 0.6261359999999999,
        "vmaf": 14.222730516,
        "fvd": 488.11209316145414,
        "st_rred": 22.343604711376365,
        "movie_index": 3.2801209659461517
    },
    "PlasmaAveragePan_1920x1080_60fps_h264.mp4": {
        "psnr": 37.35616666666667,
        "ssim": 0.9709866666666667,
        "vmaf": 33.74244730666667,
        "fvd": 85.98732785806146,
        "st_rred": 0.8607966954319615,
        "movie_index": 0.37683148267227273
    },
    "PlasmaSlowRandom_1920x1080_60fps_h264.mp4": {
        "psnr": 49.24236666666666,
        "ssim": 0.9963233333333333,
        "vmaf": 78.51182766666666,
        "fvd": 4.451553009595301,
        "st_rred": 0.06613939536753177,
        "movie_index": 0.0692693322217933
    },
    "RockWater_1920x1080_30fps_h264.mp4": {
        "psnr": 26.828466666666667,
        "ssim": 0.8366533333333332,
        "vmaf": 36.96725916666667,
        "fvd": 732.6464555335934,
        "st_rred": 9.774395637972283,
        "movie_index": 3.8156700070272356
    },
    "RockWave_1920x1080_30fps_h264.mp4": {
        "psnr": 22.627066666666668,
        "ssim": 0.70214,
        "vmaf": 10.294909599999999,
        "fvd": 593.2264451574591,
        "st_rred": 20.500017388557463,
        "movie_index": 4.865596812043414
    },
    "Rowing_1920x1080_30fps_h264.mp4": {
        "psnr": 26.2406,
        "ssim": 0.7581066666666666,
        "vmaf": 6.369496433333333,
        "fvd": 2371.636919255274,
        "st_rred": 17.00088271341695,
        "movie_index": 9.048211650560365
    },
    "SmokeGuns_1920x1080_60fps_h264.mp4": {
        "psnr": 33.8827,
        "ssim": 0.8988766666666667,
        "vmaf": 35.9088767,
        "fvd": 226.8961954420373,
        "st_rred": 3.210699720336221,
        "movie_index": 2.1667287158328157
    },
    "Surfers_1920x1080_30fps_h264.mp4": {
        "psnr": 31.731066666666667,
        "ssim": 0.8735533333333333,
        "vmaf": 43.776740473333334,
        "fvd": 334.00734590730224,
        "st_rred": 6.277218557832397,
        "movie_index": 2.8009362664798765
    },
    "Toys_1920x1080_30fps_h264.mp4": {
        "psnr": 28.024866666666664,
        "ssim": 0.8216933333333334,
        "vmaf": 35.574974706666666,
        "fvd": 331.2588926873991,
        "st_rred": 8.242270207418454,
        "movie_index": 4.518899157943341
    },
    "TreeGrassFamily_1920x1080_30fps_h264.mp4": {
        "psnr": 25.842000000000002,
        "ssim": 0.69992,
        "vmaf": 23.67669245333333,
        "fvd": 887.701655752681,
        "st_rred": 13.567883831596784,