{
    "BallUnderWater_1920x1080_60fps_vp9.webm": {
        "psnr": 46.60596666666667,
        "ssim": 0.9850266666666666,
        "vmaf": 96.35082631666667,
        "fvd": 7.414529835120561
    },
    "Bookcase_1920x1080_60fps_vp9.webm": {
        "psnr": 44.025999999999996,
        "ssim": 0.9837566666666667,
        "vmaf": 99.98386788333333,
        "fvd": 0.7788391708834297
    },
    "Boxing_1920x1080_30fps_vp9.webm": {
        "psnr": 43.1458,
        "ssim": 0.9731533333333332,
        "vmaf": 99.93914961333333,
        "fvd": 7.253305785222665
    },
    "BricksLeaves_1920x1080_60fps_vp9.webm": {
        "psnr": 36.535700000000006,
        "ssim": 0.9556133333333332,
        "vmaf": 91.68937026666667,
        "fvd": 7.193621714902918
    },
    "BridgeRiver_1920x1080_30fps_vp9.webm": {
        "psnr": 33.73693333333333,
        "ssim": 0.9367,
        "vmaf": 80.41203638,
        "fvd": 114.30007754338232
    },
    "BubblesPitcher_1920x1080_60fps_vp9.webm": {
        "psnr": 44.30536666666667,
        "ssim": 0.97303,
        "vmaf": 83.29979547333333,
        "fvd": 31.698419938203187
    },
    "CalmingWater_1920x1080_60fps_vp9.webm": {
        "psnr": 31.949800000000003,
        "ssim": 0.80706,
        "vmaf": 54.167692646666666,
        "fvd": 21.994509306507666
    },
    "CarpetCircleFast_1920x1080_60fps_vp9.webm": {
        "psnr": 45.23453333333334,
        "ssim": 0.97541,
        "vmaf": 89.77122910666667,
        "fvd": 0.756608601160849
    },
    "CloudsZoom_1920x1080_60fps_vp9.webm": {
        "psnr": 58.5206,
        "ssim": 0.9988600000000001,
        "vmaf": 94.27785722333333,
        "fvd": 0.12086514430761319
    },
    "DiverFishAndRock_1920x1080_30fps_vp9.webm": {
        "psnr": 43.846266666666665,
        "ssim": 0.98124,
        "vmaf": 98.71365665333333,
        "fvd": 9.672747796002568
    },
    "Diver_1920x1080_30fps_vp9.webm": {
        "psnr": 47.37226666666667,
        "ssim": 0.9844733333333333,
        "vmaf": 97.7763925,
        "fvd": 12.434293180157056
    },
    "FishAndRock_1920x1080_30fps_vp9.webm": {
        "psnr": 42.5544,
        "ssim": 0.9752066666666667,
        "vmaf": 96.63873336666666,
        "fvd": 14.440189794163075
    },
    "Fountain_1920x1080_50fps_vp9.webm": {
        "psnr": 35.24584,
        "ssim": 0.855964,
        "vmaf": 74.010101236,
        "fvd": 104.97254132502235
    },
    "Grass_1920x1080_60fps_vp9.webm": {
        "psnr": 34.69826666666666,
        "ssim": 0.9371966666666667,
        "vmaf": 82.24940574,
        "fvd": 4.518978124753705
    },
    "Hamster_1920x1080_60fps_vp9.webm": {
        "psnr": 45.05996666666667,
        "ssim": 0.9862666666666666,
        "vmaf": 99.10622982666666,
        "fvd": 3.0515765628321105
    },
    "KineticFastPainting_1920x1080_60fps_vp9.webm": {
        "psnr": 37.87916666666667,
        "ssim": 0.9393966666666668,
        "vmaf": 91.45203730333333,
        "fvd": 4.776830601751755
    },
    "Lightreef_1920x1080_30fps_vp9.webm": {
        "psnr": 33.867533333333334,
        "ssim": 0.9092,
        "vmaf": 89.24513723333334,
        "fvd": 27.975829908651576
    },
    "MartialArts_1920x1080_60fps_vp9.webm": {
        "psnr": 50.250766666666664,
        "ssim": 0.9933133333333333,
        "vmaf": 97.49741725666667,
        "fvd": 2.6521875982145957
    },
    "Music_1920x1080_30fps_vp9.webm": {
        "psnr": 44.379666666666665,
        "ssim": 0.9754066666666668,
        "vmaf": 97.27625210666666,
        "fvd": 10.76690987026177
    },
    "PaintingTilting_1920x1080_60fps_vp9.webm": {
        "psnr": 37.75326666666667,
        "ssim": 0.9724133333333334,
        "vmaf": 99.98476992666667,
        "fvd": 2.9240770494152457
    },
    "ParkPlay_1920x1080_50fps_vp9.webm": {
        "psnr": 34.14328,
        "ssim": 0.8762000000000001,
        "vmaf": 86.604333716,
        "fvd": 19.611652209862314
    },
    "PlasmaAveragePan_1920x1080_60fps_vp9.webm": {
        "psnr": 49.8561,
        "ssim": 0.9953366666666666,
        "vmaf": 93.73024483,
        "fvd": 1.9542965245596662
    },
    "PlasmaSlowRandom_1920x1080_60fps_vp9.webm": {
        "psnr": 63.81360000000001,
        "ssim": 0.9999333333333333,
        "vmaf": 96.46461705,
        "fvd": 0.09880275576037434
    },
    "RockWater_1920x1080_30fps_vp9.webm": {
        "psnr": 37.9202,
        "ssim": 0.9688066666666667,
        "vmaf": 95.15635164666666,
        "fvd": 25.061537262281036
    },
    "RockWave_1920x1080_30fps_vp9.webm": {
        "psnr": 29.317666666666664,
        "ssim": 0.8828866666666666,
        "vmaf": 62.53968946,
        "fvd": 92.74012485461867
    },
    "Rowing_1920x1080_30fps_vp9.webm": {
        "psnr": 33.510600000000004,
        "ssim": 0.8952333333333333,
        "vmaf": 65.41748107333333,
        "fvd": 110.63375530993017
    },
    "SmokeGuns_1920x1080_60fps_vp9.webm": {
        "psnr": 43.06296666666667,
        "ssim": 0.9691266666666667,
        "vmaf": 90.39169085333333,
        "fvd": 10.64804246479082
    },
    "Surfers_1920x1080_30fps_vp9.webm": {
        "psnr": 40.199533333333335,
        "ssim": 0.9667399999999999,
        "vmaf": 90.62014669333334,
        "fvd": 26.36672920507874
    },
    "Toys_1920x1080_30fps_vp9.webm": {
        "psnr": 39.790533333333336,
        "ssim": 0.9676799999999999,
        "vmaf": 99.89556775333334,
        "fvd": 16.84873014570303
    },
    "TreeGrassFamily_1920x1080_30fps_vp9.webm": {
        "psnr": 33.46146666666667,
        "ssim": 0.9118466666666668,
        "vmaf": 71.17794932,
        "fvd": 58.29864654970595
    },
    "TreeTrunk_1920x1080_50fps_vp9.webm": {
        "psnr": 36.37516,
        "ssim": 0.944856,
        "vmaf": 99.976130152,
        "fvd": 3.603107601924137
    },
    "Typing_1920x1080_60fps_vp9.webm": {
        "psnr": 47.45036666666667,
        "ssim": 0.9889266666666666,
        "vmaf": 95.51853645333334,
        "fvd": 4.3594043649591185
    }
}