{
    "BasketballDrive_1920x1080_50_hevc.mp4": {
        "psnr": 39.243339999999996,
        "ssim": 0.93826,
        "vmaf": 99.568589714,
        "fvd": 10.040052286713262,
        "tssim": 0.9312770031705618,
        "tpsnr": 37.11112801775426,
        "movie_index": 9.081763964825738,
        "st_rred": 4.891532790608224
    },
    "BQTerrace_1920x1080_60_hevc.mp4": {
        "psnr": 36.544133333333335,
        "ssim": 0.9174733333333334,
        "vmaf": 96.77091128666667,
        "fvd": 38.74349447830264,
        "tssim": 0.913167470328448,
        "tpsnr": 35.3189332672272,
        "movie_index": 84.95211997660552,
        "st_rred": 6.80302903575253
    },
    "Cactus_1920x1080_50_hevc.mp4": {
        "psnr": 38.38572,
        "ssim": 0.92963,
        "vmaf": 96.410790584,
        "fvd": 20.283158058384373,
        "tssim": 0.9318233729174047,
        "tpsnr": 37.142123121059015,
        "movie_index": 39.35681379089255,
        "st_rred": 5.706069202336
    },
    "Kimono_1920x1080_24_hevc.mp4": {
        "psnr": 43.129416666666664,
        "ssim": 0.9667375,
        "vmaf": 99.04083485416666,
        "fvd": 7.980288869516016,
        "tssim": 0.9667221596795879,
        "tpsnr": 41.92884268022481,
        "movie_index": 11.556453273510833,
        "st_rred": 2.549161670689479
    },
    "ParkScene_1920x1080_24_hevc.mp4": {
        "psnr": 41.45645833333333,
        "ssim": 0.9643708333333333,
        "vmaf": 97.68929147499999,
        "fvd": 4.976078112109349,
        "tssim": 0.9664385663300037,
        "tpsnr": 40.39683746593268,
        "movie_index": 8.01680654257723,
        "st_rred": 2.6482408270014908
    }
}