{
    "BasketballDrive_1920x1080_50_vp9.webm": {
        "psnr": 35.378699999999995,
        "ssim": 0.897506,
        "vmaf": 80.250635284,
        "tssim": 0.8690413876915818,
        "tpsnr": 32.17138406604469,
        "fvd": 30.959215378335557,
        "movie_index": 7.278487834220898,
        "st_rred": 6.638803730528185
    },
    "BQTerrace_1920x1080_60_vp9.webm": {
        "psnr": 34.73791666666666,
        "ssim": 0.8972933333333333,
        "vmaf": 91.43916554166667,
        "tssim": 0.8917975201374739,
        "tpsnr": 33.62758254368038,
        "fvd": 58.34986311944476,
        "movie_index": 113.83118539600818,
        "st_rred": 8.70391246022821
    },
    "Cactus_1920x1080_50_vp9.webm": {
        "psnr": 35.12284,
        "ssim": 0.89374,
        "vmaf": 80.99676313200001,
        "tssim": 0.8788699554314491,
        "tpsnr": 32.91779335419496,
        "fvd": 26.83167410750829,
        "movie_index": 41.58326492606399,
        "st_rred": 7.3404579957020495
    },
    "Kimono_1920x1080_24_vp9.webm": {
        "psnr": 39.73316666666667,
        "ssim": 0.9424125,
        "vmaf": 86.93874531666667,
        "tssim": 0.9302650293367231,
        "tpsnr": 37.5352123452031,
        "fvd": 19.218391605378656,
        "movie_index": 12.80682036492615,
        "st_rred": 3.691011934889513
    },
    "ParkScene_1920x1080_24_vp9.webm": {
        "psnr": 36.912416666666665,
        "ssim": 0.9234708333333334,
        "vmaf": 86.09850814583334,
        "tssim": 0.9187487249732997,
        "tpsnr": 35.405690197166535,
        "fvd": 14.940479343461107,
        "movie_index": 9.295582893253869,
        "st_rred": 4.551231979153886
    }
}