{
    "BasketballDrive_1920x1080_50_hevc.mp4": {
        "psnr": 39.243339999999996,
        "ssim": 0.93826,
        "vmaf": 99.568589714
    },
    "BQTerrace_1920x1080_60_hevc.mp4": {
        "psnr": 36.544133333333335,
        "ssim": 0.9174733333333334,
        "vmaf": 96.77091128666667
    },
    "Cactus_1920x1080_50_hevc.mp4": {
        "psnr": 38.38572,
        "ssim": 0.92963,
        "vmaf": 96.410790584
    },
    "Kimono_1920x1080_24_hevc.mp4": {
        "psnr": 43.129416666666664,
        "ssim": 0.9667375,
        "vmaf": 99.04083485416666
    },
    "ParkScene_1920x1080_24_hevc.mp4": {
        "psnr": 41.45645833333333,
        "ssim": 0.9643708333333333,
        "vmaf": 97.68929147499999
    }
}