{
    "Bosphorus_1920x1080_120fps_420_8bit_YUV_hevc.mp4": {
        "psnr": 42.84681666666667,
        "ssim": 0.9701399999999999,
        "vmaf": 91.35138135833334,
        "tssim": 0.8890637995336235,
        "tpsnr": 34.398301864904234,
        "fvd": 34.448418482953
    },
    "HoneyBee_1920x1080_120fps_420_8bit_YUV_hevc.mp4": {
        "psnr": 43.241749999999996,
        "ssim": 0.96917,
        "vmaf": 93.94627093333334,
        "tssim": 0.939342459842825,
        "tpsnr": 38.43019928398833,
        "fvd": 14.717357182358228
    },
    "Jockey_1920x1080_120fps_420_8bit_YUV_hevc.mp4": {
        "psnr": 42.61581666666667,
        "ssim": 0.9600483333333333,
        "vmaf": 97.160287375,
        "tssim": 0.865968975802262,
        "tpsnr": 29.302879960787713,
        "fvd": 7.125070673011123
    },
    "ReadySteadyGo_1920x1080_120fps_420_8bit_YUV_hevc.mp4": {
        "psnr": 38.401650000000004,
        "ssim": 0.9512733333333333,
        "vmaf": 97.75582139333333,
        "tssim": 0.7261785550944951,
        "tpsnr": 24.544294605669077,
        "fvd": 39.25587873880204
    },
    "ShakeNDry_1920x1080_120fps_420_8bit_YUV_hevc.mp4": {
        "psnr": 38.53263333333334,
        "ssim": 0.9277099999999999,
        "vmaf": 79.37442442666666,
        "tssim": 0.807847733135485,
        "tpsnr": 30.962450652616877,
        "fvd": 76.25524562519058
    },
    "YachtRide_1920x1080_120fps_420_8bit_YUV_hevc.mp4": {
        "psnr": 36.099333333333334,
        "ssim": 0.923245,
        "vmaf": 73.98437659666666,
        "tssim": 0.7655103363079925,
        "tpsnr": 27.69464116422879,
        "fvd": 162.5157158219472
    },
    "Beauty_1920x1080_120fps_420_8bit_YUV_hevc.mp4": {
        "psnr": 39.39558333333333,
        "ssim": 0.90484,
        "vmaf": 86.40392615666666,
        "tssim": 0.9064082205217667,
        "tpsnr": 38.3391200083126,
        "fvd": 54.36473179495499
    }
}