{
    "BasketballDrive_1920x1080_50_hevc.mp4": {
        "psnr": 38.530919999999995,
        "ssim": 0.930922,
        "vmaf": 98.649322768,
        "tssim": 0.9224445442926186,
        "tpsnr": 36.18674684574226,
        "fvd": 14.217937612347669,
        "movie_index": 8.756323866113155,
        "st_rred": 5.2729117671067485
    },
    "BQTerrace_1920x1080_60_hevc.mp4": {
        "psnr": 36.143283333333336,
        "ssim": 0.9125383333333333,
        "vmaf": 96.277917995,
        "tssim": 0.9082294420427166,
        "tpsnr": 34.902296298732345,
        "fvd": 44.201032422899516,
        "movie_index": 90.53644449230228,
        "st_rred": 7.239919508704602
    },
    "Cactus_1920x1080_50_hevc.mp4": {
        "psnr": 37.819480000000006,
        "ssim": 0.9234220000000001,
        "vmaf": 95.09441922399999,
        "tssim": 0.92493328590294,
        "tpsnr": 36.44523554096719,
        "fvd": 24.075434382712615,
        "movie_index": 41.18238967292772,
        "st_rred": 6.1703905351791555
    },
    "Kimono_1920x1080_24_hevc.mp4": {
        "psnr": 42.622125,
        "ssim": 0.9635208333333334,
        "vmaf": 98.61153984583333,
        "tssim": 0.9632427441465083,
        "tpsnr": 41.28248406254597,
        "fvd": 9.08588623196647,
        "movie_index": 12.534224468544437,
        "st_rred": 2.91045697118696
    },
    "ParkScene_1920x1080_24_hevc.mp4": {
        "psnr": 40.50983333333333,
        "ssim": 0.9580833333333333,
        "vmaf": 96.58923588750001,
        "tssim": 0.9608911660494535,
        "tpsnr": 39.393033558354716,
        "fvd": 7.010371674839462,
        "movie_index": 8.681289831215368,
        "st_rred": 3.052056280633497
    }
}