{
    "Beauty_1920x1080_120fps_420_8bit_YUV_h264.mp4": {
        "psnr": 38.83383333333333,
        "ssim": 0.8991916666666666,
        "vmaf": 78.31107531500001,
        "tssim": 0.8939387954073938,
        "tpsnr": 37.362990511478685,
        "fvd": 52.563434910270246
    },
    "Bosphorus_1920x1080_120fps_420_8bit_YUV_h264.mp4": {
        "psnr": 41.29885,
        "ssim": 0.9620833333333333,
        "vmaf": 85.86366387333332,
        "tssim": 0.894945310645568,
        "tpsnr": 34.70257114607822,
        "fvd": 462.36871302488044
    },
    "HoneyBee_1920x1080_120fps_420_8bit_YUV_h264.mp4": {
        "psnr": 42.3936,
        "ssim": 0.9647799999999999,
        "vmaf": 92.02741138500001,
        "tssim": 0.9319876531859939,
        "tpsnr": 37.783753925253436,
        "fvd": 88.82651055365216
    },
    "Jockey_1920x1080_120fps_420_8bit_YUV_h264.mp4": {
        "psnr": 40.76155,
        "ssim": 0.9510466666666666,
        "vmaf": 87.38459362666667,
        "tssim": 0.8645911745995892,
        "tpsnr": 29.35435656514112,
        "fvd": 1473.167339188311
    },
    "ReadySteadyGo_1920x1080_120fps_420_8bit_YUV_h264.mp4": {
        "psnr": 36.37898333333333,
        "ssim": 0.9388183333333334,
        "vmaf": 89.85926907,
        "tssim": 0.7986800381403502,
        "tpsnr": 26.57179850290136,
        "fvd": 1127.6624518162284
    },
    "ShakeNDry_1920x1080_120fps_420_8bit_YUV_h264.mp4": {
        "psnr": 37.48853333333333,
        "ssim": 0.91815,
        "vmaf": 73.04775488666667,
        "tssim": 0.8339784700226288,
        "tpsnr": 32.067502790470186,
        "fvd": 735.2626632436616
    },
    "YachtRide_1920x1080_120fps_420_8bit_YUV_h264.mp4": {
        "psnr": 34.626016666666665,
        "ssim": 0.9082766666666667,
        "vmaf": 63.924519608333334,
        "tssim": 0.7773964925493119,
        "tpsnr": 28.049883579769993,
        "fvd": 508.8100690892911
    }
}