{
    "BallUnderWater_1920x1080_60fps_av1.mkv": {
        "psnr": 46.12136666666667,
        "ssim": 0.9843999999999999,
        "vmaf": 94.70441905666667,
        "fvd": 13.608540028445702,
        "st_rred": 0.8828237053359445,
        "movie_index": 0.511571319107228,
        "tssim": 0.9667686401781759,
        "tpsnr": 38.016197268380765
    },
    "Bookcase_1920x1080_60fps_av1.mkv": {
        "psnr": 44.3059,
        "ssim": 0.9851833333333334,
        "vmaf": 99.97835528666667,
        "fvd": 0.9861224151659371,
        "st_rred": 0.2744936609794095,
        "movie_index": 1.591209407634161,
        "tssim": 0.9354652781321908,
        "tpsnr": 29.508223339068053
    },
    "Boxing_1920x1080_30fps_av1.mkv": {
        "psnr": 42.90626666666667,
        "ssim": 0.9734666666666667,
        "vmaf": 99.91036271333333,
        "fvd": 12.707895955936237,
        "st_rred": 2.956353786085913,
        "movie_index": 0.9633113199832456,
        "tssim": 0.9475936658332179,
        "tpsnr": 33.02505109134137
    },
    "BricksLeaves_1920x1080_60fps_av1.mkv": {
        "psnr": 36.56803333333333,
        "ssim": 0.9616966666666668,
        "vmaf": 90.66576286,
        "fvd": 19.708798468033137,
        "st_rred": 3.053985613868935,
        "movie_index": 2.9905037362888507,
        "tssim": 0.9485233988275783,
        "tpsnr": 32.77126603142474
    },
    "BridgeRiver_1920x1080_30fps_av1.mkv": {
        "psnr": 33.9714,
        "ssim": 0.9415533333333334,
        "vmaf": 82.49224064666666,
        "fvd": 165.79914329299442,
        "st_rred": 5.333581994374363,
        "movie_index": 1.4749126766352045,
        "tssim": 0.9067093971894631,
        "tpsnr": 30.496415093441136
    },
    "BubblesPitcher_1920x1080_60fps_av1.mkv": {
        "psnr": 43.80603333333333,
        "ssim": 0.9742633333333334,
        "vmaf": 83.74534315,
        "fvd": 52.655892832069185,
        "st_rred": 1.19559711902974,
        "movie_index": 0.5530948578862841,
        "tssim": 0.9544181265496442,
        "tpsnr": 38.5689548313817
    },
    "CalmingWater_1920x1080_60fps_av1.mkv": {
        "psnr": 31.305799999999998,
        "ssim": 0.7961,
        "vmaf": 46.365600906666664,
        "fvd": 29.075979684051333,
        "st_rred": 6.1416022180846355,
        "movie_index": 3.1769525181489646,
        "tssim": 0.6626438399299154,
        "tpsnr": 25.629034182698433
    },
    "CarpetCircleFast_1920x1080_60fps_av1.mkv": {
        "psnr": 45.036966666666665,
        "ssim": 0.9759899999999999,
        "vmaf": 86.77228883,
        "fvd": 1.7710812608804645,
        "st_rred": 0.8459677136773642,
        "movie_index": 2.541941938641478,
        "tssim": 0.9339192475886612,
        "tpsnr": 35.6112937161755
    },
    "CloudsZoom_1920x1080_60fps_av1.mkv": {
        "psnr": 57.121500000000005,
        "ssim": 0.99831,
        "vmaf": 92.58845952,
        "fvd": 0.45328890635360075,
        "st_rred": 0.17110553055581357,
        "movie_index": 0.20788340268338903,
        "tssim": 0.9972413866055162,
        "tpsnr": 54.80045423220631
    },
    "DiverFishAndRock_1920x1080_30fps_av1.mkv": {
        "psnr": 43.36213333333333,
        "ssim": 0.98008,
        "vmaf": 98.41305234,
        "fvd": 17.363229313249576,
        "st_rred": 1.9508669577447026,
        "movie_index": 3.325320921188233,
        "tssim": 0.9691243369821912,
        "tpsnr": 38.77758369189781
    },
    "Diver_1920x1080_30fps_av1.mkv": {
        "psnr": 46.64313333333334,
        "ssim": 0.9829999999999999,
        "vmaf": 96.35534392666668,
        "fvd": 19.085111235036493,
        "st_rred": 2.044748931275376,
        "movie_index": 2.9181037891231125,
        "tssim": 0.9717350316048919,
        "tpsnr": 42.33114708510021
    },
    "FishAndRock_1920x1080_30fps_av1.mkv": {
        "psnr": 42.22913333333333,
        "ssim": 0.97492,
        "vmaf": 96.27454764,
        "fvd": 15.767448371965202,
        "st_rred": 2.1211318024656833,
        "movie_index": 1.2056463452293569,
        "tssim": 0.9710115431388417,
        "tpsnr": 40.48860762423317
    },
    "Fountain_1920x1080_50fps_av1.mkv": {
        "psnr": 35.0376,
        "ssim": 0.85226,
        "vmaf": 71.70713262000001,
        "fvd": 182.78053561843808,
        "st_rred": 9.657555245147257,
        "movie_index": 1.7136120379689228,
        "tssim": 0.7882898767591555,
        "tpsnr": 31.94618723765913
    },
    "Grass_1920x1080_60fps_av1.mkv": {
        "psnr": 35.1033,
        "ssim": 0.9445166666666666,
        "vmaf": 84.10420080666667,
        "fvd": 32.07080440664539,
        "st_rred": 4.3995439478044105,
        "movie_index": 1.7251492117758978,
        "tssim": 0.954725523737693,
        "tpsnr": 33.387747289345015
    },
    "Hamster_1920x1080_60fps_av1.mkv": {
        "psnr": 45.0405,
        "ssim": 0.9873199999999999,
        "vmaf": 98.90334384666667,
        "fvd": 6.551377435060317,
        "st_rred": 0.4636564652665953,
        "movie_index": 0.6301424065262179,
        "tssim": 0.9738345048956896,
        "tpsnr": 37.405175416365914
    },
    "KineticFastPainting_1920x1080_60fps_av1.mkv": {
        "psnr": 37.426433333333335,
        "ssim": 0.9385066666666667,
        "vmaf": 89.05534349666667,
        "fvd": 8.193066131155064,
        "st_rred": 1.3076957033454342,
        "movie_index": 3.372257029133098,
        "tssim": 0.8359559008395384,
        "tpsnr": 28.905560145808703
    },
    "Lightreef_1920x1080_30fps_av1.mkv": {
        "psnr": 33.4,
        "ssim": 0.9073,
        "vmaf": 87.40159397333333,
        "fvd": 50.67582749360781,
        "st_rred": 5.8083485383092395,
        "movie_index": 9.187662905494639,
        "tssim": 0.9026817447217975,
        "tpsnr": 32.01374870658721
    },
    "MartialArts_1920x1080_60fps_av1.mkv": {
        "psnr": 49.584666666666664,
        "ssim": 0.9933766666666666,
        "vmaf": 96.32708313,
        "fvd": 6.107140162980954,
        "st_rred": 0.5691452736616918,
        "movie_index": 0.5499874096376242,
        "tssim": 0.9873245767005536,
        "tpsnr": 44.153083852302274
    },
    "Music_1920x1080_30fps_av1.mkv": {
        "psnr": 43.96153333333333,
        "ssim": 0.9751333333333334,
        "vmaf": 96.52545515333334,
        "fvd": 16.589863967081783,
        "st_rred": 2.077190180938768,
        "movie_index": 8.606688568506065,
        "tssim": 0.9499681463245617,
        "tpsnr": 37.147524763273715
    },
    "PaintingTilting_1920x1080_60fps_av1.mkv": {
        "psnr": 38.625566666666664,
        "ssim": 0.97647,
        "vmaf": 99.98175893,
        "fvd": 3.774390670441221,
        "st_rred": 0.07910366523097423,
        "movie_index": 2.399460341239404,
        "tssim": 0.9907503468008092,
        "tpsnr": 37.589160319554765
    },
    "ParkPlay_1920x1080_50fps_av1.mkv": {
        "psnr": 33.664,
        "ssim": 0.870564,
        "vmaf": 81.86255408400001,
        "fvd": 47.79383769019205,
        "st_rred": 9.38040835288686,
        "movie_index": 2.316487040505352,
        "tssim": 0.8393107334476257,
        "tpsnr": 29.73098201062306
    },
    "PlasmaAveragePan_1920x1080_60fps_av1.mkv": {
        "psnr": 49.837133333333334,
        "ssim": 0.9956133333333335,
        "vmaf": 94.42287388,
        "fvd": 1.7095619311262027,
        "st_rred": 0.08865446729797233,
        "movie_index": 0.13859740945582205,
        "tssim": 0.9873582121136263,
        "tpsnr": 43.812567937334244
    },
    "PlasmaSlowRandom_1920x1080_60fps_av1.mkv": {
        "psnr": 60.24536666666667,
        "ssim": 0.9996166666666666,
        "vmaf": 96.29985308666666,
        "fvd": 0.2622893175642673,
        "st_rred": 0.005393879041678873,
        "movie_index": 0.020838332055666077,
        "tssim": 0.9990118154250047,
        "tpsnr": 57.38713298274522
    },
    "RockWater_1920x1080_30fps_av1.mkv": {
        "psnr": 37.84073333333333,
        "ssim": 0.9682799999999999,
        "vmaf": 96.43915118666666,
        "fvd": 37.72134659208132,
        "st_rred": 1.8832996354296156,