{
    "BasketballDrive_1920x1080_50_vp9.webm": {
        "psnr": 34.732260000000004,
        "ssim": 0.887946,
        "vmaf": 75.913134316,
        "tssim": 0.8567539403269568,
        "tpsnr": 31.519533650430745,
        "fvd": 32.72934987125245,
        "movie_index": 7.0383391538578906,
        "st_rred": 6.885423006282625
    },
    "BQTerrace_1920x1080_60_vp9.webm": {
        "psnr": 34.390766666666664,
        "ssim": 0.8927933333333334,
        "vmaf": 89.91534337666667,
        "tssim": 0.8867809137215195,
        "tpsnr": 33.24545018382383,
        "fvd": 66.25564514074313,
        "movie_index": 116.41470894604325,
        "st_rred": 8.972139690628609
    },
    "Cactus_1920x1080_50_vp9.webm": {
        "psnr": 34.49122,
        "ssim": 0.8844719999999999,
        "vmaf": 77.23341074000001,
        "tssim": 0.8664137830069547,
        "tpsnr": 32.209868777013256,
        "fvd": 42.69866381152627,
        "movie_index": 41.88646646847347,
        "st_rred": 7.5627989642518045
    },
    "Kimono_1920x1080_24_vp9.webm": {
        "psnr": 39.116416666666666,
        "ssim": 0.9368125,
        "vmaf": 83.67367060833334,
        "tssim": 0.9216348111037262,
        "tpsnr": 36.76969180246776,
        "fvd": 26.529755510035557,
        "movie_index": 12.984227224685657,
        "st_rred": 3.7955544347206907
    },
    "ParkScene_1920x1080_24_vp9.webm": {
        "psnr": 36.28541666666667,
        "ssim": 0.9147083333333333,
        "vmaf": 83.42432591666667,
        "tssim": 0.908559047007337,
        "tpsnr": 34.69033285962987,
        "fvd": 21.43544534476939,
        "movie_index": 9.31586160451548,
        "st_rred": 4.915353725929721
    }
}