{
    "Beauty_1920x1080_120fps_420_8bit_YUV_vp9.webm": {
        "psnr": 39.636716666666665,
        "ssim": 0.9089999999999999,
        "vmaf": 85.31138624,
        "fvd": 40.23794290585022,
        "tssim": 0.9081344967958982,
        "tpsnr": 38.32628781887048,
        "movie_index": 2.2782719652471637,
        "st_rred": 7.15185592025375
    },
    "Bosphorus_1920x1080_120fps_420_8bit_YUV_vp9.webm": {
        "psnr": 43.38388333333334,
        "ssim": 0.9732083333333332,
        "vmaf": 91.55861956833333,
        "fvd": 12.812366909498678,
        "tssim": 0.964769988142807,
        "tpsnr": 41.41170579403987,
        "movie_index": 0.5998131022205536,
        "st_rred": 1.7993307387875745
    },
    "HoneyBee_1920x1080_120fps_420_8bit_YUV_vp9.webm": {
        "psnr": 43.56268333333333,
        "ssim": 0.9711716666666667,
        "vmaf": 93.41341973166666,
        "fvd": 5.239380421122263,
        "tssim": 0.9634493118859104,
        "tpsnr": 41.90723478415972,
        "movie_index": 0.36848075559770127,
        "st_rred": 3.4134625059389325
    },
    "Jockey_1920x1080_120fps_420_8bit_YUV_vp9.webm": {
        "psnr": 43.289883333333336,
        "ssim": 0.9649266666666667,
        "vmaf": 97.60017885333333,
        "fvd": 4.4673203722366,
        "tssim": 0.9432931849290451,
        "tpsnr": 36.421280652334374,
        "movie_index": 1.4419825249203857,
        "st_rred": 2.7625193418885097
    },
    "ReadySteadyGo_1920x1080_120fps_420_8bit_YUV_vp9.webm": {
        "psnr": 39.3973,
        "ssim": 0.9594283333333332,
        "vmaf": 98.20818759000001,
        "fvd": 8.965564752688806,
        "tssim": 0.9431828170886537,
        "tpsnr": 34.674320450211205,
        "movie_index": 2.026548367883009,
        "st_rred": 1.785715296732441
    },
    "ShakeNDry_1920x1080_120fps_420_8bit_YUV_vp9.webm": {
        "psnr": 39.765166666666666,
        "ssim": 0.9448866666666667,
        "vmaf": 80.99586339,
        "fvd": 38.134047305860804,
        "tssim": 0.9185383721906879,
        "tpsnr": 36.78658666578822,
        "movie_index": 1.6192048675938195,
        "st_rred": 3.5434783760404205
    },
    "YachtRide_1920x1080_120fps_420_8bit_YUV_vp9.webm": {
        "psnr": 36.734316666666665,
        "ssim": 0.9281383333333334,
        "vmaf": 75.49889652666666,
        "fvd": 35.95821133565778,
        "tssim": 0.9012257167637768,
        "tpsnr": 34.02167003421433,
        "movie_index": 2.1554131135717656,
        "st_rred": 2.554643637954653
    }
}