{
    "Beauty_1920x1080_120fps_420_8bit_YUV_vp9.webm": {
        "psnr": 39.37076666666667,
        "ssim": 0.90606,
        "vmaf": 82.09766887500001,
        "tssim": 0.9039033215048113,
        "tpsnr": 37.848363943211424
    },
    "Bosphorus_1920x1080_120fps_420_8bit_YUV_vp9.webm": {
        "psnr": 36.699216666666665,
        "ssim": 0.9157716666666667,
        "vmaf": 59.25645330333333,
        "tssim": 0.883584146107327,
        "tpsnr": 34.23307053593045
    },
    "HoneyBee_1920x1080_120fps_420_8bit_YUV_vp9.webm": {
        "psnr": 42.33283333333333,
        "ssim": 0.9643566666666668,
        "vmaf": 89.69158946499999,
        "tssim": 0.9563933098162427,
        "tpsnr": 40.759761179826896
    },
    "Jockey_1920x1080_120fps_420_8bit_YUV_vp9.webm": {
        "psnr": 36.50431666666667,
        "ssim": 0.9202316666666667,
        "vmaf": 58.41115459166667,
        "tssim": 0.8754629876785613,
        "tpsnr": 29.92103537812655
    },
    "ReadySteadyGo_1920x1080_120fps_420_8bit_YUV_vp9.webm": {
        "psnr": 31.154233333333334,
        "ssim": 0.856055,
        "vmaf": 58.20161121833333,
        "tssim": 0.8021464394873794,
        "tpsnr": 26.861841071229147
    },
    "ShakeNDry_1920x1080_120fps_420_8bit_YUV_vp9.webm": {
        "psnr": 34.0045,
        "ssim": 0.8591466666666667,
        "vmaf": 46.20091231,
        "tssim": 0.817031318151495,
        "tpsnr": 31.26180780850924
    },
    "YachtRide_1920x1080_120fps_420_8bit_YUV_vp9.webm": {
        "psnr": 30.835683333333332,
        "ssim": 0.8356816666666667,
        "vmaf": 38.007265939999996,
        "tssim": 0.7731932513794492,
        "tpsnr": 27.9945069250957
    }
}