{
    "BallUnderWater_1920x1080_60fps_vp9.webm": {
        "psnr": 46.60596666666667,
        "ssim": 0.9850266666666666,
        "vmaf": 96.35082631666667,
        "fvd": 7.414529835120561,
        "st_rred": 0.7252543782988905,
        "movie_index": 0.7043324522300309
    },
    "Bookcase_1920x1080_60fps_vp9.webm": {
        "psnr": 44.025999999999996,
        "ssim": 0.9837566666666667,
        "vmaf": 99.98386788333333,
        "fvd": 0.7788391708834297,
        "st_rred": 0.13108435516149797,
        "movie_index": 1.5242572945844768
    },
    "Boxing_1920x1080_30fps_vp9.webm": {
        "psnr": 43.1458,
        "ssim": 0.9731533333333332,
        "vmaf": 99.93914961333333,
        "fvd": 7.253305785222665,
        "st_rred": 2.4850093543289304,
        "movie_index": 1.3151714349753105
    },
    "BricksLeaves_1920x1080_60fps_vp9.webm": {
        "psnr": 36.535700000000006,
        "ssim": 0.9556133333333332,
        "vmaf": 91.68937026666667,
        "fvd": 7.193621714902918,
        "st_rred": 2.442023240243973,
        "movie_index": 1.6869878250432753
    },
    "BridgeRiver_1920x1080_30fps_vp9.webm": {
        "psnr": 33.73693333333333,
        "ssim": 0.9367,
        "vmaf": 80.41203638,
        "fvd": 114.30007754338232,
        "st_rred": 4.481937951656445,
        "movie_index": 2.6874306971494786
    },
    "BubblesPitcher_1920x1080_60fps_vp9.webm": {
        "psnr": 44.30536666666667,
        "ssim": 0.97303,
        "vmaf": 83.29979547333333,
        "fvd": 31.698419938203187,
        "st_rred": 1.0121021515154247,
        "movie_index": 0.5689367402070841
    },
    "CalmingWater_1920x1080_60fps_vp9.webm": {
        "psnr": 31.949800000000003,
        "ssim": 0.80706,
        "vmaf": 54.167692646666666,
        "fvd": 21.994509306507666,
        "st_rred": 4.791630649758883,
        "movie_index": 4.728076689319068
    },
    "CarpetCircleFast_1920x1080_60fps_vp9.webm": {
        "psnr": 45.23453333333334,
        "ssim": 0.97541,
        "vmaf": 89.77122910666667,
        "fvd": 0.756608601160849,
        "st_rred": 0.33675899374586926,
        "movie_index": 1.480994531442489
    },
    "CloudsZoom_1920x1080_60fps_vp9.webm": {
        "psnr": 58.5206,
        "ssim": 0.9988600000000001,
        "vmaf": 94.27785722333333,
        "fvd": 0.12086514430761319,
        "st_rred": 0.037521744646506816,
        "movie_index": 0.15965397138441337
    },
    "DiverFishAndRock_1920x1080_30fps_vp9.webm": {
        "psnr": 43.846266666666665,
        "ssim": 0.98124,
        "vmaf": 98.71365665333333,
        "fvd": 9.672747796002568,
        "st_rred": 1.744535906687588,
        "movie_index": 3.3695107152398
    },
    "Diver_1920x1080_30fps_vp9.webm": {
        "psnr": 47.37226666666667,
        "ssim": 0.9844733333333333,
        "vmaf": 97.7763925,
        "fvd": 12.434293180157056,
        "st_rred": 1.8348968502723917,
        "movie_index": 2.6507558094325083
    },
    "FishAndRock_1920x1080_30fps_vp9.webm": {
        "psnr": 42.5544,
        "ssim": 0.9752066666666667,
        "vmaf": 96.63873336666666,
        "fvd": 14.440189794163075,
        "st_rred": 1.792667701514901,
        "movie_index": 1.1628541262857865
    },
    "Fountain_1920x1080_50fps_vp9.webm": {
        "psnr": 35.24584,
        "ssim": 0.855964,
        "vmaf": 74.010101236,
        "fvd": 104.97254132502235,
        "st_rred": 8.322326881693442,
        "movie_index": 2.2182901036069094
    },
    "Grass_1920x1080_60fps_vp9.webm": {
        "psnr": 34.69826666666666,
        "ssim": 0.9371966666666667,
        "vmaf": 82.24940574,
        "fvd": 4.518978124753705,
        "st_rred": 2.9467907107195472,
        "movie_index": 1.3113433038660116
    },
    "Hamster_1920x1080_60fps_vp9.webm": {
        "psnr": 45.05996666666667,
        "ssim": 0.9862666666666666,
        "vmaf": 99.10622982666666,
        "fvd": 3.0515765628321105,
        "st_rred": 0.1942579893046279,
        "movie_index": 1.1332523618204937
    },
    "KineticFastPainting_1920x1080_60fps_vp9.webm": {
        "psnr": 37.87916666666667,
        "ssim": 0.9393966666666668,
        "vmaf": 91.45203730333333,
        "fvd": 4.776830601751755,
        "st_rred": 0.19250322185921576,
        "movie_index": 3.936534512401823
    },
    "Lightreef_1920x1080_30fps_vp9.webm": {
        "psnr": 33.867533333333334,
        "ssim": 0.9092,
        "vmaf": 89.24513723333334,
        "fvd": 27.975829908651576,
        "st_rred": 4.023553640913708,
        "movie_index": 8.240047949822557
    },
    "MartialArts_1920x1080_60fps_vp9.webm": {
        "psnr": 50.250766666666664,
        "ssim": 0.9933133333333333,
        "vmaf": 97.49741725666667,
        "fvd": 2.6521875982145957,
        "st_rred": 0.27650198539885906,
        "movie_index": 0.37188158453407894
    },
    "Music_1920x1080_30fps_vp9.webm": {
        "psnr": 44.379666666666665,
        "ssim": 0.9754066666666668,
        "vmaf": 97.27625210666666,
        "fvd": 10.76690987026177,
        "st_rred": 1.6747338634880684,
        "movie_index": 9.077260554786896
    },
    "PaintingTilting_1920x1080_60fps_vp9.webm": {
        "psnr": 37.75326666666667,
        "ssim": 0.9724133333333334,
        "vmaf": 99.98476992666667,
        "fvd": 2.9240770494152457,
        "st_rred": 0.5896097280716077,
        "movie_index": 1.8299918061801324
    },
    "ParkPlay_1920x1080_50fps_vp9.webm": {
        "psnr": 34.14328,
        "ssim": 0.8762000000000001,
        "vmaf": 86.604333716,
        "fvd": 19.611652209862314,
        "st_rred": 7.880729607349149,
        "movie_index": 2.7489270835396757
    },
    "PlasmaAveragePan_1920x1080_60fps_vp9.webm": {
        "psnr": 49.8561,
        "ssim": 0.9953366666666666,
        "vmaf": 93.73024483,
        "fvd": 1.9542965245596662,
        "st_rred": 0.059675275846614806,
        "movie_index": 0.15058847829500172
    },
    "PlasmaSlowRandom_1920x1080_60fps_vp9.webm": {
        "psnr": 63.81360000000001,
        "ssim": 0.9999333333333333,
        "vmaf": 96.46461705,
        "fvd": 0.09880275576037434,
        "st_rred": 0.010388414130348855,
        "movie_index": 0.012778003226629269
    },
    "RockWater_1920x1080_30fps_vp9.webm": {
        "psnr": 37.9202,
        "ssim": 0.9688066666666667,
        "vmaf": 95.15635164666666,
        "fvd": 25.061537262281036,
        "st_rred": 1.5798774647340323,
        "movie_index": 4.274998056608559
    },
    "RockWave_1920x1080_30fps_vp9.webm": {
        "psnr": 29.317666666666664,
        "ssim": 0.8828866666666666,
        "vmaf": 62.53968946,
        "fvd": 92.74012485461867,
        "st_rred": 7.5630917843925225,
        "movie_index": 5.00632142008051
    },
    "Rowing_1920x1080_30fps_vp9.webm": {
        "psnr": 33.510600000000004,
        "ssim": 0.8952333333333333,
        "vmaf": 65.41748107333333,
        "fvd": 110.63375530993017,
        "st_rred": 5.672733584148091,
        "movie_index": 4.978750634113414
    },
    "SmokeGuns_1920x1080_60fps_vp9.webm": {
        "psnr": 43.06296666666667,
        "ssim": 0.9691266666666667,
        "vmaf": 90.39169085333333,
        "fvd": 10.64804246479082,
        "st_rred": 1.2375336142659172,
        "movie_index": 1.248877317610393
    },
    "Surfers_1920x1080_30fps_vp9.webm": {
        "psnr": 40.199533333333335,
        "ssim": 0.9667399999999999,
        "vmaf": 90.62014669333334,
        "fvd": 26.36672920507874,
        "st_rred": 2.078155303014613,
        "movie_index": 3.7025045449501715
    },
    "Toys_1920x1080_30fps_vp9.webm": {
        "psnr": 39.790533333333336,
        "ssim": 0.9676799999999999,
        "vmaf": 99.89556775333334,
        "fvd": 16.84873014570303,
        "st_rred": 1.5344027557257576,
        "movie_index": 0.9668861007030378
    },
    "TreeGrassFamily_1920x1080_30fps_vp9.webm": {
        "psnr": 33.46146666666667,
        "ssim": 0.9118466666666668,
        "vmaf": 71.17794932,
        "fvd": 58.29864654970595,
        "st_rred": 4.101368682204061,