{
    "BallUnderWater_1920x1080_60fps_av1.mkv": {
        "psnr": 42.37043333333333,
        "ssim": 0.97645,
        "vmaf": 74.69247987333334,
        "fvd": 42.03792773940518
    },
    "Bookcase_1920x1080_60fps_av1.mkv": {
        "psnr": 40.38506666666667,
        "ssim": 0.9699500000000001,
        "vmaf": 99.92648541666667,
        "fvd": 3.684831615297071
    },
    "Boxing_1920x1080_30fps_av1.mkv": {
        "psnr": 39.5006,
        "ssim": 0.9599866666666667,
        "vmaf": 90.31816144,
        "fvd": 36.984383368711406
    },
    "BricksLeaves_1920x1080_60fps_av1.mkv": {
        "psnr": 29.955466666666666,
        "ssim": 0.8960166666666667,
        "vmaf": 69.63358530333333,
        "fvd": 80.59657811552327
    },
    "BridgeRiver_1920x1080_30fps_av1.mkv": {
        "psnr": 28.41073333333333,
        "ssim": 0.8674866666666666,
        "vmaf": 53.472047546666666,
        "fvd": 1140.4505432750364
    },
    "BubblesPitcher_1920x1080_60fps_av1.mkv": {
        "psnr": 39.62536666666667,
        "ssim": 0.94919,
        "vmaf": 53.32961730333333,
        "fvd": 195.2679061340691
    },
    "CalmingWater_1920x1080_60fps_av1.mkv": {
        "psnr": 27.665699999999998,
        "ssim": 0.6983066666666666,
        "vmaf": 17.75986977333333,
        "fvd": 203.85812993013468
    },
    "CarpetCircleFast_1920x1080_60fps_av1.mkv": {
        "psnr": 42.228199999999994,
        "ssim": 0.95745,
        "vmaf": 68.80527561666668,
        "fvd": 6.678449877300068
    },
    "CloudsZoom_1920x1080_60fps_av1.mkv": {
        "psnr": 54.97046666666667,
        "ssim": 0.9977533333333334,
        "vmaf": 90.9071452,
        "fvd": 0.7520175131463578
    },
    "DiverFishAndRock_1920x1080_30fps_av1.mkv": {
        "psnr": 39.218466666666664,
        "ssim": 0.9625866666666667,
        "vmaf": 85.17022391333333,
        "fvd": 61.33026716956283
    },
    "Diver_1920x1080_30fps_av1.mkv": {
        "psnr": 44.6098,
        "ssim": 0.97894,
        "vmaf": 88.62290529333335,
        "fvd": 84.9892080848424
    },
    "FishAndRock_1920x1080_30fps_av1.mkv": {
        "psnr": 38.421866666666666,
        "ssim": 0.9489466666666666,
        "vmaf": 81.80148272666666,
        "fvd": 61.99868604919902
    },
    "Fountain_1920x1080_50fps_av1.mkv": {
        "psnr": 32.94432,
        "ssim": 0.7984880000000001,
        "vmaf": 50.363452144,
        "fvd": 511.386670754816
    },
    "Grass_1920x1080_60fps_av1.mkv": {
        "psnr": 30.4519,
        "ssim": 0.8444733333333333,
        "vmaf": 63.92824746333333,
        "fvd": 100.36032282977985
    },
    "Hamster_1920x1080_60fps_av1.mkv": {
        "psnr": 40.49483333333333,
        "ssim": 0.9745533333333333,
        "vmaf": 88.00332913,
        "fvd": 30.603332350019286
    },
    "KineticFastPainting_1920x1080_60fps_av1.mkv": {
        "psnr": 30.6575,
        "ssim": 0.8327833333333333,
        "vmaf": 42.91969511666667,
        "fvd": 57.0083512413764
    },
    "Lightreef_1920x1080_30fps_av1.mkv": {
        "psnr": 29.90213333333333,
        "ssim": 0.8370466666666667,
        "vmaf": 64.46669406,
        "fvd": 198.07248033646397
    },
    "MartialArts_1920x1080_60fps_av1.mkv": {
        "psnr": 46.43763333333334,
        "ssim": 0.9891533333333332,
        "vmaf": 90.06679604,
        "fvd": 18.477529229316588
    },
    "Music_1920x1080_30fps_av1.mkv": {
        "psnr": 41.09793333333333,
        "ssim": 0.96436,
        "vmaf": 86.43357908666667,
        "fvd": 39.891429155909464
    },
    "PaintingTilting_1920x1080_60fps_av1.mkv": {
        "psnr": 34.0903,
        "ssim": 0.9406300000000001,
        "vmaf": 99.94230411666666,
        "fvd": 9.248076675880043
    },
    "ParkPlay_1920x1080_50fps_av1.mkv": {
        "psnr": 29.57572,
        "ssim": 0.769832,
        "vmaf": 43.691436644,
        "fvd": 218.0884378607377
    },
    "PlasmaAveragePan_1920x1080_60fps_av1.mkv": {
        "psnr": 44.16113333333333,
        "ssim": 0.9879966666666666,
        "vmaf": 77.97603111333333,
        "fvd": 15.841834205770198
    },
    "PlasmaSlowRandom_1920x1080_60fps_av1.mkv": {
        "psnr": 52.830799999999996,
        "ssim": 0.9979233333333334,
        "vmaf": 89.23837461333333,
        "fvd": 1.7858182711102302
    },
    "RockWater_1920x1080_30fps_av1.mkv": {
        "psnr": 32.662866666666666,
        "ssim": 0.92836,
        "vmaf": 70.96171918,
        "fvd": 132.69044169086737
    },
    "RockWave_1920x1080_30fps_av1.mkv": {
        "psnr": 24.704866666666668,
        "ssim": 0.7791933333333334,
        "vmaf": 20.477010326666665,
        "fvd": 383.25252279176686
    },
    "Rowing_1920x1080_30fps_av1.mkv": {
        "psnr": 28.122600000000002,
        "ssim": 0.8062933333333333,
        "vmaf": 15.975677366666666,
        "fvd": 757.4452488642601
    },
    "SmokeGuns_1920x1080_60fps_av1.mkv": {
        "psnr": 40.270266666666664,
        "ssim": 0.9569,
        "vmaf": 77.45368109333334,
        "fvd": 64.39355905717048
    },
    "Surfers_1920x1080_30fps_av1.mkv": {
        "psnr": 35.77686666666666,
        "ssim": 0.9335066666666667,
        "vmaf": 68.63288962,
        "fvd": 99.49913717279719
    },
    "Toys_1920x1080_30fps_av1.mkv": {
        "psnr": 34.25933333333333,
        "ssim": 0.9265133333333334,
        "vmaf": 80.36218972666667,
        "fvd": 68.62680961886463
    },
    "TreeGrassFamily_1920x1080_30fps_av1.mkv": {
        "psnr": 29.13,
        "ssim": 0.8259266666666666,
        "vmaf": 42.744759613333336,
        "fvd": 451.62673828012873
    },
    "TreeTrunk_1920x1080_50fps_av1.mkv": {
        "psnr": 32.63284,
        "ssim": 0.89986,
        "vmaf": 95.856400356,
        "fvd": 20.12257816671263
    },
    "Typing_1920x1080_60fps_av1.mkv": {
        "psnr": 45.14606666666666,
        "ssim": 0.98468,
        "vmaf": 92.03436658666666,
        "fvd": 18.502930265294424
    }
}