{
    "BasketballDrive_1920x1080_50_vp9.webm": {
        "psnr": 38.938019999999995,
        "ssim": 0.934744,
        "vmaf": 98.58918787399999,
        "fvd": 11.478502785336786,
        "tssim": 0.9216709238310596,
        "tpsnr": 36.51854854881883,
        "movie_index": 8.280106716052085,
        "st_rred": 5.113425474730331
    },
    "BQTerrace_1920x1080_60_vp9.webm": {
        "psnr": 36.46713333333333,
        "ssim": 0.9173950000000001,
        "vmaf": 96.61559433666666,
        "fvd": 32.91874127281244,
        "tssim": 0.9132725121662835,
        "tpsnr": 35.53838895437912,
        "movie_index": 95.80313364038234,
        "st_rred": 6.999715570001143
    },
    "Cactus_1920x1080_50_vp9.webm": {
        "psnr": 38.13794,
        "ssim": 0.928262,
        "vmaf": 95.092186712,
        "fvd": 13.888235710885823,
        "tssim": 0.9257157368410976,
        "tpsnr": 36.70079236231251,
        "movie_index": 37.449659009525675,
        "st_rred": 5.906423026813659
    },
    "Kimono_1920x1080_24_vp9.webm": {
        "psnr": 43.02091666666667,
        "ssim": 0.965925,
        "vmaf": 98.62484506666667,
        "fvd": 7.86549263937809,
        "tssim": 0.9634551468329449,
        "tpsnr": 41.84819057895549,
        "movie_index": 11.133008084941858,
        "st_rred": 2.9483854320691734
    },
    "ParkScene_1920x1080_24_vp9.webm": {
        "psnr": 40.93625,
        "ssim": 0.9605583333333333,
        "vmaf": 96.76487477083333,
        "fvd": 6.047707800072885,
        "tssim": 0.9603991440892327,
        "tpsnr": 40.00441979763398,
        "movie_index": 8.178422837467497,
        "st_rred": 2.6137343627587057
    }
}