{
    "BallUnderWater_1920x1080_60fps_av1.mkv": {
        "psnr": 47.405166666666666,
        "ssim": 0.9867,
        "vmaf": 98.53403371666667,
        "fvd": 10.011883835724802
    },
    "Bookcase_1920x1080_60fps_av1.mkv": {
        "psnr": 45.40146666666667,
        "ssim": 0.9878533333333334,
        "vmaf": 99.98128744,
        "fvd": 0.8467766642420429
    },
    "Boxing_1920x1080_30fps_av1.mkv": {
        "psnr": 43.91506666666667,
        "ssim": 0.9767,
        "vmaf": 99.95121857333334,
        "fvd": 9.697529128670567
    },
    "BricksLeaves_1920x1080_60fps_av1.mkv": {
        "psnr": 38.80993333333333,
        "ssim": 0.9736899999999999,
        "vmaf": 96.35214762333334,
        "fvd": 7.818948153088911
    },
    "BridgeRiver_1920x1080_30fps_av1.mkv": {
        "psnr": 37.35713333333333,
        "ssim": 0.9620266666666667,
        "vmaf": 93.41678132666667,
        "fvd": 81.30112846945372
    },
    "BubblesPitcher_1920x1080_60fps_av1.mkv": {
        "psnr": 45.97246666666667,
        "ssim": 0.98259,
        "vmaf": 92.52659321333334,
        "fvd": 25.259346777887913
    },
    "CalmingWater_1920x1080_60fps_av1.mkv": {
        "psnr": 33.186733333333336,
        "ssim": 0.8442333333333333,
        "vmaf": 64.51765332666668,
        "fvd": 16.144125358416716
    },
    "CarpetCircleFast_1920x1080_60fps_av1.mkv": {
        "psnr": 45.88206666666667,
        "ssim": 0.9798233333333334,
        "vmaf": 90.68739967,
        "fvd": 1.0466967511138137
    },
    "CloudsZoom_1920x1080_60fps_av1.mkv": {
        "psnr": 58.44316666666667,
        "ssim": 0.9989166666666667,
        "vmaf": 93.44047234,
        "fvd": 0.42194027289484204
    },
    "DiverFishAndRock_1920x1080_30fps_av1.mkv": {
        "psnr": 44.7692,
        "ssim": 0.98388,
        "vmaf": 99.80251128666667,
        "fvd": 10.394218374358616
    },
    "Diver_1920x1080_30fps_av1.mkv": {
        "psnr": 47.54626666666666,
        "ssim": 0.9849666666666667,
        "vmaf": 97.82128460666667,
        "fvd": 12.942957129299884
    },
    "FishAndRock_1920x1080_30fps_av1.mkv": {
        "psnr": 43.300999999999995,
        "ssim": 0.9791066666666666,
        "vmaf": 98.77327477333334,
        "fvd": 11.3238579720919
    },
    "Fountain_1920x1080_50fps_av1.mkv": {
        "psnr": 36.10292,
        "ssim": 0.876896,
        "vmaf": 81.21663933599999,
        "fvd": 120.89888155212316
    },
    "Grass_1920x1080_60fps_av1.mkv": {
        "psnr": 36.9846,
        "ssim": 0.9628333333333332,
        "vmaf": 88.96022540333333,
        "fvd": 16.84749669548311
    },
    "Hamster_1920x1080_60fps_av1.mkv": {
        "psnr": 46.76553333333333,
        "ssim": 0.9905833333333334,
        "vmaf": 99.79840884666667,
        "fvd": 3.76669992581742
    },
    "KineticFastPainting_1920x1080_60fps_av1.mkv": {
        "psnr": 40.448933333333336,
        "ssim": 0.96387,
        "vmaf": 99.80195544666667,
        "fvd": 3.46257120697544
    },
    "Lightreef_1920x1080_30fps_av1.mkv": {
        "psnr": 34.75353333333333,
        "ssim": 0.9233666666666667,
        "vmaf": 94.20015804666667,
        "fvd": 32.814524533547
    },
    "MartialArts_1920x1080_60fps_av1.mkv": {
        "psnr": 50.7545,
        "ssim": 0.9945333333333334,
        "vmaf": 97.57325115666667,
        "fvd": 4.12195331757232
    },
    "Music_1920x1080_30fps_av1.mkv": {
        "psnr": 45.031200000000005,
        "ssim": 0.9784266666666668,
        "vmaf": 98.49700786666666,
        "fvd": 9.134876216859993
    },
    "PaintingTilting_1920x1080_60fps_av1.mkv": {
        "psnr": 39.29323333333333,
        "ssim": 0.9795433333333333,
        "vmaf": 99.98407817333333,
        "fvd": 2.932419555148499
    },
    "ParkPlay_1920x1080_50fps_av1.mkv": {
        "psnr": 35.280559999999994,
        "ssim": 0.89844,
        "vmaf": 92.64708689999999,
        "fvd": 28.717114045489325
    },
    "PlasmaAveragePan_1920x1080_60fps_av1.mkv": {
        "psnr": 53.04026666666667,
        "ssim": 0.9976666666666667,
        "vmaf": 97.41129570666666,
        "fvd": 0.6608575638098841
    },
    "PlasmaSlowRandom_1920x1080_60fps_av1.mkv": {
        "psnr": 65.821,
        "ssim": 0.9999800000000001,
        "vmaf": 97.68475601,
        "fvd": 0.0681178973590022
    },
    "RockWater_1920x1080_30fps_av1.mkv": {
        "psnr": 39.74713333333333,
        "ssim": 0.97698,
        "vmaf": 99.89039234,
        "fvd": 18.61426114574715
    },
    "RockWave_1920x1080_30fps_av1.mkv": {
        "psnr": 31.4672,
        "ssim": 0.9202066666666667,
        "vmaf": 78.78534311333333,
        "fvd": 70.48422235346129
    },
    "Rowing_1920x1080_30fps_av1.mkv": {
        "psnr": 35.589000000000006,
        "ssim": 0.9269200000000001,
        "vmaf": 82.61272961333333,
        "fvd": 65.58963392127976
    },
    "SmokeGuns_1920x1080_60fps_av1.mkv": {
        "psnr": 44.29416666666667,
        "ssim": 0.9764633333333333,
        "vmaf": 93.6173732,
        "fvd": 19.96798547553624
    },
    "Surfers_1920x1080_30fps_av1.mkv": {
        "psnr": 42.35433333333333,
        "ssim": 0.9767,
        "vmaf": 97.16473405333333,
        "fvd": 18.349083454090874
    },
    "Toys_1920x1080_30fps_av1.mkv": {
        "psnr": 40.7712,
        "ssim": 0.9734200000000001,
        "vmaf": 99.95870179333333,
        "fvd": 13.715829448002523
    },
    "TreeGrassFamily_1920x1080_30fps_av1.mkv": {
        "psnr": 36.001,
        "ssim": 0.94226,
        "vmaf": 85.35267274,
        "fvd": 64.63808952395505
    },
    "TreeTrunk_1920x1080_50fps_av1.mkv": {
        "psnr": 37.46768,
        "ssim": 0.9549,
        "vmaf": 99.96412975999999,
        "fvd": 3.436968513515126
    },
    "Typing_1920x1080_60fps_av1.mkv": {
        "psnr": 48.65913333333333,
        "ssim": 0.9918633333333334,
        "vmaf": 96.73186441333334,
        "fvd": 6.904910017802592
    }
}