{
    "BasketballDrive_1920x1080_50_av1.mkv": {
        "psnr": 37.914379999999994,
        "ssim": 0.927532,
        "vmaf": 94.841089682,
        "fvd": 22.76893179875333,
        "tssim": 0.9034740941418713,
        "tpsnr": 33.78403473664859,
        "movie_index": 6.896137523985578,
        "st_rred": 6.785691416741663
    },
    "BQTerrace_1920x1080_60_av1.mkv": {
        "psnr": 36.43195,
        "ssim": 0.92004,
        "vmaf": 97.264503385,
        "fvd": 51.37045375729895,
        "tssim": 0.9114673680082203,
        "tpsnr": 35.032685663544875,
        "movie_index": 115.60584588389912,
        "st_rred": 8.800472587894582
    },
    "Cactus_1920x1080_50_av1.mkv": {
        "psnr": 37.59632,
        "ssim": 0.9241779999999999,
        "vmaf": 93.1542643,
        "fvd": 23.11060255015309,
        "tssim": 0.9192806516994726,
        "tpsnr": 35.63415360689641,
        "movie_index": 41.02460625854308,
        "st_rred": 7.328279572014399
    },
    "Kimono_1920x1080_24_av1.mkv": {
        "psnr": 41.76616666666666,
        "ssim": 0.9590708333333333,
        "vmaf": 95.71458695833333,
        "fvd": 12.139253258446843,
        "tssim": 0.9539677192136838,
        "tpsnr": 39.780581183014554,
        "movie_index": 13.95988508076972,
        "st_rred": 3.949287238110342
    },
    "ParkScene_1920x1080_24_av1.mkv": {
        "psnr": 39.40320833333333,
        "ssim": 0.9518291666666666,
        "vmaf": 94.75844594583333,
        "fvd": 10.76217142350265,
        "tssim": 0.9523867419181776,
        "tpsnr": 38.1112759961244,
        "movie_index": 9.22290829581571,
        "st_rred": 4.183180380545441
    }
}