{
    "Beauty_1920x1080_120fps_420_8bit_YUV_h264.mp4": {
        "psnr": 34.833333333333336,
        "ssim": 0.8669749999999999,
        "vmaf": 34.970868960000004,
        "tssim": 0.8413105116432814,
        "tpsnr": 32.04073209555599,
        "fvd": 313.97206117520614,
        "movie_index": 2.7007053843225184,
        "st_rred": 9.681934147116632
    },
    "Bosphorus_1920x1080_120fps_420_8bit_YUV_h264.mp4": {
        "psnr": 34.411116666666665,
        "ssim": 0.888085,
        "vmaf": 42.002407425,
        "tssim": 0.8378304209638979,
        "tpsnr": 31.618132688366313,
        "fvd": 299.09655547254647,
        "movie_index": 1.3792383434975486,
        "st_rred": 13.997938026378442
    },
    "HoneyBee_1920x1080_120fps_420_8bit_YUV_h264.mp4": {
        "psnr": 36.577533333333335,
        "ssim": 0.9172049999999999,
        "vmaf": 58.90399445999999,
        "tssim": 0.8963115159533808,
        "tpsnr": 34.56298547913515,
        "fvd": 55.73631109298469,
        "movie_index": 0.7784304164088827,
        "st_rred": 29.818553717624496
    },
    "Jockey_1920x1080_120fps_420_8bit_YUV_h264.mp4": {
        "psnr": 30.903483333333334,
        "ssim": 0.8729883333333334,
        "vmaf": 29.15453093833333,
        "tssim": 0.8101730691228065,
        "tpsnr": 25.967679381967585,
        "fvd": 732.043403969376,
        "movie_index": 3.5696329536143447,
        "st_rred": 17.52941190535605
    },
    "ReadySteadyGo_1920x1080_120fps_420_8bit_YUV_h264.mp4": {
        "psnr": 26.714616666666668,
        "ssim": 0.7724616666666666,
        "vmaf": 27.854015760000003,
        "tssim": 0.6794032393629214,
        "tpsnr": 22.745306947991526,
        "fvd": 468.24656492381246,
        "movie_index": 4.668109996838243,
        "st_rred": 17.08875107817714
    },
    "ShakeNDry_1920x1080_120fps_420_8bit_YUV_h264.mp4": {
        "psnr": 32.157000000000004,
        "ssim": 0.8211,
        "vmaf": 32.43060881666667,
        "tssim": 0.7581188802078925,
        "tpsnr": 29.301047774860294,
        "fvd": 340.47585182647003,
        "movie_index": 1.586090496999763,
        "st_rred": 19.031301601486156
    },
    "YachtRide_1920x1080_120fps_420_8bit_YUV_h264.mp4": {
        "psnr": 28.85081666666667,
        "ssim": 0.797545,
        "vmaf": 22.619761935,
        "tssim": 0.717448712080887,
        "tpsnr": 25.91957606218494,
        "fvd": 470.1135542662937,
        "movie_index": 2.6457918634597766,
        "st_rred": 13.295462164174598
    }
}