{
    "BallUnderWater_1920x1080_60fps_av1.mkv": {
        "psnr": 46.12136666666667,
        "ssim": 0.9843999999999999,
        "vmaf": 94.70441905666667,
        "fvd": 13.608540028445702
    },
    "Bookcase_1920x1080_60fps_av1.mkv": {
        "psnr": 44.3059,
        "ssim": 0.9851833333333334,
        "vmaf": 99.97835528666667,
        "fvd": 0.9861224151659371
    },
    "Boxing_1920x1080_30fps_av1.mkv": {
        "psnr": 42.90626666666667,
        "ssim": 0.9734666666666667,
        "vmaf": 99.91036271333333,
        "fvd": 12.707895955936237
    },
    "BricksLeaves_1920x1080_60fps_av1.mkv": {
        "psnr": 36.56803333333333,
        "ssim": 0.9616966666666668,
        "vmaf": 90.66576286,
        "fvd": 19.708798468033137
    },
    "BridgeRiver_1920x1080_30fps_av1.mkv": {
        "psnr": 33.9714,
        "ssim": 0.9415533333333334,
        "vmaf": 82.49224064666666,
        "fvd": 165.79914329299442
    },
    "BubblesPitcher_1920x1080_60fps_av1.mkv": {
        "psnr": 43.80603333333333,
        "ssim": 0.9742633333333334,
        "vmaf": 83.74534315,
        "fvd": 52.655892832069185
    },
    "CalmingWater_1920x1080_60fps_av1.mkv": {
        "psnr": 31.305799999999998,
        "ssim": 0.7961,
        "vmaf": 46.365600906666664,
        "fvd": 29.075979684051333
    },
    "CarpetCircleFast_1920x1080_60fps_av1.mkv": {
        "psnr": 45.036966666666665,
        "ssim": 0.9759899999999999,
        "vmaf": 86.77228883,
        "fvd": 1.7710812608804645
    },
    "CloudsZoom_1920x1080_60fps_av1.mkv": {
        "psnr": 57.121500000000005,
        "ssim": 0.99831,
        "vmaf": 92.58845952,
        "fvd": 0.45328890635360075
    },
    "DiverFishAndRock_1920x1080_30fps_av1.mkv": {
        "psnr": 43.36213333333333,
        "ssim": 0.98008,
        "vmaf": 98.41305234,
        "fvd": 17.363229313249576
    },
    "Diver_1920x1080_30fps_av1.mkv": {
        "psnr": 46.64313333333334,
        "ssim": 0.9829999999999999,
        "vmaf": 96.35534392666668,
        "fvd": 19.085111235036493
    },
    "FishAndRock_1920x1080_30fps_av1.mkv": {
        "psnr": 42.22913333333333,
        "ssim": 0.97492,
        "vmaf": 96.27454764,
        "fvd": 15.767448371965202
    },
    "Fountain_1920x1080_50fps_av1.mkv": {
        "psnr": 35.0376,
        "ssim": 0.85226,
        "vmaf": 71.70713262000001,
        "fvd": 182.78053561843808
    },
    "Grass_1920x1080_60fps_av1.mkv": {
        "psnr": 35.1033,
        "ssim": 0.9445166666666666,
        "vmaf": 84.10420080666667,
        "fvd": 32.07080440664539
    },
    "Hamster_1920x1080_60fps_av1.mkv": {
        "psnr": 45.0405,
        "ssim": 0.9873199999999999,
        "vmaf": 98.90334384666667,
        "fvd": 6.551377435060317
    },
    "KineticFastPainting_1920x1080_60fps_av1.mkv": {
        "psnr": 37.426433333333335,
        "ssim": 0.9385066666666667,
        "vmaf": 89.05534349666667,
        "fvd": 8.193066131155064
    },
    "Lightreef_1920x1080_30fps_av1.mkv": {
        "psnr": 33.4,
        "ssim": 0.9073,
        "vmaf": 87.40159397333333,
        "fvd": 50.67582749360781
    },
    "MartialArts_1920x1080_60fps_av1.mkv": {
        "psnr": 49.584666666666664,
        "ssim": 0.9933766666666666,
        "vmaf": 96.32708313,
        "fvd": 6.107140162980954
    },
    "Music_1920x1080_30fps_av1.mkv": {
        "psnr": 43.96153333333333,
        "ssim": 0.9751333333333334,
        "vmaf": 96.52545515333334,
        "fvd": 16.589863967081783
    },
    "PaintingTilting_1920x1080_60fps_av1.mkv": {
        "psnr": 38.625566666666664,
        "ssim": 0.97647,
        "vmaf": 99.98175893,
        "fvd": 3.774390670441221
    },
    "ParkPlay_1920x1080_50fps_av1.mkv": {
        "psnr": 33.664,
        "ssim": 0.870564,
        "vmaf": 81.86255408400001,
        "fvd": 47.79383769019205
    },
    "PlasmaAveragePan_1920x1080_60fps_av1.mkv": {
        "psnr": 49.837133333333334,
        "ssim": 0.9956133333333335,
        "vmaf": 94.42287388,
        "fvd": 1.7095619311262027
    },
    "PlasmaSlowRandom_1920x1080_60fps_av1.mkv": {
        "psnr": 60.24536666666667,
        "ssim": 0.9996166666666666,
        "vmaf": 96.29985308666666,
        "fvd": 0.2622893175642673
    },
    "RockWater_1920x1080_30fps_av1.mkv": {
        "psnr": 37.84073333333333,
        "ssim": 0.9682799999999999,
        "vmaf": 96.43915118666666,
        "fvd": 37.72134659208132
    },
    "RockWave_1920x1080_30fps_av1.mkv": {
        "psnr": 28.60346666666667,
        "ssim": 0.8754333333333333,
        "vmaf": 57.79473302666667,
        "fvd": 161.59826594901688
    },
    "Rowing_1920x1080_30fps_av1.mkv": {
        "psnr": 32.656533333333336,
        "ssim": 0.8897800000000001,
        "vmaf": 61.557395146666664,
        "fvd": 134.40714882176394
    },
    "SmokeGuns_1920x1080_60fps_av1.mkv": {
        "psnr": 43.3538,
        "ssim": 0.9726166666666666,
        "vmaf": 90.90909150666667,
        "fvd": 28.420867291867467
    },
    "Surfers_1920x1080_30fps_av1.mkv": {
        "psnr": 40.16133333333333,
        "ssim": 0.9675599999999999,
        "vmaf": 90.71552222666666,
        "fvd": 34.611609590460375
    },
    "Toys_1920x1080_30fps_av1.mkv": {
        "psnr": 39.183933333333336,
        "ssim": 0.9663333333333333,
        "vmaf": 99.87113824,
        "fvd": 18.647748190920993
    },
    "TreeGrassFamily_1920x1080_30fps_av1.mkv": {
        "psnr": 33.5784,
        "ssim": 0.9168533333333333,
        "vmaf": 73.0737163,
        "fvd": 97.68682956898544
    },
    "TreeTrunk_1920x1080_50fps_av1.mkv": {
        "psnr": 36.791599999999995,
        "ssim": 0.9488,
        "vmaf": 99.958785548,
        "fvd": 5.681372303978094
    },
    "Typing_1920x1080_60fps_av1.mkv": {
        "psnr": 47.865766666666666,
        "ssim": 0.9905866666666666,
        "vmaf": 96.04327729333333,
        "fvd": 11.51784466959225
    }
}