{
    "BasketballDrive_1920x1080_50_h264.mp4": {
        "psnr": 38.27646,
        "ssim": 0.9301940000000001,
        "vmaf": 98.092000206
    },
    "BQTerrace_1920x1080_60_h264.mp4": {
        "psnr": 35.6674,
        "ssim": 0.9092883333333333,
        "vmaf": 95.33311120666667
    },
    "Cactus_1920x1080_50_h264.mp4": {
        "psnr": 37.77934,
        "ssim": 0.925332,
        "vmaf": 95.043809652
    },
    "Kimono_1920x1080_24_h264.mp4": {
        "psnr": 42.165375000000004,
        "ssim": 0.9616374999999999,
        "vmaf": 97.744111725
    },
    "ParkScene_1920x1080_24_h264.mp4": {
        "psnr": 40.112375,
        "ssim": 0.956325,
        "vmaf": 95.76444795416666
    }
}