{
    "BallUnderWater_1920x1080_60fps_hevc.mp4": {
        "psnr": 42.8652,
        "ssim": 0.9750966666666666,
        "vmaf": 83.64385681666667,
        "fvd": 17.00287802761875,
        "st_rred": 0.7508332363773444,
        "movie_index": 0.5223857542144814
    },
    "Bookcase_1920x1080_60fps_hevc.mp4": {
        "psnr": 40.64903333333333,
        "ssim": 0.9690033333333332,
        "vmaf": 99.87567709666668,
        "fvd": 2.8240442688997973,
        "st_rred": 0.3594221286425352,
        "movie_index": 1.7851416879772741
    },
    "Boxing_1920x1080_30fps_hevc.mp4": {
        "psnr": 39.88166666666667,
        "ssim": 0.9554733333333333,
        "vmaf": 95.46927548666666,
        "fvd": 20.921486530263792,
        "st_rred": 2.49767961836627,
        "movie_index": 0.9404375975163991
    },
    "BricksLeaves_1920x1080_60fps_hevc.mp4": {
        "psnr": 29.067766666666667,
        "ssim": 0.8580500000000001,
        "vmaf": 65.92853775333333,
        "fvd": 54.94915284741512,
        "st_rred": 6.2898923295845535,
        "movie_index": 3.3091415636814556
    },
    "BridgeRiver_1920x1080_30fps_hevc.mp4": {
        "psnr": 29.5954,
        "ssim": 0.8794,
        "vmaf": 59.65927299333334,
        "fvd": 318.3863044016455,
        "st_rred": 6.015280696067059,
        "movie_index": 1.360406986619002
    },
    "BubblesPitcher_1920x1080_60fps_hevc.mp4": {
        "psnr": 39.97533333333333,
        "ssim": 0.9486233333333333,
        "vmaf": 63.023693466666664,
        "fvd": 174.2211778137871,
        "st_rred": 1.2894353900755435,
        "movie_index": 0.7957233798294562
    },
    "CalmingWater_1920x1080_60fps_hevc.mp4": {
        "psnr": 27.52153333333333,
        "ssim": 0.6787066666666667,
        "vmaf": 24.60496205666667,
        "fvd": 174.85162882675246,
        "st_rred": 5.793004709607299,
        "movie_index": 3.505032029239629
    },
    "CarpetCircleFast_1920x1080_60fps_hevc.mp4": {
        "psnr": 42.635733333333334,
        "ssim": 0.96022,
        "vmaf": 78.12905922,
        "fvd": 3.184367571608334,
        "st_rred": 0.8730044744914451,
        "movie_index": 2.4630450302840874
    },
    "CloudsZoom_1920x1080_60fps_hevc.mp4": {
        "psnr": 54.05526666666667,
        "ssim": 0.99672,
        "vmaf": 91.52053791666667,
        "fvd": 3.278842556782596,
        "st_rred": 0.058178959324720836,
        "movie_index": 0.25928789429852495
    },
    "DiverFishAndRock_1920x1080_30fps_hevc.mp4": {
        "psnr": 39.837666666666664,
        "ssim": 0.9627866666666667,
        "vmaf": 89.93114154,
        "fvd": 33.142579814685405,
        "st_rred": 1.7000572403126455,
        "movie_index": 3.258064206814606
    },
    "Diver_1920x1080_30fps_hevc.mp4": {
        "psnr": 45.1714,
        "ssim": 0.9778333333333332,
        "vmaf": 93.97141237333334,
        "fvd": 20.993269379448975,
        "st_rred": 1.5060956401731698,
        "movie_index": 3.0702920065780215
    },
    "FishAndRock_1920x1080_30fps_hevc.mp4": {
        "psnr": 39.1996,
        "ssim": 0.9538933333333334,
        "vmaf": 87.21912076666666,
        "fvd": 39.64968239481095,
        "st_rred": 2.1877341815809093,
        "movie_index": 1.207542561044629
    },
    "Fountain_1920x1080_50fps_hevc.mp4": {
        "psnr": 32.7022,
        "ssim": 0.791344,
        "vmaf": 55.291604008,
        "fvd": 203.8021552090172,
        "st_rred": 9.547389500006199,
        "movie_index": 1.7429366815521057
    },
    "Grass_1920x1080_60fps_hevc.mp4": {
        "psnr": 29.3661,
        "ssim": 0.8141666666666667,
        "vmaf": 58.51747208,
        "fvd": 30.55143980860634,
        "st_rred": 7.4310712581676555,
        "movie_index": 2.2778896592482676
    },
    "Hamster_1920x1080_60fps_hevc.mp4": {
        "psnr": 40.31936666666667,
        "ssim": 0.97023,
        "vmaf": 88.40385588,
        "fvd": 15.571598004741077,
        "st_rred": 0.5191707422805116,
        "movie_index": 0.840058215685114
    },
    "KineticFastPainting_1920x1080_60fps_hevc.mp4": {
        "psnr": 32.21276666666667,
        "ssim": 0.8571899999999999,
        "vmaf": 57.88110297000001,
        "fvd": 24.910083106616526,
        "st_rred": 1.450097869871449,
        "movie_index": 3.9485443615195743
    },
    "Lightreef_1920x1080_30fps_hevc.mp4": {
        "psnr": 30.301599999999997,
        "ssim": 0.8397733333333333,
        "vmaf": 70.33587570666667,
        "fvd": 106.57459631039183,
        "st_rred": 6.433860450154668,
        "movie_index": 9.52055285601008
    },
    "MartialArts_1920x1080_60fps_hevc.mp4": {
        "psnr": 46.70543333333333,
        "ssim": 0.9871066666666667,
        "vmaf": 93.28130971666667,
        "fvd": 13.435478896627956,
        "st_rred": 0.5745566821245709,
        "movie_index": 0.7635136033754085
    },
    "Music_1920x1080_30fps_hevc.mp4": {
        "psnr": 41.512,
        "ssim": 0.9619466666666667,
        "vmaf": 91.54607544,
        "fvd": 26.289467538862027,
        "st_rred": 1.696504640849838,
        "movie_index": 8.485485164761144
    },
    "PaintingTilting_1920x1080_60fps_hevc.mp4": {
        "psnr": 33.67256666666667,
        "ssim": 0.9330033333333334,
        "vmaf": 96.46699628666667,
        "fvd": 14.234241422290893,
        "st_rred": 1.5119201463511729,
        "movie_index": 2.780457198831648
    },
    "ParkPlay_1920x1080_50fps_hevc.mp4": {
        "psnr": 30.28464,
        "ssim": 0.781248,
        "vmaf": 57.486619004,
        "fvd": 83.19682631537762,
        "st_rred": 10.572669765760573,
        "movie_index": 2.235717074459336
    },
    "PlasmaAveragePan_1920x1080_60fps_hevc.mp4": {
        "psnr": 44.6333,
        "ssim": 0.9877466666666667,
        "vmaf": 83.39781452666666,
        "fvd": 6.089720949823544,
        "st_rred": 0.026064772234609013,
        "movie_index": 0.19161462586958672
    },
    "PlasmaSlowRandom_1920x1080_60fps_hevc.mp4": {
        "psnr": 54.8878,
        "ssim": 0.99839,
        "vmaf": 92.9564195,
        "fvd": 1.3485177976316152,
        "st_rred": 0.011819177748272791,
        "movie_index": 0.03187057029231635
    },
    "RockWater_1920x1080_30fps_hevc.mp4": {
        "psnr": 33.06466666666667,
        "ssim": 0.9291400000000001,
        "vmaf": 75.7126631,
        "fvd": 116.86000444354886,
        "st_rred": 1.9006590747731735,
        "movie_index": 3.491062289516398
    },
    "RockWave_1920x1080_30fps_hevc.mp4": {
        "psnr": 25.7592,
        "ssim": 0.8086133333333333,
        "vmaf": 36.94550562,
        "fvd": 313.0305931630162,
        "st_rred": 10.260201356566068,
        "movie_index": 3.4568624456456845
    },
    "Rowing_1920x1080_30fps_hevc.mp4": {
        "psnr": 29.278333333333332,
        "ssim": 0.82224,
        "vmaf": 36.64489139333333,
        "fvd": 302.4799086319322,
        "st_rred": 6.612736928977817,
        "movie_index": 4.315094615389037
    },
    "SmokeGuns_1920x1080_60fps_hevc.mp4": {
        "psnr": 40.4952,
        "ssim": 0.9546599999999998,
        "vmaf": 82.15278815666667,
        "fvd": 41.24060476095519,
        "st_rred": 1.8222178603962789,
        "movie_index": 0.7718545570222032
    },
    "Surfers_1920x1080_30fps_hevc.mp4": {
        "psnr": 36.668200000000006,
        "ssim": 0.9427133333333334,
        "vmaf": 76.82598982666667,
        "fvd": 66.3449412004835,
        "st_rred": 2.262598854546429,
        "movie_index": 3.101773549846355
    },
    "Toys_1920x1080_30fps_hevc.mp4": {
        "psnr": 35.4382,
        "ssim": 0.9351466666666666,
        "vmaf": 87.45874829333334,
        "fvd": 67.07277519838385,
        "st_rred": 2.7860842301730315,
        "movie_index": 1.152835646931757
    },
    "TreeGrassFamily_1920x1080_30fps_hevc.mp4": {
        "psnr": 30.048733333333335,
        "ssim": 0.8442533333333333,
        "vmaf": 52.48923297333334,
        "fvd": 293.62434517613104,
        "st_rred": 6.6085323577364115,
        "movie_index": 0.8932465524881479
    },