{
    "BallUnderWater_1920x1080_60fps_hevc.mp4": {
        "psnr": 44.33813333333333,
        "ssim": 0.97887,
        "vmaf": 90.86371541,
        "fvd": 9.823582426573353,
        "st_rred": 0.6723612379377588,
        "movie_index": 0.4536701284324046
    },
    "Bookcase_1920x1080_60fps_hevc.mp4": {
        "psnr": 42.09023333333333,
        "ssim": 0.97622,
        "vmaf": 99.94561777,
        "fvd": 2.06415018787402,
        "st_rred": 0.2552038155412575,
        "movie_index": 1.6099454238761628
    },
    "Boxing_1920x1080_30fps_hevc.mp4": {
        "psnr": 41.30833333333333,
        "ssim": 0.9635400000000001,
        "vmaf": 99.0963339,
        "fvd": 15.89933819589396,
        "st_rred": 2.476527741700501,
        "movie_index": 0.8236076963827914
    },
    "BricksLeaves_1920x1080_60fps_hevc.mp4": {
        "psnr": 30.92073333333333,
        "ssim": 0.8915933333333333,
        "vmaf": 76.52338411333334,
        "fvd": 31.648574292526973,
        "st_rred": 5.23784963074575,
        "movie_index": 3.463750669240553
    },
    "BridgeRiver_1920x1080_30fps_hevc.mp4": {
        "psnr": 31.005133333333337,
        "ssim": 0.9026133333333333,
        "vmaf": 68.45157861333333,
        "fvd": 247.5575292540773,
        "st_rred": 4.872194954834356,
        "movie_index": 1.1507518811513915
    },
    "BubblesPitcher_1920x1080_60fps_hevc.mp4": {
        "psnr": 41.1411,
        "ssim": 0.9557500000000001,
        "vmaf": 71.12308687,
        "fvd": 131.21017831465315,
        "st_rred": 0.9976713745212962,
        "movie_index": 0.7026125471478322
    },
    "CalmingWater_1920x1080_60fps_hevc.mp4": {
        "psnr": 29.020366666666668,
        "ssim": 0.7238066666666666,
        "vmaf": 34.37852659333333,
        "fvd": 62.47200406658317,
        "st_rred": 5.39914107944692,
        "movie_index": 3.2780167605964636
    },
    "CarpetCircleFast_1920x1080_60fps_hevc.mp4": {
        "psnr": 43.630266666666664,
        "ssim": 0.9674166666666666,
        "vmaf": 83.8422955,
        "fvd": 2.894775628636779,
        "st_rred": 0.6895824655573417,
        "movie_index": 2.2192253881074913
    },
    "CloudsZoom_1920x1080_60fps_hevc.mp4": {
        "psnr": 54.84673333333333,
        "ssim": 0.9969466666666666,
        "vmaf": 92.28713402333334,
        "fvd": 3.32172689926772,
        "st_rred": 0.04255383319699052,
        "movie_index": 0.19944696290026043
    },
    "DiverFishAndRock_1920x1080_30fps_hevc.mp4": {
        "psnr": 41.428,
        "ssim": 0.9709466666666666,
        "vmaf": 94.88084186666667,
        "fvd": 19.115079636536393,
        "st_rred": 1.566203278198964,
        "movie_index": 3.2755691930151625
    },
    "Diver_1920x1080_30fps_hevc.mp4": {
        "psnr": 45.9002,
        "ssim": 0.9796999999999999,
        "vmaf": 96.17717181333333,
        "fvd": 14.965558785444955,
        "st_rred": 1.4561126215666196,
        "movie_index": 3.0391385887293207
    },
    "FishAndRock_1920x1080_30fps_hevc.mp4": {
        "psnr": 40.4692,
        "ssim": 0.96346,
        "vmaf": 91.99476440666666,
        "fvd": 37.89333868043957,
        "st_rred": 1.9068162161322384,
        "movie_index": 1.1938534187490508
    },
    "Fountain_1920x1080_50fps_hevc.mp4": {
        "psnr": 33.31572,
        "ssim": 0.8075840000000001,
        "vmaf": 62.204156391999994,
        "fvd": 160.32034845239218,
        "st_rred": 8.49838918271853,
        "movie_index": 1.6372982500547386
    },
    "Grass_1920x1080_60fps_hevc.mp4": {
        "psnr": 30.721766666666667,
        "ssim": 0.8586733333333333,
        "vmaf": 67.33901612666668,
        "fvd": 24.471188989202368,
        "st_rred": 6.30665531221398,
        "movie_index": 2.0613315539141763
    },
    "Hamster_1920x1080_60fps_hevc.mp4": {
        "psnr": 42.15443333333333,
        "ssim": 0.9775433333333332,
        "vmaf": 94.22048750333333,
        "fvd": 10.205307568438684,
        "st_rred": 0.42782997165835823,
        "movie_index": 0.7919083488824774
    },
    "KineticFastPainting_1920x1080_60fps_hevc.mp4": {
        "psnr": 34.13876666666666,
        "ssim": 0.8935633333333334,
        "vmaf": 71.59897958,
        "fvd": 19.694563962618417,
        "st_rred": 0.8004090188961506,
        "movie_index": 3.06208433983318
    },
    "Lightreef_1920x1080_30fps_hevc.mp4": {
        "psnr": 31.368266666666667,
        "ssim": 0.86492,
        "vmaf": 77.46414137333333,
        "fvd": 77.31859043353336,
        "st_rred": 5.399410477946251,
        "movie_index": 9.364683837498594
    },
    "MartialArts_1920x1080_60fps_hevc.mp4": {
        "psnr": 47.8198,
        "ssim": 0.9892899999999999,
        "vmaf": 95.26913534333333,
        "fvd": 8.908233258848554,
        "st_rred": 0.45777232202764306,
        "movie_index": 0.6980739125988157
    },
    "Music_1920x1080_30fps_hevc.mp4": {
        "psnr": 42.62213333333333,
        "ssim": 0.9674866666666666,
        "vmaf": 95.007852,
        "fvd": 15.882472685530956,
        "st_rred": 1.5784732936655903,
        "movie_index": 8.527053327943454
    },
    "PaintingTilting_1920x1080_60fps_hevc.mp4": {
        "psnr": 35.41526666666667,
        "ssim": 0.9527566666666667,
        "vmaf": 98.57263253333333,
        "fvd": 9.41833806954645,
        "st_rred": 1.0528972223512625,
        "movie_index": 2.4108012486685277
    },
    "ParkPlay_1920x1080_50fps_hevc.mp4": {
        "psnr": 31.3972,
        "ssim": 0.812436,
        "vmaf": 68.058421876,
        "fvd": 61.44560748192862,
        "st_rred": 9.093003239020902,
        "movie_index": 2.099070263196187
    },
    "PlasmaAveragePan_1920x1080_60fps_hevc.mp4": {
        "psnr": 46.89633333333333,
        "ssim": 0.99221,
        "vmaf": 89.85666308333333,
        "fvd": 2.3250573468216658,
        "st_rred": 0.013222053234719588,
        "movie_index": 0.15388174882675693
    },
    "PlasmaSlowRandom_1920x1080_60fps_hevc.mp4": {
        "psnr": 57.3605,
        "ssim": 0.9989833333333333,
        "vmaf": 94.87434711333334,
        "fvd": 0.8806995733942529,
        "st_rred": 0.01913624056138763,
        "movie_index": 0.024057537412277133
    },
    "RockWater_1920x1080_30fps_hevc.mp4": {
        "psnr": 34.756,
        "ssim": 0.9451799999999999,
        "vmaf": 85.4760654,
        "fvd": 63.68650118799519,
        "st_rred": 1.417711192932309,
        "movie_index": 3.351566553915907
    },
    "RockWave_1920x1080_30fps_hevc.mp4": {
        "psnr": 26.779,
        "ssim": 0.8391933333333332,
        "vmaf": 46.18325322,
        "fvd": 190.8033549805266,
        "st_rred": 7.629158789089473,
        "movie_index": 3.4003878239817267
    },
    "Rowing_1920x1080_30fps_hevc.mp4": {
        "psnr": 30.260466666666666,
        "ssim": 0.8423066666666666,
        "vmaf": 46.41397270666667,
        "fvd": 165.01344345303187,
        "st_rred": 4.866994694698192,
        "movie_index": 3.699863238222647
    },
    "SmokeGuns_1920x1080_60fps_hevc.mp4": {
        "psnr": 41.63456666666667,
        "ssim": 0.9618133333333333,
        "vmaf": 87.11409741333333,
        "fvd": 24.088682083956655,
        "st_rred": 1.710506410783287,
        "movie_index": 0.7631252939784806
    },
    "Surfers_1920x1080_30fps_hevc.mp4": {
        "psnr": 38.084133333333334,
        "ssim": 0.9540199999999999,
        "vmaf": 84.08481892666667,
        "fvd": 40.844041276871735,
        "st_rred": 2.011480299950634,
        "movie_index": 3.037309839721494
    },
    "Toys_1920x1080_30fps_hevc.mp4": {
        "psnr": 37.07993333333333,
        "ssim": 0.9498466666666667,
        "vmaf": 95.00255438666667,
        "fvd": 27.858447091222615,
        "st_rred": 2.294174836918618,
        "movie_index": 1.1399789402548899
    },
    "TreeGrassFamily_1920x1080_30fps_hevc.mp4": {
        "psnr": 31.278066666666668,
        "ssim": 0.87302,
        "vmaf": 61.373115186666666,
        "fvd": 172.40222415266504,
        "st_rred": 5.508399129484626,
        "movie_index": 0.847613011430574
    },