{
    "BasketballDrive_1920x1080_50_h264.mp4": {
        "psnr": 37.335800000000006,
        "ssim": 0.920162,
        "vmaf": 94.369592408,
        "tssim": 0.9069473285073285,
        "tpsnr": 34.92211167941351,
        "fvd": 14.254721454752826,
        "movie_index": 6.953162928561648,
        "st_rred": 5.407585951725984
    },
    "BQTerrace_1920x1080_60_h264.mp4": {
        "psnr": 35.13591666666667,
        "ssim": 0.9036250000000001,
        "vmaf": 93.84931486333333,
        "tssim": 0.8987286115295523,
        "tpsnr": 33.87014393495996,
        "fvd": 38.324800485794185,
        "movie_index": 115.55866578053403,
        "st_rred": 6.944698457635479
    },
    "Cactus_1920x1080_50_h264.mp4": {
        "psnr": 37.026019999999995,
        "ssim": 0.917356,
        "vmaf": 92.47528338,
        "tssim": 0.9122297172973521,
        "tpsnr": 35.39456936257158,
        "fvd": 20.3473721127763,
        "movie_index": 42.15170954475422,
        "st_rred": 5.942439894770253
    },
    "Kimono_1920x1080_24_h264.mp4": {
        "psnr": 41.477125,
        "ssim": 0.9573499999999999,
        "vmaf": 95.6458528125,
        "tssim": 0.953243629218729,
        "tpsnr": 39.89756770114021,
        "fvd": 7.755812035401732,
        "movie_index": 14.771008184982394,
        "st_rred": 2.7130716068484553
    },
    "ParkScene_1920x1080_24_h264.mp4": {
        "psnr": 39.047125,
        "ssim": 0.9477583333333333,
        "vmaf": 93.87481441666667,
        "tssim": 0.94918779775446,
        "tpsnr": 37.81019903526146,
        "fvd": 7.471269712283743,
        "movie_index": 9.309494972696614,
        "st_rred": 2.8130614424062017
    }
}