{
    "total_frames": 150,
    "frame_counts": {
        "I": 2,
        "P": 148
    },
    "frame_percentages": {
        "I": 1.3333333333333335,
        "P": 98.66666666666667
    }
}