{
    "total_frames": 300,
    "frame_counts": {
        "I": 3,
        "B": 59,
        "P": 238
    },
    "frame_percentages": {
        "I": 1.0,
        "B": 19.666666666666664,
        "P": 79.33333333333333
    }
}