{
    "total_frames": 300,
    "frame_counts": {
        "I": 2,
        "B": 205,
        "P": 93
    },
    "frame_percentages": {
        "I": 0.6666666666666667,
        "B": 68.33333333333333,
        "P": 31.0
    }
}