{
    "total_frames": 300,
    "frame_counts": {
        "I": 2,
        "B": 88,
        "P": 210
    },
    "frame_percentages": {
        "I": 0.6666666666666667,
        "B": 29.333333333333332,
        "P": 70.0
    }
}