{
    "total_frames": 150,
    "frame_counts": {
        "I": 2,
        "B": 110,
        "P": 38
    },
    "frame_percentages": {
        "I": 1.3333333333333335,
        "B": 73.33333333333333,
        "P": 25.333333333333336
    }
}