{
    "total_frames": 300,
    "frame_counts": {
        "I": 2,
        "B": 225,
        "P": 73
    },
    "frame_percentages": {
        "I": 0.6666666666666667,
        "B": 75.0,
        "P": 24.333333333333336
    }
}