{
    "total_frames": 150,
    "frame_counts": {
        "I": 1,
        "B": 118,
        "P": 31
    },
    "frame_percentages": {
        "I": 0.6666666666666667,
        "B": 78.66666666666666,
        "P": 20.666666666666668
    }
}