{
    "total_frames": 300,
    "frame_counts": {
        "I": 2,
        "B": 231,
        "P": 67
    },
    "frame_percentages": {
        "I": 0.6666666666666667,
        "B": 77.0,
        "P": 22.333333333333332
    }
}