{
    "total_frames": 300,
    "frame_counts": {
        "I": 2,
        "B": 224,
        "P": 74
    },
    "frame_percentages": {
        "I": 0.6666666666666667,
        "B": 74.66666666666667,
        "P": 24.666666666666668
    }
}