{
    "total_frames": 300,
    "frame_counts": {
        "I": 2,
        "B": 238,
        "P": 60
    },
    "frame_percentages": {
        "I": 0.6666666666666667,
        "B": 79.33333333333333,
        "P": 20.0
    }
}