{
    "total_frames": 240,
    "frame_counts": {
        "I": 2,
        "P": 238
    },
    "frame_percentages": {
        "I": 0.8333333333333334,
        "P": 99.16666666666667
    }
}