{
    "videos\\HEVC_CLASS_B\\BasketballDrive_1920x1080_50.y4m": 0.9989429791487157,
    "videos\\HEVC_CLASS_B\\BQTerrace_1920x1080_60.y4m": 0.9999113093969765,
    "videos\\HEVC_CLASS_B\\Cactus_1920x1080_50.y4m": 0.9963199011114092,
    "videos\\HEVC_CLASS_B\\Kimono_1920x1080_24.y4m": 0.9916801665408432,
    "videos\\HEVC_CLASS_B\\ParkScene_1920x1080_24.y4m": 0.9993452541674895
}