{
    "videos\\UVG\\Beauty_1920x1080_120fps_420_8bit_YUV.y4m": 0.9988206714621134,
    "videos\\UVG\\Bosphorus_1920x1080_120fps_420_8bit_YUV.y4m": 0.9998894978589897,
    "videos\\UVG\\HoneyBee_1920x1080_120fps_420_8bit_YUV.y4m": 0.9996559135918394,
    "videos\\UVG\\Jockey_1920x1080_120fps_420_8bit_YUV.y4m": 0.9990524170776032,
    "videos\\UVG\\ReadySteadyGo_1920x1080_120fps_420_8bit_YUV.y4m": 0.9995511831682177,
    "videos\\UVG\\ShakeNDry_1920x1080_120fps_420_8bit_YUV.y4m": 0.9995469027610915,
    "videos\\UVG\\YachtRide_1920x1080_120fps_420_8bit_YUV.y4m": 0.999913173897022
}