{
    "videos\\BVI-HD\\BallUnderWater_1920x1080_60fps.mp4": 410162.08821716363,
    "videos\\BVI-HD\\Bookcase_1920x1080_60fps.mp4": 389310.6157199501,
    "videos\\BVI-HD\\Boxing_1920x1080_30fps.mp4": 406625.30935809534,
    "videos\\BVI-HD\\BricksLeaves_1920x1080_60fps.mp4": 412001.5108626524,
    "videos\\BVI-HD\\BridgeRiver_1920x1080_30fps.mp4": 409104.6038825563,
    "videos\\BVI-HD\\BubblesPitcher_1920x1080_60fps.mp4": 377821.3385316387,
    "videos\\BVI-HD\\CalmingWater_1920x1080_60fps.mp4": 414249.8859760936,
    "videos\\BVI-HD\\CarpetCircleFast_1920x1080_60fps.mp4": 422888.3610800241,
    "videos\\BVI-HD\\CloudsZoom_1920x1080_60fps.mp4": 229731.18030482007,
    "videos\\BVI-HD\\DiverFishAndRock_1920x1080_30fps.mp4": 411021.39055877546,
    "videos\\BVI-HD\\Diver_1920x1080_30fps.mp4": 407424.62652516953,
    "videos\\BVI-HD\\FishAndRock_1920x1080_30fps.mp4": 420444.7711992568,
    "videos\\BVI-HD\\Fountain_1920x1080_50fps.mp4": 424554.10769465315,
    "videos\\BVI-HD\\Grass_1920x1080_60fps.mp4": 422150.05521889165,
    "videos\\BVI-HD\\Hamster_1920x1080_60fps.mp4": 291687.373662166,
    "videos\\BVI-HD\\KineticFastPainting_1920x1080_60fps.mp4": 410716.92873751547,
    "videos\\BVI-HD\\Lightreef_1920x1080_30fps.mp4": 408093.7878729433,
    "videos\\BVI-HD\\MartialArts_1920x1080_60fps.mp4": 347635.3781178351,
    "videos\\BVI-HD\\Music_1920x1080_30fps.mp4": 387457.4636911101,
    "videos\\BVI-HD\\PaintingTilting_1920x1080_60fps.mp4": 404041.5811289588,
    "videos\\BVI-HD\\ParkPlay_1920x1080_50fps.mp4": 414249.2173886622,
    "videos\\BVI-HD\\PlasmaAveragePan_1920x1080_60fps.mp4": 150035.3536335022,
    "videos\\BVI-HD\\PlasmaSlowRandom_1920x1080_60fps.mp4": 80122.65912252209,
    "videos\\BVI-HD\\RockWater_1920x1080_30fps.mp4": 414906.0240925506,
    "videos\\BVI-HD\\RockWave_1920x1080_30fps.mp4": 400598.1412530543,
    "videos\\BVI-HD\\Rowing_1920x1080_30fps.mp4": 414640.65416763356,
    "videos\\BVI-HD\\SmokeGuns_1920x1080_60fps.mp4": 416169.589964588,
    "videos\\BVI-HD\\Surfers_1920x1080_30fps.mp4": 410967.18704452674,
    "videos\\BVI-HD\\Toys_1920x1080_30fps.mp4": 417369.5681073002,
    "videos\\BVI-HD\\TreeGrassFamily_1920x1080_30fps.mp4": 420311.12001487176,
    "videos\\BVI-HD\\TreeTrunk_1920x1080_50fps.mp4": 405554.53961376444,
    "videos\\BVI-HD\\Typing_1920x1080_60fps.mp4": 377172.35205806943
}