{
    "2": 375173.87719587295,
    "4": 406873.74679205596,
    "3": 394232.2893997187,
    "1": 325772.26304455654
}