{
    "3": 419230.6303033554,
    "2": 418729.08298714604
}