{
    "videos\\HEVC_CLASS_B\\BasketballDrive_1920x1080_50.y4m": 419413.2695790196,
    "videos\\HEVC_CLASS_B\\BQTerrace_1920x1080_60.y4m": 419047.99102769117,
    "videos\\HEVC_CLASS_B\\Cactus_1920x1080_50.y4m": 415327.2843007667,
    "videos\\HEVC_CLASS_B\\Kimono_1920x1080_24.y4m": 420272.88535961666,
    "videos\\HEVC_CLASS_B\\ParkScene_1920x1080_24.y4m": 420587.07930105476
}