{
    "videos\\UVG\\Beauty_1920x1080_120fps_420_8bit_YUV.y4m": 426223.43945443904,
    "videos\\UVG\\Bosphorus_1920x1080_120fps_420_8bit_YUV.y4m": 407574.78877829347,
    "videos\\UVG\\HoneyBee_1920x1080_120fps_420_8bit_YUV.y4m": 418700.3532823423,
    "videos\\UVG\\Jockey_1920x1080_120fps_420_8bit_YUV.y4m": 418936.2062429067,
    "videos\\UVG\\ReadySteadyGo_1920x1080_120fps_420_8bit_YUV.y4m": 403596.4154505975,
    "videos\\UVG\\ShakeNDry_1920x1080_120fps_420_8bit_YUV.y4m": 420895.5341669597,
    "videos\\UVG\\YachtRide_1920x1080_120fps_420_8bit_YUV.y4m": 407671.9842406462
}