{
    "1": 418348.5289205086,
    "3": 418936.2062429067,
    "4": 403596.4154505975,
    "2": 407671.9842406462
}