{
    "total_frames": 150,
    "frame_counts": {
        "I": 1,
        "B": 117,
        "P": 32
    },
    "frame_percentages": {
        "I": 0.6666666666666667,
        "B": 78.0,
        "P": 21.333333333333336
    }
}