{
    "total_frames": 300,
    "frame_counts": {
        "I": 2,
        "B": 227,
        "P": 71
    },
    "frame_percentages": {
        "I": 0.6666666666666667,
        "B": 75.66666666666667,
        "P": 23.666666666666668
    }
}