{
    "total_frames": 300,
    "frame_counts": {
        "I": 2,
        "B": 46,
        "P": 252
    },
    "frame_percentages": {
        "I": 0.6666666666666667,
        "B": 15.333333333333332,
        "P": 84.0
    }
}